asn,split
11,train
14,train
16,train
24,train
43,train
44,train
49,train
50,train
68,train
70,train
87,train
104,train
109,train
111,train
122,train
127,train
160,train
174,train
209,train
286,train
288,train
291,train
292,train
377,train
557,train
701,train
714,train
721,train
766,train
786,train
800,train
812,train
818,train
820,train
833,train
890,train
905,train
930,train
1127,train
1200,train
1221,train
1237,train
1239,train
1416,train
1653,train
1659,train
1766,train
1781,train
1797,train
1798,train
1835,train
1887,train
1916,train
1999,train
2018,train
2024,train
2152,train
2385,train
2484,train
2486,train
2513,train
2516,train
2532,train
2536,train
2559,train
2576,train
2611,train
2698,train
2799,train
2818,train
2856,train
2906,train
2907,train
3132,train
3152,train
3215,train
3216,train
3280,train
3300,train
3337,train
3338,train
3352,train
3356,train
3428,train
3462,train
3477,train
3495,train
3499,train
3527,train
3582,train
3594,train
3598,train
3608,train
3614,train
3676,train
3705,train
3924,train
4046,train
4201,train
4230,train
4243,train
4549,train
4635,train
4666,train
4713,train
4756,train
4766,train
4788,train
4809,train
4837,train
4983,train
4985,train
5101,train
5408,train
5438,train
5495,train
5511,train
5576,train
5577,train
5607,train
5642,train
5662,train
5744,train
5766,train
6026,train
6057,train
6095,train
6102,train
6112,train
6127,train
6150,train
6167,train
6169,train
6185,train
6315,train
6341,train
6453,train
6461,train
6509,train
6597,train
6619,train
6642,train
6663,train
6695,train
6762,train
6816,train
6817,train
6830,train
6939,train
7155,train
7160,train
7163,train
7195,train
7276,train
7303,train
7311,train
7342,train
7382,train
7386,train
7417,train
7466,train
7473,train
7474,train
7481,train
7502,train
7557,train
7590,train
7646,train
7713,train
7734,train
7738,train
7743,train
7764,train
7792,train
7862,train
7896,train
7922,train
7968,train
7970,train
8012,train
8069,train
8070,train
8075,train
8104,train
8151,train
8179,train
8194,train
8240,train
8286,train
8315,train
8373,train
8517,train
8519,train
8714,train
8763,train
8798,train
8867,train
8904,train
8966,train
8987,train
9009,train
9016,train
9112,train
9121,train
9158,train
9177,train
9229,train
9261,train
9275,train
9276,train
9304,train
9401,train
9437,train
9446,train
9455,train
9458,train
9463,train
9489,train
9498,train
9570,train
9605,train
9606,train
9609,train
9641,train
9702,train
9703,train
9706,train
9735,train
9752,train
9772,train
9776,train
9854,train
9857,train
9908,train
9959,train
9970,train
9974,train
10021,train
10044,train
10050,train
10161,train
10166,train
10352,train
10405,train
10411,train
10420,train
10616,train
10671,train
10747,train
10754,train
10794,train
10897,train
10906,train
10954,train
11058,train
11109,train
11164,train
11284,train
11340,train
11406,train
11529,train
11643,train
11723,train
11888,train
11894,train
11952,train
11985,train
12037,train
12083,train
12102,train
12136,train
12187,train
12196,train
12564,train
12576,train
12684,train
12740,train
12891,train
12956,train
13057,train
13134,train
13302,train
13335,train
13424,train
13474,train
13475,train
13506,train
13611,train
13774,train
13781,train
13786,train
13788,train
14061,train
14086,train
14161,train
14222,train
14241,train
14495,train
14502,train
14593,train
14618,train
14650,train
14790,train
14977,train
15033,train
15072,train
15101,train
15169,train
15205,train
15383,train
15497,train
15557,train
15562,train
15669,train
15706,train
15757,train
15802,train
15937,train
15966,train
15991,train
16065,train
16115,train
16276,train
16395,train
16509,train
16532,train
16552,train
16569,train
16684,train
16686,train
16735,train
16780,train
17139,train
17147,train
17172,train
17306,train
17374,train
17390,train
17482,train
17547,train
17557,train
17564,train
17582,train
17584,train
17676,train
17841,train
17844,train
17851,train
18155,train
18300,train
18592,train
18733,train
18779,train
19422,train
19429,train
19722,train
19827,train
20055,train
20144,train
20294,train
20309,train
20331,train
20485,train
20491,train
20530,train
20548,train
20588,train
20595,train
20650,train
20759,train
20764,train
20868,train
20940,train
21096,train
21168,train
21203,train
21296,train
21342,train
21738,train
21924,train
21981,train
22047,train
22177,train
22178,train
22180,train
22246,train
22284,train
22363,train
22394,train
22515,train
22593,train
22612,train
22769,train
22798,train
22822,train
22975,train
22985,train
23033,train
23038,train
23059,train
23074,train
23128,train
23140,train
23258,train
23286,train
23454,train
23507,train
23520,train
23540,train
23585,train
23710,train
23711,train
23712,train
23713,train
23762,train
23888,train
23938,train
24047,train
24048,train
24050,train
24051,train
24190,train
24313,train
24389,train
24470,train
24482,train
24499,train
24508,train
24561,train
24595,train
24657,train
24689,train
24736,train
24789,train
24889,train
25094,train
25133,train
25309,train
25369,train
25373,train
25425,train
25698,train
25735,train
25755,train
25804,train
25829,train
25888,train
25992,train
25996,train
26356,train
26468,train
26496,train
26554,train
26593,train
26599,train
26615,train
26621,train
26723,train
26854,train
27030,train
27202,train
27277,train
27319,train
27320,train
27321,train
27322,train
27370,train
27475,train
27649,train
27655,train
27674,train
27678,train
27687,train
27730,train
27750,train
27764,train
27775,train
27797,train
27812,train
27822,train
27848,train
27859,train
27862,train
27894,train
27910,train
27913,train
27919,train
27949,train
27952,train
27957,train
27961,train
27967,train
27999,train
28033,train
28035,train
28059,train
28069,train
28070,train
28074,train
28079,train
28089,train
28100,train
28181,train
28196,train
28248,train
28349,train
28468,train
28507,train
28517,train
28581,train
28629,train
28672,train
28681,train
28749,train
29139,train
29286,train
29325,train
29465,train
29617,train
29673,train
29791,train
29860,train
29894,train
29992,train
30081,train
30125,train
30128,train
30130,train
30131,train
30133,train
30188,train
30313,train
30453,train
30511,train
30636,train
30786,train
30844,train
30885,train
30971,train
30992,train
31034,train
31069,train
31079,train
31133,train
31167,train
31313,train
31581,train
31614,train
31621,train
31747,train
31767,train
31958,train
31981,train
32027,train
32071,train
32082,train
32568,train
32612,train
32934,train
32982,train
33000,train
33071,train
33072,train
33073,train
33074,train
33078,train
33081,train
33082,train
33091,train
33110,train
33138,train
33248,train
33353,train
33495,train
33515,train
33558,train
33696,train
33876,train
33891,train
34073,train
34216,train
34339,train
34344,train
34444,train
34549,train
34927,train
35006,train
35135,train
35160,train
35206,train
35503,train
35519,train
35542,train
35575,train
35819,train
35871,train
35940,train
35955,train
35963,train
35998,train
36090,train
36092,train
36112,train
36289,train
36351,train
36456,train
36673,train
36859,train
36873,train
36890,train
36962,train
36974,train
36992,train
37069,train
37184,train
37206,train
37224,train
37324,train
37386,train
37463,train
37468,train
37474,train
37565,train
37576,train
37582,train
37613,train
37617,train
37662,train
37663,train
37668,train
37701,train
37776,train
37780,train
37937,train
37963,train
38027,train
38064,train
38112,train
38125,train
38136,train
38191,train
38200,train
38388,train
38438,train
38456,train
38568,train
38644,train
38693,train
38708,train
38755,train
38764,train
38891,train
38892,train
38930,train
39107,train
39160,train
39202,train
39386,train
39397,train
39607,train
39909,train
39940,train
40009,train
40193,train
40412,train
40808,train
40959,train
40992,train
41075,train
41095,train
41327,train
41379,train
41424,train
41548,train
41567,train
41697,train
41706,train
41707,train
41708,train
41751,train
41882,train
42121,train
42186,train
42379,train
42437,train
42476,train
42556,train
42615,train
42656,train
42894,train
42991,train
43104,train
43188,train
43205,train
43355,train
43410,train
43500,train
43797,train
43857,train
44139,train
44421,train
44586,train
44718,train
44896,train
44901,train
45220,train
45264,train
45285,train
45304,train
45320,train
45353,train
45375,train
45379,train
45384,train
45396,train
45397,train
45937,train
45972,train
45973,train
45990,train
45999,train
46018,train
46032,train
46293,train
46483,train
46630,train
46692,train
46868,train
47272,train
47447,train
47524,train
47559,train
47584,train
47623,train
47672,train
48298,train
48443,train
48487,train
48782,train
48850,train
48987,train
49090,train
49134,train
49142,train
49205,train
49459,train
49511,train
49624,train
49634,train
49911,train
49917,train
49933,train
50224,train
50263,train
50338,train
50863,train
51090,train
51228,train
51432,train
51437,train
51679,train
52055,train
52240,train
52255,train
52271,train
52274,train
52293,train
52295,train
52303,train
52314,train
52315,train
52318,train
52350,train
52357,train
52361,train
52364,train
52372,train
52373,train
52387,train
52432,train
52440,train
52447,train
52459,train
52468,train
52473,train
52486,train
52490,train
52496,train
52569,train
52608,train
52628,train
52649,train
52756,train
52867,train
52996,train
52997,train
53035,train
53049,train
53159,train
53249,train
53294,train
53296,train
53387,train
53399,train
53406,train
53421,train
53446,train
53459,train
53469,train
53631,train
53643,train
53649,train
53777,train
53859,train
53906,train
53949,train
54033,train
54060,train
54104,train
54113,train
54136,train
54153,train
54192,train
54248,train
54263,train
54289,train
54304,train
54397,train
54436,train
54442,train
54443,train
54520,train
54521,train
54556,train
54572,train
54583,train
54680,train
54715,train
54772,train
54776,train
54925,train
54933,train
55010,train
55027,train
55077,train
55174,train
55259,train
55260,train
55268,train
55304,train
55366,train
55429,train
55439,train
55440,train
55518,train
55597,train
55604,train
55613,train
55616,train
55680,train
55822,train
55824,train
55878,train
55887,train
55957,train
55960,train
55971,train
56036,train
56105,train
56393,train
56408,train
56507,train
56561,train
56584,train
56810,train
56811,train
56854,train
56931,train
57106,train
57116,train
57127,train
57508,train
57584,train
57653,train
57782,train
57924,train
58094,train
58127,train
58137,train
58185,train
58282,train
58313,train
58369,train
58406,train
58436,train
58446,train
58488,train
58593,train
58894,train
59147,train
59194,train
59195,train
59645,train
59654,train
60068,train
60290,train
60382,train
60524,train
60707,train
60725,train
60813,train
60990,train
61069,train
61268,train
61317,train
61447,train
61448,train
61456,train
61471,train
61476,train
61481,train
61486,train
61496,train
61499,train
61509,train
61513,train
61569,train
61585,train
61656,train
61690,train
61738,train
61880,train
61881,train
62022,train
62119,train
62128,train
62240,train
62371,train
62484,train
62502,train
62509,train
62546,train
62552,train
62597,train
62644,train
62651,train
62677,train
62678,train
62693,train
62705,train
62718,train
62757,train
62866,train
62867,train
62894,train
62955,train
62999,train
63028,train
63051,train
63094,train
63103,train
63147,train
63199,train
63205,train
63312,train
63324,train
63347,train
63359,train
63363,train
63398,train
63419,train
63457,train
63635,train
63644,train
63776,train
63796,train
63826,train
63932,train
63949,train
63951,train
64046,train
64065,train
64117,train
64131,train
64238,train
64274,train
64275,train
131097,train
131199,train
131352,train
131465,train
131795,train
131799,train
131820,train
131924,train
131931,train
132048,train
132093,train
132205,train
132394,train
132425,train
132619,train
132634,train
132825,train
133017,train
133217,train
133253,train
133386,train
133481,train
133498,train
133590,train
133826,train
133869,train
133968,train
134138,train
134654,train
134707,train
135008,train
135228,train
135244,train
135294,train
135301,train
135378,train
135407,train
135629,train
135647,train
135655,train
135835,train
135956,train
136311,train
136530,train
136907,train
137064,train
137184,train
137280,train
137409,train
137562,train
137669,train
137753,train
138038,train
138040,train
138215,train
138424,train
138629,train
138685,train
138699,train
139136,train
139174,train
139175,train
139450,train
139875,train
139876,train
140399,train
140878,train
140918,train
141039,train
141195,train
141201,train
141362,train
141870,train
142596,train
146847,train
147025,train
148967,train
149365,train
149646,train
149771,train
149854,train
150528,train
151358,train
151645,train
151704,train
151973,train
152007,train
152080,train
152302,train
196745,train
196778,train
197075,train
197131,train
197207,train
197388,train
197440,train
197565,train
197733,train
197795,train
197991,train
198184,train
198391,train
198395,train
198449,train
198468,train
198498,train
198561,train
198647,train
198759,train
198831,train
199064,train
199338,train
199364,train
199439,train
199449,train
199599,train
199976,train
200052,train
200259,train
200325,train
200556,train
200730,train
200777,train
200899,train
201026,train
201273,train
201524,train
201935,train
201969,train
202024,train
202199,train
202277,train
202373,train
202418,train
202662,train
202975,train
203020,train
203391,train
203396,train
203421,train
203529,train
203885,train
204285,train
204543,train
204588,train
204720,train
204901,train
204930,train
205173,train
205279,train
205488,train
205555,train
205622,train
205675,train
206035,train
206063,train
206072,train
206361,train
206362,train
206627,train
206629,train
207137,train
207524,train
207609,train
207684,train
207800,train
208789,train
209092,train
209188,train
209336,train
209374,train
209608,train
210091,train
210213,train
210461,train
210464,train
210580,train
210654,train
210762,train
210764,train
210882,train
210925,train
211022,train
211048,train
211058,train
211060,train
211100,train
211181,train
211616,train
211750,train
211764,train
211834,train
212238,train
212377,train
212606,train
212794,train
213002,train
213216,train
213364,train
213683,train
214498,train
215094,train
215157,train
215233,train
215680,train
215743,train
216360,train
262150,train
262186,train
262201,train
262222,train
262287,train
262312,train
262385,train
262589,train
262595,train
262928,train
263044,train
263103,train
263126,train
263241,train
263248,train
263378,train
263524,train
263586,train
263639,train
263718,train
263774,train
263791,train
263922,train
264153,train
264312,train
264313,train
264409,train
264670,train
264695,train
264789,train
264808,train
264848,train
264857,train
264900,train
265212,train
265375,train
265431,train
265449,train
265640,train
265670,train
265672,train
265687,train
265740,train
265806,train
265851,train
265859,train
265884,train
265939,train
266009,train
266407,train
266411,train
266430,train
266432,train
266655,train
266700,train
266775,train
266836,train
266995,train
267230,train
267255,train
267485,train
267525,train
267567,train
267626,train
267630,train
267777,train
267816,train
267854,train
267882,train
267892,train
267905,train
268014,train
268146,train
268178,train
268222,train
268313,train
268441,train
268639,train
268713,train
269064,train
269086,train
269209,train
269258,train
269314,train
269491,train
269631,train
269766,train
269801,train
269861,train
269906,train
269918,train
270044,train
270057,train
270442,train
270581,train
270849,train
271047,train
271213,train
271466,train
271595,train
271694,train
271780,train
271800,train
271801,train
271885,train
271949,train
271961,train
272061,train
272116,train
272136,train
272268,train
272576,train
272713,train
272852,train
272863,train
273024,train
273038,train
273395,train
273575,train
273641,train
273664,train
273749,train
273794,train
273890,train
273987,train
274010,train
327708,train
327821,train
327875,train
327932,train
327992,train
328126,train
328273,train
328274,train
328277,train
328306,train
328398,train
328440,train
328497,train
328526,train
328537,train
328608,train
328645,train
328772,train
328776,train
328998,train
329166,train
329174,train
329432,train
329467,train
393221,train
393290,train
393876,train
393995,train
393998,train
394070,train
394087,train
394132,train
394353,train
394366,train
394704,train
394741,train
394916,train
394993,train
395081,train
395217,train
395263,train
395317,train
395354,train
395537,train
395664,train
395750,train
396098,train
396319,train
396320,train
396389,train
396515,train
396566,train
397115,train
397213,train
397276,train
397382,train
397508,train
397711,train
397736,train
397795,train
397883,train
398037,train
398062,train
398079,train
398230,train
398757,train
398846,train
399263,train
399280,train
399409,train
399479,train
399561,train
399722,train
400085,train
400091,train
400390,train
400517,train
400939,train
401194,train
401201,train
401264,train
401485,train
3,val
12,val
102,val
125,val
293,val
297,val
559,val
680,val
688,val
804,val
1009,val
1030,val
1070,val
1273,val
1299,val
1320,val
1761,val
1828,val
1930,val
1955,val
2003,val
2022,val
2485,val
2497,val
2593,val
2597,val
2648,val
2665,val
2828,val
2914,val
3208,val
3209,val
3219,val
3257,val
3320,val
3401,val
3449,val
3491,val
3498,val
3549,val
3557,val
3635,val
3677,val
3719,val
3923,val
4134,val
4152,val
4637,val
4755,val
4758,val
5080,val
5650,val
5663,val
5713,val
5724,val
5742,val
5774,val
5852,val
6168,val
6192,val
6307,val
6360,val
6377,val
6471,val
6540,val
6621,val
6629,val
6674,val
6713,val
6777,val
6794,val
6801,val
6815,val
6973,val
6975,val
7018,val
7049,val
7306,val
7497,val
7575,val
7670,val
7820,val
7872,val
8150,val
8291,val
8308,val
8403,val
8529,val
8695,val
9002,val
9128,val
9215,val
9403,val
9487,val
9520,val
9590,val
9633,val
9638,val
9644,val
9685,val
9707,val
9808,val
9829,val
9860,val
9960,val
10055,val
10104,val
10183,val
10186,val
10879,val
11315,val
11431,val
11644,val
11724,val
11961,val
12008,val
12269,val
12322,val
12389,val
12430,val
12440,val
12479,val
12582,val
13011,val
13094,val
13348,val
13770,val
13836,val
13884,val
14298,val
14381,val
14509,val
14627,val
14694,val
15130,val
15133,val
15147,val
15256,val
15319,val
15423,val
15805,val
16411,val
16591,val
16637,val
16701,val
17012,val
17516,val
17574,val
17579,val
17591,val
17773,val
17865,val
18041,val
18062,val
18241,val
18297,val
18310,val
18422,val
18568,val
19069,val
19527,val
19551,val
19688,val
20057,val
20115,val
20344,val
20473,val
20545,val
21320,val
21472,val
21598,val
21764,val
21859,val
22055,val
22093,val
22351,val
22678,val
22772,val
22834,val
22987,val
23169,val
23344,val
23457,val
23676,val
23707,val
23708,val
23709,val
23735,val
23899,val
23947,val
23978,val
23987,val
24122,val
24429,val
24457,val
25237,val
25572,val
26611,val
26762,val
26810,val
26956,val
27016,val
27228,val
27318,val
27785,val
27811,val
27905,val
28012,val
28020,val
28027,val
28048,val
28052,val
28054,val
28055,val
28112,val
28114,val
28130,val
28304,val
28573,val
28586,val
28604,val
28631,val
28637,val
29214,val
29242,val
29575,val
29848,val
29977,val
30036,val
30122,val
30123,val
30124,val
30127,val
30129,val
30132,val
30134,val
30345,val
30373,val
31065,val
31122,val
31210,val
31511,val
31515,val
31898,val
32099,val
32365,val
32806,val
32858,val
33075,val
33076,val
33077,val
33079,val
33080,val
33343,val
33519,val
33584,val
34554,val
34840,val
35104,val
35506,val
35559,val
36040,val
36119,val
36553,val
36750,val
36929,val
37074,val
37100,val
37154,val
37412,val
37420,val
37424,val
37431,val
37452,val
37472,val
37682,val
37699,val
37700,val
37728,val
38011,val
38186,val
38280,val
38621,val
38622,val
38682,val
38866,val
39133,val
39279,val
39356,val
40565,val
40721,val
40863,val
41888,val
42473,val
42708,val
42831,val
43268,val
44044,val
44273,val
44407,val
45093,val
45102,val
45408,val
45442,val
45773,val
45984,val
45998,val
46210,val
46383,val
46489,val
46590,val
46839,val
47147,val
47152,val
47302,val
47583,val
47708,val
48037,val
48288,val
48586,val
48927,val
49104,val
49329,val
49368,val
49638,val
50061,val
50079,val
50248,val
50561,val
50893,val
51402,val
51701,val
51964,val
52243,val
52250,val
52308,val
52320,val
52323,val
52348,val
52381,val
52383,val
52474,val
52491,val
52622,val
52788,val
53339,val
53353,val
53357,val
53518,val
53615,val
53622,val
53642,val
53648,val
53772,val
54058,val
54368,val
54453,val
54811,val
54949,val
54994,val
55001,val
55133,val
55206,val
55403,val
55542,val
55620,val
55656,val
55731,val
55813,val
55815,val
55836,val
56056,val
56236,val
56654,val
57463,val
57473,val
57580,val
57720,val
57884,val
58146,val
58280,val
58681,val
58706,val
58828,val
59067,val
59155,val
59202,val
59323,val
59510,val
60082,val
60150,val
60174,val
60185,val
60261,val
60653,val
60812,val
60855,val
61314,val
61455,val
61487,val
61510,val
61600,val
61721,val
61785,val
62035,val
62510,val
62553,val
62558,val
62648,val
62679,val
62712,val
62819,val
62826,val
63036,val
63098,val
63171,val
63212,val
63281,val
63400,val
63408,val
63484,val
63541,val
63602,val
63704,val
63778,val
63791,val
131486,val
131944,val
132097,val
132203,val
132221,val
132471,val
132978,val
133477,val
133616,val
134099,val
135403,val
135428,val
135775,val
136061,val
136377,val
136754,val
136787,val
137018,val
137087,val
137313,val
137415,val
137422,val
137938,val
138456,val
138654,val
139009,val
139237,val
139442,val
139616,val
140457,val
140750,val
141180,val
141617,val
141721,val
141773,val
142115,val
142576,val
146757,val
146951,val
146979,val
147049,val
147066,val
147152,val
149251,val
149353,val
149640,val
150190,val
150237,val
150286,val
150570,val
150686,val
150703,val
151334,val
152063,val
152735,val
152756,val
196847,val
199104,val
199837,val
199995,val
200303,val
200350,val
200521,val
200779,val
200857,val
201547,val
201680,val
201904,val
202553,val
202886,val
202949,val
203348,val
204445,val
206446,val
206924,val
207511,val
209242,val
209513,val
210312,val
210691,val
210765,val
211081,val
211282,val
211407,val
212330,val
212815,val
214591,val
215954,val
216430,val
216454,val
262249,val
262500,val
262968,val
263584,val
263702,val
263719,val
263816,val
263889,val
264254,val
264550,val
264705,val
264886,val
265450,val
265651,val
265685,val
265792,val
265807,val
266068,val
266637,val
266715,val
266768,val
266960,val
267001,val
267320,val
267509,val
267534,val
267801,val
267820,val
268293,val
268525,val
269014,val
269354,val
269673,val
269714,val
269850,val
270065,val
270674,val
270681,val
271366,val
271626,val
271673,val
272215,val
272834,val
273513,val
273688,val
273758,val
273881,val
327836,val
328011,val
328165,val
328283,val
328419,val
328592,val
328724,val
328922,val
328995,val
393523,val
393550,val
393988,val
394271,val
394576,val
394594,val
395290,val
395400,val
395410,val
395615,val
395627,val
395658,val
396161,val
396192,val
396356,val
396982,val
397373,val
397480,val
397481,val
397585,val
397607,val
398026,val
398118,val
398158,val
398290,val
399023,val
399957,val
400476,val
400512,val
52803,test
55057,test
274670,test
