asn,communityGroupsAndNonprofits,computerAndInformationTechnology,educationAndResearch,financeAndInsurance,governmentAndPublicAdministration,healthCareServices,other,"media,Publishing,AndBroadcasting",service,"agriculture,Mining,AndRefineries(farming,Greenhouses,Mining,Forestry,AndAnimalFarming)",constructionAndRealEstate,"museums,Libraries,AndEntertainment",utilities(excludingInternetService),travelAndAccommodation,"freight,Shipment,AndPostalServices","retailStores,Wholesale,AndE_commerceSites",manufacturing
3,0,0,1,0,0,0,0,0,0,0,0,0,0,0,0,0,0
11,0,0,1,0,0,0,0,0,0,0,0,0,0,0,0,0,0
12,0,0,1,0,0,0,0,0,0,0,0,0,0,0,0,0,0
14,0,0,1,0,0,0,0,0,0,0,0,0,0,0,0,0,0
16,0,0,1,0,1,0,0,0,0,0,0,0,0,0,0,0,0
24,0,0,0,0,1,0,0,0,0,0,0,0,0,0,0,0,0
43,0,0,1,0,1,0,0,0,0,0,0,0,0,0,0,0,0
44,0,0,1,0,1,0,0,0,0,0,0,0,0,0,0,0,0
49,0,0,1,0,1,0,0,0,0,0,0,0,0,0,0,0,0
50,0,0,1,0,1,0,0,0,0,0,0,0,0,0,0,0,0
68,0,0,1,0,1,0,0,0,0,0,0,0,0,0,0,0,0
70,0,0,0,0,1,1,0,0,0,0,0,0,0,0,0,0,0
87,0,0,1,0,0,0,0,0,0,0,0,0,0,0,0,0,0
102,0,0,1,0,1,0,0,0,0,0,0,0,0,0,0,0,0
104,0,0,1,0,0,0,0,0,0,0,0,0,0,0,0,0,0
109,0,1,0,0,0,0,0,0,0,0,0,0,0,0,0,0,1
111,0,0,1,0,0,0,0,0,0,0,0,0,0,0,0,0,0
122,0,0,0,0,0,1,0,0,0,0,0,0,0,0,0,0,0
125,0,1,0,0,0,0,0,0,0,0,0,0,0,0,0,0,1
127,0,0,1,0,1,0,0,0,0,0,0,0,0,0,0,0,0
160,0,0,1,0,0,0,0,0,0,0,0,0,0,0,0,0,0
174,0,1,0,0,0,0,0,0,0,0,0,0,0,0,0,0,0
209,0,1,0,0,0,0,0,0,0,0,0,0,0,0,0,0,0
286,0,1,0,0,0,0,0,0,0,0,0,0,0,0,0,0,0
288,0,0,0,0,1,0,0,0,0,0,0,0,0,0,0,0,0
291,0,1,1,0,1,0,0,0,0,0,0,0,0,0,0,0,0
292,0,1,1,0,1,0,0,0,0,0,0,0,0,0,0,0,0
293,0,1,1,0,0,0,0,0,0,0,0,0,1,0,0,0,0
297,0,0,1,0,1,0,0,0,0,0,0,0,0,0,0,0,0
377,0,0,1,0,1,0,0,0,0,0,0,0,0,0,0,0,0
557,0,0,1,0,0,0,0,0,0,0,0,0,0,0,0,0,0
559,1,1,0,0,1,0,0,0,0,0,0,0,0,0,0,0,0
680,0,0,1,0,1,0,0,0,0,0,0,0,0,0,0,0,0
688,0,0,0,0,1,0,0,0,0,0,0,0,1,0,0,0,0
701,0,1,0,0,0,0,0,0,0,0,0,0,0,0,0,0,0
714,0,1,0,0,0,0,0,0,0,0,0,0,0,0,0,0,1
721,0,0,0,0,1,0,0,0,0,0,0,0,0,0,0,0,0
766,0,0,1,0,1,0,0,0,0,0,0,0,0,0,0,0,0
786,0,0,1,0,1,0,0,0,0,0,0,0,0,0,0,0,0
800,0,1,0,0,0,0,0,0,0,0,0,0,0,0,0,0,0
804,0,0,0,0,1,0,0,0,0,0,0,0,0,0,0,0,0
812,0,1,0,0,0,0,0,0,0,0,0,0,0,0,0,0,0
818,0,0,0,0,1,0,0,0,0,0,0,0,0,0,0,0,0
820,0,0,0,0,1,0,0,0,0,0,0,0,0,0,0,0,0
833,0,1,0,0,0,0,0,0,0,0,0,0,0,0,0,0,0
890,0,0,1,0,0,0,0,0,0,0,0,0,0,0,0,0,0
905,0,0,0,0,1,0,0,0,0,0,0,0,0,0,0,0,0
930,0,0,0,0,1,0,0,0,0,0,0,0,0,0,0,0,0
1009,0,0,0,0,1,0,0,0,0,0,0,0,0,0,0,0,0
1030,0,1,0,0,0,0,0,0,0,0,0,0,0,0,0,0,0
1070,0,0,0,0,1,0,0,0,0,0,0,0,0,0,0,0,0
1127,1,0,0,0,0,0,0,0,0,0,0,0,0,0,0,0,0
1200,0,1,0,0,0,0,0,0,0,0,0,0,0,0,0,0,0
1221,0,1,0,0,0,0,0,0,0,0,0,0,0,0,0,0,0
1237,0,0,1,0,1,0,0,0,0,0,0,0,0,0,0,0,0
1239,0,1,0,0,0,0,0,0,0,0,0,0,0,0,0,0,0
1273,0,1,0,0,0,0,0,0,0,0,0,0,0,0,0,0,0
1299,0,1,0,0,0,0,0,0,0,0,0,0,0,0,0,0,0
1320,0,0,0,0,1,0,0,0,0,0,0,0,0,0,0,0,0
1416,0,0,1,0,0,0,0,0,0,0,0,0,0,0,0,0,0
1653,0,0,1,0,1,0,0,0,0,0,0,0,0,0,0,0,0
1659,0,0,1,0,1,0,0,0,0,0,0,0,0,0,0,0,0
1761,0,0,0,0,1,0,0,0,0,0,0,0,0,0,0,0,0
1766,0,0,0,0,0,0,0,0,0,1,0,0,0,0,0,0,0
1781,0,0,1,0,1,0,0,0,0,0,0,0,0,0,0,0,0
1797,0,1,1,0,0,0,0,0,0,0,0,0,0,0,0,0,0
1798,0,0,0,0,1,0,0,0,0,0,0,0,0,0,0,0,0
1828,0,1,0,0,0,0,0,0,0,0,0,0,0,0,0,0,0
1835,0,0,1,0,1,0,0,0,0,0,0,0,0,0,0,0,0
1887,0,1,1,0,0,0,0,0,0,0,0,0,0,0,0,0,0
1916,0,0,1,0,1,0,0,0,0,0,0,0,0,0,0,0,0
1930,0,0,1,0,1,0,0,0,0,0,0,0,0,0,0,0,0
1955,0,0,0,0,1,0,0,0,0,0,0,0,0,0,0,0,0
1999,0,0,0,0,1,0,0,0,0,0,0,0,0,0,0,0,0
2003,0,0,1,0,0,0,0,0,0,0,0,0,0,0,0,0,0
2018,0,0,1,0,1,0,0,0,0,0,0,0,0,0,0,0,0
2022,0,0,0,0,0,0,0,0,0,0,0,0,0,0,0,0,1
2024,0,0,0,0,0,0,0,0,0,0,0,0,1,0,0,0,0
2152,0,0,1,0,1,0,0,0,0,0,0,0,0,0,0,0,0
2385,0,0,1,0,1,0,0,0,0,0,0,0,0,0,0,0,0
2484,0,1,0,0,0,0,0,0,0,0,0,0,0,0,0,0,0
2485,0,1,0,0,0,0,0,0,0,0,0,0,0,0,0,0,0
2486,0,1,0,0,0,0,0,0,0,0,0,0,0,0,0,0,0
2497,0,1,0,0,0,0,0,0,0,0,0,0,0,0,0,0,0
2513,0,0,0,0,1,0,0,0,0,0,0,0,0,0,0,0,0
2516,0,1,0,0,0,0,0,0,0,0,0,0,0,0,0,0,0
2532,0,0,0,0,1,0,0,0,0,0,0,1,0,0,0,0,0
2536,0,0,0,0,1,0,0,0,0,0,0,0,0,0,0,0,0
2559,0,0,0,1,0,0,0,0,0,0,0,0,0,0,0,0,0
2576,0,0,0,0,1,0,0,0,0,0,0,0,0,0,0,0,0
2593,0,1,0,0,0,0,0,0,0,0,0,0,0,0,0,0,0
2597,0,0,1,0,0,0,0,0,0,0,0,0,0,0,0,0,0
2611,0,0,1,0,1,0,0,0,0,0,0,0,0,0,0,0,0
2648,0,0,1,0,1,0,0,0,0,0,0,0,0,0,0,0,0
2665,0,0,0,0,1,0,0,0,0,0,0,0,0,0,0,0,0
2698,0,0,1,0,0,0,0,0,0,0,0,0,0,0,0,0,0
2799,0,0,0,0,1,0,0,0,0,0,0,0,0,0,0,0,0
2818,0,0,0,0,0,0,0,1,0,0,0,0,0,0,0,0,0
2828,0,1,0,0,0,0,0,0,0,0,0,0,0,0,0,0,0
2856,0,1,0,0,0,0,0,0,0,0,0,0,0,0,0,0,0
2906,0,0,0,0,0,0,0,1,0,0,0,0,0,0,0,0,0
2907,0,0,1,0,1,0,0,0,0,0,0,0,0,0,0,0,0
2914,0,1,0,0,0,0,0,0,0,0,0,0,0,0,0,0,0
3132,0,0,1,0,0,0,0,0,0,0,0,0,0,0,0,0,0
3152,0,0,1,0,1,0,0,0,0,0,0,0,0,0,0,0,0
3208,0,0,1,0,1,0,0,0,0,0,0,0,0,0,0,0,0
3209,0,1,0,0,0,0,0,0,0,0,0,0,0,0,0,0,0
3215,0,1,0,0,0,0,0,0,0,0,0,0,0,0,0,0,0
3216,0,1,0,0,0,0,0,0,0,0,0,0,0,0,0,0,0
3219,0,0,0,0,1,0,0,0,0,0,0,0,0,0,0,0,0
3257,0,1,0,0,0,0,0,0,0,0,0,0,0,0,0,0,0
3280,0,1,0,0,0,0,0,0,0,0,0,0,0,0,0,0,0
3300,0,1,0,0,0,0,0,0,0,0,0,0,0,0,0,0,0
3320,0,1,0,0,0,0,0,0,0,0,0,0,0,0,0,0,0
3337,0,0,0,0,0,0,0,0,0,0,0,0,0,0,0,0,1
3338,0,0,1,0,0,0,0,0,0,0,0,0,0,0,0,0,0
3352,0,1,0,0,0,0,0,0,0,0,0,0,0,0,0,0,0
3356,0,1,0,0,0,0,0,0,0,0,0,0,0,0,0,0,0
3401,0,0,0,0,1,0,0,0,0,0,0,0,0,0,0,0,0
3428,0,1,1,0,0,0,0,0,0,0,0,0,1,0,0,0,0
3449,0,0,1,0,1,0,0,0,0,0,0,0,0,0,0,0,0
3462,0,1,0,0,0,0,0,0,0,0,0,0,0,0,0,0,0
3477,0,0,1,0,1,0,0,0,0,0,0,0,0,0,0,0,0
3491,0,1,0,0,0,0,0,0,0,0,0,0,0,0,0,0,0
3495,0,0,0,0,1,0,0,0,0,0,0,0,0,0,0,0,0
3498,0,0,0,0,1,0,0,0,0,0,0,0,0,0,0,0,0
3499,0,0,0,0,1,0,0,0,0,0,0,0,0,0,0,0,0
3527,0,0,1,0,1,1,0,0,0,0,0,0,0,0,0,0,0
3549,0,1,0,0,0,0,0,0,0,0,0,0,0,0,0,0,0
3557,0,1,0,0,0,0,0,0,0,0,0,0,0,0,0,0,0
3582,0,0,1,0,0,0,0,0,0,0,0,0,0,0,0,0,0
3594,0,0,1,0,0,0,0,0,0,0,0,0,0,0,0,0,0
3598,0,1,0,0,0,0,0,0,0,0,0,0,0,0,0,0,0
3608,0,0,0,0,1,0,0,0,0,0,0,0,0,0,0,0,0
3614,0,1,0,0,0,0,0,0,0,0,0,0,0,0,0,0,1
3635,0,0,0,1,1,0,0,0,0,0,0,0,0,0,0,0,0
3676,0,0,1,0,0,0,0,0,0,0,0,0,0,0,0,0,0
3677,0,0,1,0,0,0,0,0,0,0,0,0,0,0,0,0,0
3705,0,0,0,0,1,0,0,0,0,0,0,0,0,0,0,0,0
3719,0,0,0,0,1,0,0,0,0,0,0,0,0,0,0,0,0
3923,0,0,0,0,1,0,0,0,0,0,0,0,0,0,0,0,0
3924,0,0,0,0,1,0,0,0,0,0,0,0,0,0,0,0,0
4046,0,0,0,0,1,0,0,0,0,0,0,0,0,0,0,0,0
4134,0,1,0,0,1,0,0,0,0,0,0,0,0,0,0,0,0
4152,0,0,0,0,1,0,0,0,0,0,0,0,0,0,0,0,0
4201,0,0,1,0,0,0,0,0,0,0,0,0,0,0,0,0,0
4230,0,1,0,0,0,0,0,0,0,0,0,0,0,0,0,0,0
4243,0,0,0,1,0,0,0,0,0,0,0,0,0,0,0,0,0
4549,0,0,0,0,0,0,0,1,0,0,0,0,0,0,0,0,0
4635,0,1,0,0,0,0,0,0,0,0,0,0,0,0,0,0,0
4637,0,1,0,0,0,0,0,0,0,0,0,0,0,0,0,0,0
4666,0,1,0,0,0,0,0,0,0,0,0,0,0,0,0,0,1
4713,0,1,0,0,0,0,0,0,0,0,0,0,0,0,0,0,0
4755,0,1,0,0,0,0,0,0,0,0,0,0,0,0,0,0,0
4756,0,0,0,0,1,0,0,0,0,0,0,0,0,0,0,0,0
4758,0,1,0,0,1,0,0,0,0,0,0,0,0,0,0,0,0
4766,0,1,0,0,0,0,0,0,0,0,0,0,0,0,0,0,0
4788,0,1,0,0,1,0,0,0,0,0,0,0,0,0,0,0,0
4809,0,1,0,0,1,0,0,0,0,0,0,0,0,0,0,0,0
4837,0,1,0,0,1,0,0,0,0,0,0,0,0,0,0,0,0
4983,0,1,0,0,0,0,0,0,0,0,0,0,0,0,0,0,1
4985,0,0,0,0,1,0,0,0,0,0,0,0,1,0,0,0,0
5080,0,1,0,0,0,0,0,0,0,1,0,0,0,0,0,0,1
5101,0,0,1,0,0,0,0,0,0,0,0,0,0,0,0,0,0
5408,0,0,0,0,1,0,0,0,0,0,0,0,0,0,0,0,0
5438,0,0,0,0,1,0,0,0,0,0,0,0,0,0,0,0,0
5495,0,0,1,0,1,0,0,0,0,0,0,0,0,0,0,0,0
5511,0,1,0,0,0,0,0,0,0,0,0,0,0,0,0,0,0
5576,0,0,0,0,1,0,0,0,0,0,0,0,0,0,0,0,0
5577,0,1,0,0,0,0,0,0,0,0,0,0,0,0,0,0,0
5607,0,1,0,0,0,0,0,0,0,0,0,0,0,0,0,0,0
5642,0,1,0,0,0,0,0,0,0,0,0,0,0,0,0,0,0
5650,0,1,0,0,0,0,0,0,0,0,0,0,0,0,0,0,0
5662,0,0,0,0,0,0,0,1,0,0,0,0,0,0,0,0,0
5663,0,0,0,0,1,0,0,0,0,0,0,0,0,0,0,0,0
5713,0,1,0,0,1,0,0,0,0,0,0,0,0,0,0,0,0
5724,0,0,1,0,0,0,0,0,0,0,0,0,0,0,0,0,0
5742,0,1,0,0,0,0,0,0,0,0,0,0,0,0,0,0,0
5744,0,0,0,0,1,0,0,0,0,0,0,0,0,0,0,0,0
5766,0,0,0,0,1,1,0,0,0,0,0,0,0,0,0,0,0
5774,0,0,0,0,1,0,0,0,0,0,0,0,0,0,0,0,0
5852,0,0,0,0,1,0,0,0,0,0,0,0,0,0,0,0,0
6026,0,0,0,0,1,0,0,0,0,0,0,0,0,0,0,0,0
6057,0,1,0,0,1,0,0,0,0,0,0,0,0,0,0,0,0
6095,0,0,0,0,0,1,0,0,0,0,0,0,0,0,0,0,0
6102,0,0,0,0,0,0,0,1,0,0,0,0,0,0,0,0,0
6112,0,0,1,0,0,0,0,0,0,0,0,0,0,0,0,0,0
6127,0,0,0,0,1,0,0,0,0,0,0,0,0,0,0,0,0
6150,0,0,1,0,1,0,0,0,0,0,0,0,0,0,0,0,0
6167,0,1,0,0,0,0,0,0,0,0,0,0,0,0,0,0,0
6168,0,0,0,0,0,0,0,0,0,0,0,0,0,1,0,0,0
6169,0,1,0,0,0,0,0,0,0,0,0,0,0,0,0,0,0
6185,0,1,0,0,0,0,0,0,0,0,0,0,0,0,0,0,1
6192,0,0,1,0,0,0,0,0,0,0,0,0,0,0,0,0,0
6307,0,0,0,1,0,0,0,0,0,0,0,0,0,0,0,0,0
6315,0,1,0,0,0,0,0,0,0,0,0,0,0,0,0,0,0
6341,0,0,0,0,0,0,0,0,0,0,0,0,1,0,0,0,0
6360,0,0,1,0,0,0,0,0,0,0,0,0,0,0,0,0,0
6377,0,0,1,0,0,0,0,0,0,0,0,0,0,0,0,0,0
6453,0,1,0,0,0,0,0,0,0,0,0,0,0,0,0,0,0
6461,0,1,0,0,0,0,0,0,0,0,0,0,0,0,0,0,0
6471,0,1,0,0,0,0,0,0,0,0,0,0,0,0,0,0,0
6509,0,0,1,0,1,0,0,0,0,0,0,0,0,0,0,0,0
6540,0,1,0,0,0,0,0,0,0,0,0,0,0,0,0,0,0
6597,0,1,0,0,0,0,0,0,0,0,0,0,0,0,0,0,0
6619,0,1,0,0,0,0,0,0,0,0,0,0,0,0,0,0,0
6621,0,1,0,0,0,0,0,0,0,0,0,0,0,0,0,0,0
6629,0,0,1,0,1,0,0,0,0,0,0,0,0,0,0,0,0
6642,0,0,1,0,0,0,0,0,0,0,0,0,0,0,0,0,0
6663,0,1,0,0,0,0,0,0,0,0,0,0,0,0,0,0,0
6674,0,0,0,1,1,0,0,0,0,0,0,0,0,0,0,0,0
6695,0,1,0,0,0,0,0,0,0,0,0,0,0,0,0,0,0
6713,0,1,0,0,1,0,0,0,0,0,0,0,0,0,0,0,0
6762,0,1,0,0,0,0,0,0,0,0,0,0,0,0,0,0,0
6777,0,1,0,0,0,0,0,0,0,0,0,0,0,0,0,0,0
6794,0,0,0,0,0,0,0,1,0,0,0,0,0,0,0,0,0
6801,0,0,1,0,1,0,0,0,0,0,0,0,0,0,0,0,0
6815,0,0,0,1,0,0,0,0,0,0,0,0,0,0,0,0,0
6816,0,0,0,1,0,0,0,0,0,0,0,0,0,0,0,0,0
6817,0,0,0,1,0,0,0,0,0,0,0,0,0,0,0,0,0
6830,0,1,0,0,0,0,0,0,0,0,0,0,0,0,0,0,0
6939,0,1,0,0,0,0,0,0,0,0,0,0,0,0,0,0,0
6973,0,0,0,1,0,0,0,0,0,0,0,0,0,0,0,0,0
6975,0,0,1,0,0,0,0,0,0,0,0,0,0,0,0,0,0
7018,0,1,0,0,0,0,0,0,0,0,0,0,0,0,0,0,0
7049,0,1,0,0,0,0,0,0,0,0,0,0,0,0,0,0,0
7155,0,1,0,0,0,0,0,0,0,0,0,0,0,0,0,0,0
7160,0,1,0,0,0,0,0,0,0,0,0,0,0,0,0,0,0
7163,0,0,0,0,0,1,0,0,0,0,0,0,0,0,0,0,0
7195,0,1,0,0,0,0,0,0,0,0,0,0,0,0,0,0,0
7276,0,0,1,0,0,0,0,0,0,0,0,0,0,0,0,0,0
7303,0,1,0,0,0,0,0,0,0,0,0,0,0,0,0,0,0
7306,0,0,0,1,0,0,0,0,0,0,0,0,0,0,0,0,0
7311,0,1,0,0,0,0,0,0,0,0,0,0,0,0,0,0,0
7342,0,1,0,0,0,0,0,0,0,0,0,0,0,0,0,0,0
7382,1,0,0,0,0,0,0,0,0,0,0,0,0,0,0,0,0
7386,0,0,1,0,0,0,0,0,0,0,0,0,0,0,0,0,0
7417,0,0,0,0,1,0,0,0,0,0,0,0,0,0,0,0,0
7466,0,0,0,1,1,0,0,0,0,0,0,0,0,0,0,0,0
7473,0,1,0,0,1,0,0,0,0,0,0,0,0,0,0,0,0
7474,0,1,0,0,1,0,0,0,0,0,0,0,0,0,0,0,0
7481,0,1,0,0,0,0,0,0,0,0,0,0,0,0,0,0,0
7497,0,0,1,0,1,0,0,0,0,0,0,0,0,0,0,0,0
7502,0,0,1,0,0,0,0,0,0,0,0,0,0,0,0,0,0
7557,0,0,0,1,1,0,0,0,0,0,0,0,0,0,0,0,0
7575,0,0,1,0,1,0,0,0,0,0,0,0,0,0,0,0,0
7590,0,0,1,0,1,0,0,0,0,0,0,0,0,0,0,0,0
7646,0,0,0,1,0,0,0,0,0,0,0,0,0,0,0,0,0
7670,0,1,0,0,0,0,0,0,0,0,0,0,0,0,0,0,0
7713,0,1,0,0,1,0,0,0,0,0,0,0,0,0,0,0,0
7734,0,0,0,1,0,0,0,0,0,0,0,0,0,0,0,0,0
7738,0,1,0,0,0,0,0,0,0,0,0,0,0,0,0,0,0
7743,0,0,0,1,0,0,0,0,0,0,0,0,0,0,0,0,0
7764,0,0,1,0,1,0,0,0,0,0,0,0,0,0,0,0,0
7792,0,1,0,0,0,0,0,0,0,0,0,0,0,0,0,0,1
7820,0,0,0,1,0,0,0,0,0,0,0,0,0,0,0,0,0
7862,0,0,0,0,0,0,0,0,0,0,0,0,1,0,0,0,0
7872,0,0,1,0,1,0,0,0,0,0,0,0,0,0,0,0,0
7896,0,0,1,0,0,0,0,0,0,0,0,0,0,0,0,0,0
7922,0,1,0,0,0,0,0,1,0,0,0,0,0,0,0,0,0
7968,0,0,1,0,0,0,0,0,0,0,0,0,0,0,0,0,0
7970,0,0,1,0,0,0,0,0,0,0,0,0,0,0,0,0,0
8012,0,0,0,1,0,0,0,0,0,0,0,0,0,0,0,0,0
8069,0,1,0,0,0,0,0,0,0,0,0,0,0,0,0,0,0
8070,0,1,0,0,0,0,0,0,0,0,0,0,0,0,0,0,0
8075,0,1,0,0,0,0,0,0,0,0,0,0,0,0,0,0,0
8104,0,0,0,1,0,0,0,0,0,0,0,0,0,0,0,0,0
8150,0,0,1,0,0,0,0,0,0,0,0,0,0,0,0,0,0
8151,0,1,0,0,0,0,0,0,0,0,0,0,0,0,0,0,0
8179,0,0,0,1,0,0,0,0,0,0,0,0,0,0,0,0,0
8194,0,1,0,0,1,0,0,1,0,0,0,0,0,0,0,0,0
8240,0,1,0,0,1,0,0,0,0,0,0,0,0,0,0,0,0
8286,0,0,1,0,1,0,0,0,0,0,0,0,0,0,0,0,0
8291,0,0,0,0,1,0,0,0,0,0,0,0,0,0,0,0,0
8308,0,1,1,0,1,0,0,0,0,0,0,0,0,0,0,0,0
8315,0,1,0,0,0,0,0,0,1,0,0,0,0,0,0,0,0
8373,0,0,0,1,0,0,0,0,0,0,0,0,0,0,0,0,0
8403,0,0,0,0,0,0,0,1,0,0,0,0,0,0,0,0,0
8517,0,0,1,0,1,0,0,0,0,0,0,0,0,0,0,0,0
8519,0,0,0,0,1,0,0,0,0,0,0,0,0,0,0,0,0
8529,0,1,0,0,1,0,0,0,0,0,0,0,0,0,0,0,0
8695,0,1,0,0,0,0,0,0,0,0,0,0,0,0,0,0,0
8714,0,1,0,0,0,0,0,0,0,0,0,0,0,0,0,0,0
8763,1,1,0,0,0,0,0,0,0,0,0,0,0,0,0,0,0
8798,0,0,0,0,1,0,0,0,0,0,0,0,0,0,0,0,0
8867,0,1,0,0,1,0,0,0,0,0,0,0,0,0,0,0,0
8904,0,0,0,1,1,0,0,0,0,0,0,0,0,0,0,0,0
8966,0,1,0,0,1,0,0,0,0,0,0,0,0,0,0,0,0
8987,0,1,0,0,0,0,0,0,0,0,0,0,0,0,0,0,0
9002,0,1,0,0,0,0,0,0,0,0,0,0,0,0,0,0,0
9016,0,0,0,1,0,0,0,0,0,0,0,0,0,0,0,0,0
9112,0,0,1,0,1,0,0,0,0,0,0,0,0,0,0,0,0
9121,0,1,0,0,0,0,0,0,0,0,0,0,0,0,0,0,0
9128,0,0,0,1,0,0,0,0,0,0,0,0,0,0,0,0,0
9158,0,1,0,0,1,0,0,0,0,0,0,0,0,0,0,0,0
9177,0,1,0,0,0,0,0,0,0,0,0,0,0,0,0,0,0
9215,0,1,0,0,0,0,0,0,0,0,0,0,0,0,0,0,0
9229,0,1,0,0,0,0,0,0,0,0,0,0,0,0,0,0,0
9261,0,0,0,1,1,0,0,0,0,0,0,0,0,0,0,0,0
9275,0,0,0,0,1,0,0,0,0,0,0,0,0,0,0,0,0
9276,0,0,0,1,0,0,0,0,0,0,0,0,0,0,0,0,0
9304,0,1,0,0,0,0,0,0,0,0,0,0,0,0,0,0,0
9401,0,0,0,0,1,0,0,0,0,0,0,1,0,0,0,0,0
9403,0,0,1,0,1,0,0,0,0,0,0,0,0,0,0,0,0
9437,0,1,0,0,0,0,0,0,0,0,0,0,0,0,0,0,0
9446,0,1,0,0,0,0,0,0,0,0,0,0,0,0,0,0,0
9455,0,0,0,0,1,0,0,0,0,0,0,0,0,0,0,0,0
9458,0,0,0,0,1,0,0,0,0,0,0,0,0,0,0,0,0
9463,0,0,0,0,0,0,0,0,0,0,0,0,1,0,0,0,0
9487,0,0,0,1,1,0,0,0,0,0,0,0,0,0,0,0,0
9489,0,0,1,0,1,0,0,0,0,0,0,0,0,0,0,0,0
9498,0,1,0,0,0,0,0,0,0,0,0,0,0,0,0,0,0
9520,0,0,0,1,0,0,0,0,0,0,0,0,0,0,0,0,0
9570,0,0,0,1,0,0,0,0,0,0,0,0,0,0,0,0,0
9590,0,0,0,1,0,0,0,0,0,0,0,0,0,0,0,0,0
9605,0,1,0,0,0,0,0,0,0,0,0,0,0,0,0,0,0
9606,0,0,0,0,1,0,0,0,0,0,0,0,0,0,0,0,0
9609,0,1,0,0,0,0,0,0,0,0,0,0,0,0,0,0,0
9633,0,0,0,0,1,0,0,0,0,0,0,0,0,0,0,0,0
9638,1,0,0,0,0,0,0,0,0,0,0,0,0,0,0,0,0
9641,0,0,0,1,0,0,0,0,0,0,0,0,0,0,0,0,0
9644,0,1,0,0,0,0,0,0,0,0,0,0,0,0,0,0,0
9685,0,0,0,0,1,0,0,0,0,0,0,0,0,0,0,0,0
9702,0,0,0,1,0,0,0,0,0,0,0,0,0,0,0,0,0
9703,0,0,0,1,0,0,0,0,0,0,0,0,0,0,0,0,0
9706,0,0,1,0,1,0,0,0,0,0,0,0,0,0,0,0,0
9707,0,0,0,0,1,0,0,0,0,0,0,0,0,0,0,0,0
9735,0,1,0,0,1,0,0,0,0,0,0,0,0,0,0,0,0
9752,0,0,0,0,0,0,0,0,0,0,0,0,0,0,0,1,0
9772,0,0,0,1,0,0,0,0,0,0,0,0,0,0,0,0,0
9776,0,0,0,1,0,0,0,0,0,0,0,0,0,0,0,0,0
9808,0,1,0,0,1,0,0,0,0,0,0,0,0,0,0,0,0
9829,0,1,0,0,1,0,0,0,0,0,0,0,0,0,0,0,0
9854,0,0,0,0,1,0,0,0,0,0,0,0,0,0,0,0,0
9857,0,0,0,0,1,0,0,0,0,0,0,0,1,0,0,0,0
9860,0,0,0,0,1,1,0,0,0,0,0,0,0,0,0,0,0
9908,0,0,0,0,0,0,0,1,0,0,0,0,0,0,0,0,0
9959,0,0,0,1,0,0,0,0,0,0,0,0,0,0,0,0,0
9960,0,0,0,1,0,0,0,0,0,0,0,0,0,0,0,0,0
9970,0,0,1,0,1,0,0,0,0,0,0,0,0,0,0,0,0
9974,0,0,0,0,1,0,0,0,0,0,0,0,0,0,0,0,0
10021,0,1,0,0,0,0,0,0,0,0,0,0,0,0,0,0,0
10044,0,0,0,0,1,0,0,0,0,0,0,0,0,0,0,0,0
10050,0,0,0,0,0,0,0,0,0,0,0,1,0,0,0,0,0
10055,0,0,0,0,1,0,0,0,0,0,0,0,0,0,1,0,0
10104,0,0,0,0,0,0,1,0,0,0,0,0,0,0,0,0,0
10161,0,0,0,0,1,0,0,0,0,0,0,0,0,0,0,0,0
10166,0,0,0,0,1,0,0,0,0,0,0,0,1,0,0,0,0
10183,0,0,0,0,1,0,0,0,0,0,0,0,0,0,0,0,0
10186,0,0,0,0,1,1,0,0,0,0,0,0,0,0,0,0,0
10352,0,1,0,0,0,0,0,0,0,0,0,0,0,0,0,0,0
10405,0,0,0,0,0,0,0,0,0,0,0,0,0,0,1,0,0
10411,0,0,1,0,0,0,0,0,0,0,0,0,0,0,0,0,0
10420,0,0,0,1,1,0,0,0,0,0,0,0,0,0,0,0,0
10616,0,0,1,0,1,0,0,0,0,0,0,0,0,0,0,0,0
10671,0,0,0,0,1,0,0,0,0,0,0,0,0,0,0,0,0
10747,0,1,0,0,0,0,0,0,0,0,0,0,0,0,0,0,0
10754,0,0,0,1,1,0,0,0,0,0,0,0,0,0,0,0,0
10794,0,0,0,1,0,0,0,0,0,0,0,0,0,0,0,0,0
10879,0,0,0,0,0,1,0,0,0,0,0,0,0,0,0,0,0
10897,0,0,0,0,1,0,0,0,0,0,0,0,0,0,0,0,0
10906,0,1,0,0,0,0,0,0,0,0,0,0,0,0,0,0,0
10954,0,0,0,0,1,0,0,0,0,0,0,0,0,0,0,0,0
11058,0,1,0,0,0,0,0,0,0,0,0,0,0,0,0,0,0
11109,0,0,0,0,1,0,0,0,0,0,0,0,0,0,0,0,0
11164,0,0,1,0,1,0,0,0,0,0,0,0,0,0,0,0,0
11284,0,1,0,0,0,0,0,0,0,0,0,0,0,0,0,0,0
11315,0,1,0,0,0,0,0,0,0,0,0,0,0,0,0,0,0
11340,0,0,1,0,1,0,0,0,0,0,0,0,0,0,0,0,0
11406,0,0,0,0,0,1,0,0,0,0,0,0,0,0,0,0,0
11431,0,1,0,0,0,0,0,0,0,0,0,0,0,0,0,0,0
11529,0,0,0,0,1,0,0,0,0,0,0,0,1,0,0,0,0
11643,0,0,0,0,0,0,0,0,0,0,0,0,0,0,0,1,0
11644,0,1,0,0,0,0,0,0,0,0,0,0,0,0,0,0,0
11723,0,0,0,1,0,0,0,0,0,0,0,0,0,0,0,0,0
11724,0,0,0,0,1,0,0,0,0,0,0,0,0,0,0,0,0
11888,0,1,0,0,0,0,0,0,0,0,0,0,0,0,0,0,0
11894,0,0,0,1,0,0,0,0,0,0,0,0,0,0,0,0,0
11952,0,0,0,1,0,0,0,0,0,0,0,0,0,0,0,0,0
11961,1,1,0,0,0,0,0,0,0,0,0,0,0,0,0,0,0
11985,0,0,0,0,1,0,0,0,0,0,0,0,0,0,0,0,0
12008,0,1,0,0,0,0,0,0,0,0,0,0,0,0,0,0,0
12037,0,0,0,1,1,0,0,0,0,0,0,0,0,0,0,0,0
12083,0,1,0,0,0,0,0,0,0,0,0,0,0,0,0,0,0
12102,0,0,0,0,1,0,0,0,0,0,0,0,0,0,0,0,0
12136,0,1,0,0,0,0,0,0,0,0,0,0,0,0,0,0,0
12187,0,0,0,0,0,0,0,0,0,0,0,0,0,1,0,0,0
12196,0,0,0,0,0,0,0,0,0,0,0,0,0,0,0,1,0
12269,0,0,0,0,0,0,0,0,0,0,0,0,0,0,0,1,0
12322,0,1,0,0,0,0,0,0,0,0,0,0,0,0,0,0,0
12389,0,1,0,0,1,0,0,0,0,0,0,0,0,0,0,0,0
12430,0,1,0,0,0,0,0,0,0,0,0,0,0,0,0,0,0
12440,0,1,0,0,0,0,0,0,0,0,0,0,0,0,0,0,0
12479,0,1,0,0,0,0,0,0,0,0,0,0,0,0,0,0,0
12564,0,0,0,0,1,0,0,0,0,0,0,0,0,0,0,0,0
12576,0,1,0,0,0,0,0,0,0,0,0,0,0,0,0,0,0
12684,0,1,0,0,0,0,0,0,0,0,0,0,0,0,0,0,0
12740,0,0,0,1,0,0,0,0,0,0,0,0,0,0,0,0,0
12891,0,0,0,0,1,0,0,0,0,0,0,0,0,0,0,0,0
12956,0,1,0,0,0,0,0,0,0,0,0,0,0,0,0,0,0
13011,0,0,0,0,1,0,0,0,0,0,0,0,0,0,0,0,0
13057,0,0,0,0,0,0,0,0,0,0,0,0,0,0,1,0,0
13094,0,1,0,0,0,0,0,0,0,0,0,0,0,0,0,0,0
13134,0,0,0,0,1,0,0,0,0,0,0,0,0,0,0,0,0
13302,0,1,0,0,0,0,0,0,0,0,0,0,0,0,0,0,0
13335,0,1,0,0,0,0,0,0,0,0,0,0,0,0,0,0,0
13348,0,0,0,0,0,1,0,0,0,0,0,0,0,0,0,0,0
13424,0,1,0,0,0,0,0,0,0,0,0,0,0,0,0,0,0
13474,0,0,0,1,0,0,0,0,0,0,0,0,0,0,0,0,0
13475,0,0,0,1,0,0,0,0,0,0,0,0,0,0,0,0,0
13506,0,0,0,1,1,0,0,0,0,0,0,0,0,0,0,0,0
13611,0,0,0,0,1,1,0,0,0,0,0,0,0,0,0,0,0
13770,0,1,0,0,0,0,0,0,0,0,0,0,0,0,0,0,0
13774,0,0,0,1,0,0,0,0,0,0,0,0,0,0,0,0,0
13781,0,1,0,0,0,0,0,0,0,0,0,0,1,0,0,0,0
13786,0,1,0,0,0,0,0,0,0,0,0,0,0,0,0,0,0
13788,0,0,0,0,1,0,0,0,0,0,0,0,0,0,0,0,0
13836,0,0,0,1,0,0,0,0,0,0,0,0,0,0,0,0,0
13884,0,1,0,0,0,0,0,0,0,0,0,0,0,0,0,0,0
14061,0,1,0,0,0,0,0,0,0,0,0,0,0,0,0,0,0
14086,0,1,0,0,0,0,0,0,0,0,0,0,0,0,0,0,0
14161,0,0,0,0,0,0,0,0,0,1,0,0,0,0,0,1,0
14222,1,0,0,1,0,0,0,0,0,0,0,0,0,0,0,0,0
14241,0,0,1,0,0,0,0,0,0,0,0,0,0,0,0,0,0
14298,0,0,0,0,1,0,0,0,0,0,0,0,0,0,0,0,0
14381,0,0,0,0,0,0,0,0,0,0,1,0,0,0,0,0,1
14495,0,0,0,1,0,0,0,0,0,0,0,0,0,0,0,0,0
14502,0,0,0,0,0,0,0,0,0,0,0,0,0,0,1,0,0
14509,0,0,0,0,0,0,0,1,0,0,0,1,0,0,0,0,0
14593,0,1,0,0,0,0,0,0,0,0,0,0,0,0,0,0,0
14618,0,1,0,1,0,0,0,0,0,0,0,0,0,0,1,1,1
14627,0,1,0,0,0,0,0,0,0,0,0,0,0,0,0,0,0
14650,0,1,0,0,0,0,0,0,0,0,0,0,0,0,0,0,0
14694,0,1,0,0,0,0,0,0,0,0,0,0,0,0,0,0,0
14790,0,0,0,0,0,1,0,0,0,0,0,0,0,0,0,0,0
14977,0,0,0,0,1,0,0,0,0,0,0,0,0,0,0,0,0
15033,0,0,0,0,0,0,0,0,0,0,0,1,0,0,0,0,0
15072,0,1,0,0,0,0,0,0,0,0,0,0,0,0,0,0,0
15101,0,0,0,1,0,0,0,0,0,0,0,0,0,0,0,0,0
15130,0,0,0,0,1,0,0,0,0,0,0,0,0,0,0,0,0
15133,0,1,0,0,0,0,0,0,0,0,0,0,0,0,0,0,0
15147,0,0,0,0,1,0,0,0,0,0,0,0,0,0,0,0,0
15169,0,1,0,0,0,0,0,0,0,0,0,0,0,0,0,0,0
15205,0,0,0,0,1,0,0,0,0,0,0,0,0,0,0,0,0
15256,0,0,0,1,0,0,0,0,0,0,0,0,0,0,0,0,0
15319,0,0,0,0,0,0,0,0,0,0,0,0,0,0,1,0,0
15383,0,0,0,0,1,0,0,0,0,0,0,0,0,0,0,0,0
15423,0,0,0,0,0,0,0,0,0,0,0,0,0,0,1,0,0
15497,0,1,0,0,0,0,0,0,0,0,0,0,0,0,0,0,0
15557,0,1,0,0,0,0,0,0,0,0,0,0,0,0,0,0,0
15562,0,0,0,0,0,0,1,0,0,0,0,0,0,0,0,0,0
15669,0,1,0,0,0,0,0,0,0,0,0,0,0,0,0,0,0
15706,0,1,0,0,0,0,0,0,0,0,0,0,0,0,0,0,0
15757,0,1,0,0,0,0,0,0,0,0,0,0,0,0,0,0,0
15802,0,1,0,0,1,0,0,0,0,0,0,0,0,0,0,0,0
15805,0,1,0,0,0,0,0,0,0,0,0,0,0,0,0,0,0
15937,0,0,0,0,1,0,0,0,0,0,0,0,0,0,0,0,0
15966,0,1,0,0,0,0,0,0,0,0,0,0,0,0,0,0,0
15991,0,0,0,0,1,0,0,0,0,0,0,0,0,0,0,0,0
16065,0,0,1,0,0,0,0,0,0,0,0,0,0,0,0,0,0
16115,0,0,0,1,0,0,0,0,0,0,0,0,0,0,0,0,0
16276,0,1,0,0,0,0,0,0,0,0,0,0,0,0,0,0,0
16395,0,1,0,0,0,0,0,0,0,0,0,0,0,0,0,0,0
16411,0,0,1,0,1,0,0,0,0,0,0,0,0,0,0,0,0
16509,0,1,0,0,0,0,0,0,0,0,0,0,0,0,0,1,0
16532,0,1,0,0,0,0,0,0,0,0,0,0,0,0,0,0,0
16552,0,1,0,0,0,0,0,0,0,0,0,0,0,0,0,0,0
16569,0,0,0,0,1,0,0,0,0,0,0,0,0,0,0,0,0
16591,0,1,0,0,0,0,0,0,0,0,0,0,0,0,0,0,0
16637,0,1,0,0,0,0,0,0,0,0,0,0,0,0,0,0,0
16684,0,0,0,0,0,0,0,0,0,0,0,0,0,0,1,0,0
16686,0,1,0,0,0,0,0,0,0,0,0,0,0,0,0,0,0
16701,0,0,0,0,1,0,0,0,0,0,0,0,0,0,0,0,0
16735,0,1,0,0,0,0,0,0,0,0,0,0,0,0,0,0,0
16780,0,0,0,1,0,0,0,0,0,0,0,0,0,0,0,0,0
17012,0,0,0,1,0,0,0,0,0,0,0,0,0,0,0,0,0
17139,0,1,0,0,0,0,0,0,0,0,0,0,0,0,0,0,0
17147,0,0,0,0,1,0,0,0,0,0,0,0,0,0,0,0,0
17172,0,0,0,0,1,0,0,0,0,0,0,0,0,0,0,0,0
17306,0,1,0,0,0,0,0,0,0,0,0,0,0,0,0,0,0
17374,0,0,0,0,0,0,0,0,0,0,0,0,0,0,0,1,0
17390,0,1,0,0,0,0,0,0,0,0,0,0,0,0,0,0,0
17482,0,1,0,0,0,0,0,0,0,0,0,0,0,0,0,0,0
17516,0,1,0,0,0,0,0,0,0,0,0,0,0,0,0,0,0
17547,0,1,0,0,0,0,0,0,0,0,0,0,0,0,0,0,0
17557,0,1,0,0,1,0,0,0,0,0,0,0,0,0,0,0,0
17564,0,0,0,0,1,0,0,0,0,0,0,0,0,0,0,0,0
17574,0,0,0,0,1,0,0,0,0,0,0,0,0,0,0,0,0
17579,0,0,1,0,0,0,0,0,0,0,0,0,0,0,0,0,0
17582,0,0,0,1,1,0,0,0,0,0,0,0,0,0,0,0,0
17584,0,0,0,0,1,0,0,0,0,0,0,0,0,0,0,0,0
17591,0,0,1,0,1,0,0,0,0,0,0,0,0,0,0,0,0
17676,0,1,0,0,0,0,0,0,0,0,0,0,0,0,0,0,0
17773,0,1,0,0,0,0,0,0,0,0,0,0,0,0,0,0,0
17841,0,0,0,0,1,0,0,0,0,0,0,0,0,0,0,0,0
17844,0,0,0,1,1,0,0,0,0,0,0,0,0,0,0,0,0
17851,0,0,0,0,1,0,0,0,0,1,0,0,0,0,0,0,0
17865,0,0,0,0,1,0,0,0,0,0,0,0,0,0,0,0,0
18041,0,1,0,0,0,0,0,0,0,0,0,0,0,0,0,0,0
18062,0,0,1,0,0,0,0,0,0,0,0,0,0,0,0,0,0
18155,0,1,0,0,0,0,0,0,0,0,0,0,0,0,0,0,0
18241,0,0,0,0,0,0,0,0,0,0,0,0,1,0,0,0,0
18297,0,0,1,0,1,0,0,0,0,0,0,0,0,0,0,0,0
18300,0,0,0,0,1,0,0,0,0,0,0,0,1,0,0,0,0
18310,0,1,0,0,1,0,0,0,0,0,0,0,0,0,0,0,0
18422,0,0,1,0,0,0,0,0,0,0,0,0,0,0,0,0,0
18568,0,0,0,0,0,0,0,1,0,0,0,0,0,0,0,0,0
18592,0,0,1,0,1,0,0,0,0,0,0,0,0,0,0,0,0
18733,0,1,0,0,0,0,0,1,0,0,0,1,0,0,0,0,0
18779,0,1,0,0,0,0,0,0,0,0,0,0,0,0,0,0,0
19069,0,0,0,1,0,0,0,0,0,0,0,0,0,0,0,0,0
19422,0,1,0,0,0,0,0,0,0,0,0,0,0,0,0,0,0
19429,0,1,0,0,0,0,0,0,0,0,0,0,0,0,0,0,0
19527,0,1,0,0,0,0,0,0,0,0,0,0,0,0,0,0,0
19551,0,1,0,0,0,0,0,0,0,0,0,0,0,0,0,0,0
19688,0,0,0,1,0,0,0,0,0,0,0,0,0,0,0,0,0
19722,0,0,0,0,1,0,0,0,0,0,0,0,0,1,1,0,0
19827,0,0,0,0,1,0,0,0,0,0,0,0,0,0,0,0,0
20055,0,1,0,0,0,0,0,0,0,0,0,0,0,0,0,0,0
20057,0,1,0,0,0,0,0,0,0,0,0,0,0,0,0,0,0
20115,0,1,0,0,0,0,0,0,0,0,0,0,0,0,0,0,0
20144,1,1,0,0,0,0,0,0,0,0,0,0,0,0,0,0,0
20294,0,1,0,0,0,0,0,0,0,0,0,0,0,0,0,0,0
20309,0,0,0,1,0,0,0,0,0,0,0,0,0,0,0,0,0
20331,0,0,0,1,0,0,0,0,0,0,0,0,0,0,0,0,0
20344,0,0,1,0,0,0,0,0,0,0,0,0,0,0,0,0,0
20473,0,1,0,0,0,0,0,0,0,0,0,0,0,0,0,0,0
20485,0,1,0,0,1,0,0,0,0,0,0,0,0,0,0,0,0
20491,0,1,0,0,0,0,0,0,0,0,0,0,0,0,0,0,0
20530,0,1,0,0,0,0,0,0,0,0,0,0,0,0,0,0,0
20545,0,0,1,0,1,0,0,0,0,0,0,0,0,0,0,0,0
20548,0,0,0,0,1,0,0,0,0,0,0,0,0,0,0,0,0
20588,0,0,1,0,1,0,0,0,0,0,0,0,0,0,0,0,0
20595,0,0,0,1,0,0,0,0,0,0,0,0,0,0,0,0,0
20650,0,1,0,0,0,0,0,0,0,0,0,0,0,0,0,0,0
20759,0,1,0,0,0,0,0,0,0,0,0,0,0,0,0,0,0
20764,0,1,0,0,0,0,0,0,0,0,0,0,0,0,0,0,0
20868,0,1,0,0,0,0,0,0,0,0,0,0,0,0,0,0,0
20940,0,1,0,0,0,0,0,0,0,0,0,0,0,0,0,0,0
21096,0,0,0,0,1,0,0,0,0,0,0,0,0,0,0,0,0
21168,0,0,0,1,0,0,0,0,0,0,0,0,0,0,0,0,0
21203,0,0,0,0,0,0,0,0,0,0,0,0,0,0,1,0,0
21296,0,0,0,1,0,0,0,0,0,0,0,0,0,0,0,0,0
21320,0,0,1,0,0,0,0,0,0,0,0,0,0,0,0,0,0
21342,0,1,0,0,0,0,0,1,0,0,0,0,0,0,0,0,0
21472,0,1,0,0,0,0,0,0,0,0,0,0,0,0,0,0,0
21598,0,0,0,0,0,0,0,0,0,0,0,0,1,0,0,0,0
21738,0,1,0,0,0,0,0,0,0,0,0,0,0,0,0,0,0
21764,0,0,0,1,0,0,0,0,0,0,0,0,0,0,0,0,0
21924,0,0,1,0,0,0,0,0,0,0,0,0,0,0,0,0,0
21981,0,0,0,0,0,0,0,0,0,0,0,0,1,0,0,0,0
22047,0,1,0,0,0,0,0,0,0,0,0,0,0,0,0,0,0
22055,0,0,0,1,1,0,0,0,0,0,0,0,0,0,0,0,0
22093,0,0,0,0,0,1,0,0,0,0,0,0,0,0,0,0,0
22177,0,1,0,0,0,0,0,0,0,0,0,0,0,0,0,0,0
22178,0,0,0,0,1,0,0,0,0,0,0,0,0,0,0,0,0
22180,0,0,0,0,0,0,0,0,0,0,0,0,0,0,0,0,1
22246,0,0,0,1,0,0,0,0,0,0,0,0,0,0,0,0,0
22284,0,0,0,0,1,0,0,0,0,0,0,0,0,0,0,0,0
22351,0,1,0,0,0,0,0,0,0,0,0,0,0,0,0,0,0
22394,0,1,0,0,0,0,0,0,0,0,0,0,0,0,0,0,0
22515,0,0,0,0,1,0,0,0,0,0,0,0,0,0,0,0,0
22593,0,0,0,0,0,1,0,0,0,0,0,0,0,0,0,0,0
22612,0,1,0,0,0,0,0,1,1,0,0,0,0,0,0,0,0
22678,0,0,0,0,0,1,0,0,0,0,0,0,0,0,0,0,0
22769,0,0,0,1,0,0,0,0,0,0,0,0,0,0,0,0,0
22772,0,1,0,0,0,0,0,0,0,0,0,0,0,0,0,0,0
22798,0,0,0,1,0,0,0,0,0,0,0,0,0,0,0,0,0
22822,0,1,0,0,0,0,0,0,0,0,0,0,0,0,0,0,0
22834,0,0,1,0,0,0,0,0,0,0,0,0,0,0,0,0,0
22975,0,0,0,1,0,0,0,0,0,0,0,0,0,0,0,0,0
22985,0,0,1,0,0,0,0,0,0,0,0,0,0,0,0,0,0
22987,0,0,0,0,0,0,0,0,0,0,0,0,1,0,0,0,0
23033,0,1,0,0,0,0,0,0,0,0,0,0,0,0,0,0,0
23038,0,0,0,0,1,0,0,0,0,0,0,0,0,0,0,0,0
23059,0,1,0,0,0,0,0,0,0,0,0,0,0,0,0,0,0
23074,0,0,0,0,0,0,0,0,0,1,0,0,1,0,0,0,0
23128,0,0,0,1,0,0,0,0,0,0,0,0,0,0,0,0,0
23140,0,0,1,0,0,0,0,0,0,0,0,0,0,0,0,0,0
23169,0,1,0,0,0,0,0,0,0,0,0,0,0,0,0,0,0
23258,0,0,0,0,0,0,0,1,0,0,0,0,0,0,0,0,0
23286,0,0,0,0,0,0,0,1,0,0,0,0,0,0,0,0,0
23344,0,0,0,0,0,0,0,1,0,0,0,0,0,0,0,0,0
23454,0,1,0,0,0,0,0,0,0,0,0,0,0,0,0,0,0
23457,0,0,0,0,1,0,0,0,0,0,0,0,0,0,0,0,0
23507,0,1,0,0,0,0,0,0,0,0,0,0,0,0,0,0,0
23520,0,1,0,0,0,0,0,0,0,0,0,0,0,0,0,0,0
23540,0,1,0,0,0,0,0,0,0,0,0,0,0,0,0,0,0
23585,0,0,0,0,1,0,0,0,0,0,0,0,0,0,0,0,0
23676,0,1,0,0,0,0,0,0,0,0,0,0,0,0,0,0,0
23707,0,1,0,0,0,0,0,0,0,0,0,0,0,0,0,0,0
23708,0,1,0,0,0,0,0,0,0,0,0,0,0,0,0,0,0
23709,0,1,0,0,0,0,0,0,0,0,0,0,0,0,0,0,0
23710,0,1,0,0,0,0,0,0,0,0,0,0,0,0,0,0,0
23711,0,1,0,0,0,0,0,0,0,0,0,0,0,0,0,0,0
23712,0,1,0,0,0,0,0,0,0,0,0,0,0,0,0,0,0
23713,0,1,0,0,0,0,0,0,0,0,0,0,0,0,0,0,0
23735,0,1,0,0,0,0,0,0,0,0,0,0,0,0,0,0,0
23888,0,1,0,0,1,0,0,0,0,0,0,0,0,0,0,0,0
23899,0,1,0,0,0,0,0,0,0,0,0,0,0,0,0,0,0
23938,0,0,0,0,0,0,0,0,0,1,0,0,0,0,0,0,0
23947,0,1,0,0,0,0,0,0,0,0,0,0,0,0,0,0,0
23978,0,0,0,0,0,0,0,0,0,0,0,0,0,1,1,0,0
23987,0,1,0,0,0,0,0,0,0,0,0,0,0,0,0,0,0
24047,0,1,0,0,0,0,0,0,0,0,0,0,0,0,0,0,0
24048,0,1,0,0,0,0,0,0,0,0,0,0,0,0,0,0,0
24050,0,1,0,0,0,0,0,0,0,0,0,0,0,0,0,0,0
24051,0,1,0,0,0,0,0,0,0,0,0,0,0,0,0,0,0
24122,0,1,0,0,0,0,0,0,0,0,0,0,0,0,0,0,0
24190,0,0,0,1,0,0,0,0,0,0,0,0,0,0,0,0,0
24313,0,0,0,0,1,0,0,0,0,0,0,0,0,0,0,0,0
24389,0,1,0,0,1,0,0,0,0,0,0,0,0,0,0,0,0
24429,0,1,0,0,0,0,0,0,0,0,0,0,0,0,0,0,0
24457,0,1,0,0,0,0,0,0,0,0,0,0,0,0,0,0,0
24470,0,1,0,0,0,0,0,0,0,0,0,0,0,0,0,0,0
24482,0,1,0,0,0,0,0,0,0,0,0,0,0,0,0,0,0
24499,0,1,0,0,1,0,0,0,0,0,0,0,0,0,0,0,0
24508,0,1,0,0,0,0,0,0,0,0,0,0,0,0,0,0,0
24561,0,0,0,0,1,0,0,0,0,0,0,0,0,0,0,0,0
24595,0,0,0,1,1,0,0,0,0,0,0,0,0,0,0,0,0
24657,0,1,0,0,0,0,0,0,0,0,0,0,0,0,0,0,0
24689,0,1,0,0,0,0,0,0,0,0,0,0,0,0,0,0,0
24736,0,1,0,0,0,0,0,0,0,0,0,0,0,0,0,0,0
24789,0,1,0,0,1,0,0,0,0,0,0,0,0,0,0,0,0
24889,0,1,0,0,0,0,0,0,0,0,0,0,0,0,0,0,0
25094,0,0,0,0,1,0,0,0,0,0,0,0,0,0,0,0,0
25133,0,1,0,0,0,0,0,0,0,0,0,0,0,0,0,0,0
25237,0,0,0,0,0,0,0,0,0,0,0,0,0,0,1,0,0
25309,0,1,0,0,0,0,0,0,0,0,0,0,0,0,0,0,0
25373,0,0,0,0,1,0,0,0,0,0,0,0,0,0,0,0,0
25425,0,0,0,0,0,0,0,0,0,0,0,0,0,0,1,0,0
25572,0,1,0,0,0,0,0,0,0,0,0,0,0,0,0,0,0
25698,0,1,0,0,0,0,0,0,0,0,0,0,0,0,0,0,0
25735,0,1,0,0,0,0,0,0,0,0,0,0,0,0,0,0,0
25755,0,0,0,0,0,0,0,1,0,0,0,0,0,0,0,0,0
25804,0,1,0,0,0,0,0,0,0,0,0,0,0,0,0,0,0
25829,0,0,1,0,0,0,0,0,0,0,0,1,0,0,0,0,0
25888,0,1,0,0,0,0,0,0,0,0,0,0,0,0,0,0,1
25992,0,0,0,0,1,0,0,0,0,0,0,0,0,0,0,0,0
25996,0,0,0,0,1,0,0,0,0,0,0,0,0,0,0,0,0
26356,0,1,0,0,0,0,0,0,0,0,0,0,0,0,0,0,0
26468,0,1,0,0,0,0,0,0,0,0,0,0,0,0,0,0,0
26496,0,1,0,0,0,0,0,0,0,0,0,0,0,0,0,0,0
26554,0,1,0,0,0,0,0,0,0,0,0,0,0,0,0,0,0
26593,0,1,0,0,0,0,0,0,0,0,0,0,0,0,0,0,0
26599,0,1,0,0,0,0,0,0,0,0,0,0,0,0,0,0,0
26611,0,1,0,0,0,0,0,0,0,0,0,0,0,0,0,0,0
26615,0,1,0,0,0,0,0,0,0,0,0,0,0,0,0,0,0
26621,0,0,0,0,0,0,1,0,0,0,0,0,0,0,0,0,0
26723,0,0,0,0,0,1,0,0,0,0,0,0,0,0,0,0,0
26762,0,0,0,0,0,0,0,1,0,0,0,0,0,0,0,0,0
26810,0,0,0,0,1,1,0,0,0,0,0,0,0,0,0,0,0
26854,0,0,0,0,1,0,0,0,0,0,0,0,0,0,0,0,0
26956,0,0,0,0,0,0,0,0,0,0,0,0,0,0,1,0,0
27016,0,0,0,0,1,0,0,0,0,0,0,0,0,0,0,0,0
27030,0,0,0,0,1,0,0,0,0,0,0,0,0,0,0,0,0
27202,0,0,0,0,1,0,0,0,0,0,0,0,0,0,0,0,0
27228,0,1,0,0,0,0,0,0,0,0,0,0,0,0,0,0,0
27277,0,1,0,0,0,0,0,0,0,0,0,0,0,0,0,0,0
27318,0,1,0,0,0,0,0,0,0,0,0,0,0,0,0,0,0
27319,0,1,0,0,0,0,0,0,0,0,0,0,0,0,0,0,0
27320,0,1,0,0,0,0,0,0,0,0,0,0,0,0,0,0,0
27321,0,1,0,0,0,0,0,0,0,0,0,0,0,0,0,0,0
27322,0,1,0,0,0,0,0,0,0,0,0,0,0,0,0,0,0
27370,0,0,0,0,1,0,0,0,0,0,0,0,0,0,0,0,0
27475,0,0,0,0,0,0,0,0,0,0,0,0,0,0,0,1,0
27649,0,0,0,1,0,0,0,0,0,0,0,0,0,0,0,0,0
27655,0,0,0,0,0,0,0,0,0,1,0,0,1,0,0,0,0
27674,0,0,0,0,1,0,0,0,0,0,0,0,0,0,0,0,0
27678,0,1,0,0,0,0,0,0,0,0,0,0,0,0,0,0,0
27687,0,0,0,1,0,0,0,0,0,0,0,0,0,0,0,0,0
27730,0,0,0,1,0,0,0,0,0,0,0,0,0,0,0,0,0
27750,0,0,1,0,0,0,0,0,0,0,0,0,0,0,0,0,0
27764,0,0,0,1,0,0,0,0,0,0,0,0,0,0,0,0,0
27775,0,1,0,0,0,0,0,1,0,0,0,0,0,0,0,0,0
27785,0,0,0,1,0,0,0,0,0,0,0,0,0,0,0,0,0
27797,0,1,0,0,0,0,0,0,0,0,0,0,0,0,0,0,0
27811,0,0,0,1,0,0,0,0,0,0,0,0,0,0,0,0,0
27812,0,0,0,1,0,0,0,0,0,0,0,0,0,0,0,0,0
27822,0,1,0,0,0,0,0,0,0,0,0,0,0,0,0,0,0
27848,0,1,0,0,0,0,0,0,0,0,0,0,0,0,0,0,0
27859,0,1,0,0,0,0,0,0,0,0,0,0,0,0,0,0,0
27862,0,0,0,1,0,0,0,0,0,0,0,0,0,0,0,0,0
27894,0,0,0,0,1,0,0,0,0,0,0,0,0,0,0,0,0
27905,0,0,0,1,0,0,0,0,0,0,0,0,0,0,0,0,0
27910,0,0,0,1,0,0,0,0,0,0,0,0,0,0,0,0,0
27913,0,1,0,0,0,0,0,0,0,0,0,0,0,0,0,0,0
27919,0,1,0,0,0,0,0,0,0,0,0,0,0,0,0,0,0
27949,0,0,0,0,1,0,0,0,0,0,0,0,0,0,0,0,0
27952,0,0,0,1,1,0,0,0,0,0,0,0,0,0,0,0,0
27957,0,0,0,1,0,0,0,0,0,0,0,0,0,0,0,0,0
27961,0,0,0,0,1,0,0,0,0,0,0,0,0,0,0,0,0
27967,0,0,0,0,1,0,0,0,0,0,0,0,0,0,0,0,0
27999,0,0,0,1,0,0,0,0,0,0,0,0,0,0,0,0,0
28012,0,0,0,1,0,0,0,0,0,0,0,0,0,0,0,0,0
28020,0,0,0,0,1,0,0,0,0,0,0,0,0,0,0,0,0
28027,0,0,1,0,0,0,0,0,0,0,0,0,0,0,0,0,0
28033,0,0,0,1,0,0,0,0,0,0,0,0,0,0,0,0,0
28035,0,0,0,1,0,0,0,0,0,0,0,0,0,0,0,0,0
28048,0,1,0,0,1,0,0,0,0,0,0,0,0,0,0,0,0
28052,0,0,0,0,0,0,0,1,0,0,0,0,0,0,0,0,0
28054,0,1,0,0,0,0,0,0,0,0,0,0,0,0,0,0,0
28055,0,0,0,1,0,0,0,0,0,0,0,0,0,0,0,0,0
28059,0,0,0,1,0,0,0,0,0,0,0,0,0,0,0,0,0
28069,0,0,0,1,0,0,0,0,0,0,0,0,0,0,0,0,0
28070,0,0,0,1,0,0,0,0,0,0,0,0,0,0,0,0,0
28074,0,0,0,1,0,0,0,0,0,0,0,0,0,0,0,0,0
28079,1,0,0,0,0,0,0,0,0,0,0,0,0,0,0,0,0
28089,0,0,0,1,1,0,0,0,0,0,0,0,0,0,0,0,0
28100,1,1,0,0,0,0,0,0,0,0,0,0,1,0,0,0,0
28112,0,0,0,1,0,0,0,0,0,0,0,0,0,0,0,0,0
28114,0,0,0,0,0,0,0,1,0,0,0,0,0,0,0,0,0
28130,0,1,0,0,0,0,0,0,0,0,0,0,0,0,0,0,0
28181,0,1,0,0,0,0,0,0,0,0,0,0,0,0,0,0,0
28196,0,0,0,1,0,0,0,0,0,0,0,0,0,0,0,0,0
28248,0,0,0,1,0,0,0,0,0,0,0,0,0,0,0,0,0
28304,0,0,0,1,0,0,0,0,0,0,0,0,0,0,0,0,0
28349,0,1,0,0,0,0,0,0,0,0,0,0,0,0,0,0,0
28468,0,1,0,0,0,0,0,0,0,0,0,0,0,0,0,0,0
28507,0,0,0,0,0,0,0,1,0,0,0,0,0,0,0,0,0
28517,0,0,0,0,0,0,0,1,0,0,0,0,0,0,0,0,0
28573,0,1,0,0,0,0,0,0,0,0,0,0,0,0,0,0,0
28581,0,0,0,1,0,0,0,0,0,0,0,0,0,0,0,0,0
28586,0,0,0,1,0,0,0,0,0,0,0,0,0,0,0,0,0
28604,0,0,0,0,0,0,0,1,0,0,0,0,0,0,0,0,0
28629,0,0,0,0,1,0,0,0,0,0,0,0,0,0,0,0,0
28631,0,0,0,1,0,0,0,0,0,0,0,0,0,0,0,0,0
28637,0,0,0,0,1,0,0,0,0,0,0,0,0,0,0,0,0
28672,0,0,0,1,0,0,0,0,0,0,0,0,0,0,0,0,0
28681,0,1,0,0,0,0,0,0,0,0,0,0,0,0,0,0,0
28749,0,0,0,0,0,0,0,0,0,0,0,0,0,0,1,0,0
29139,0,0,0,0,0,0,0,0,0,0,0,0,0,0,1,0,0
29214,0,0,0,0,1,0,0,0,0,0,0,0,0,0,0,0,0
29242,0,0,0,0,0,0,0,1,0,0,0,0,0,0,0,0,0
29286,0,1,0,0,0,0,0,0,0,0,0,0,0,0,0,0,0
29325,0,0,0,0,0,0,0,0,0,0,0,0,0,1,1,0,0
29465,0,1,0,0,0,0,0,0,0,0,0,0,0,0,0,0,0
29575,0,0,0,1,0,0,0,0,0,0,0,0,0,0,0,0,0
29617,0,0,0,0,0,0,0,0,0,0,0,0,1,0,0,0,0
29673,0,0,1,1,1,0,0,0,0,0,0,0,0,0,0,0,0
29791,0,1,0,0,0,0,0,0,0,0,0,0,0,0,0,0,0
29848,0,0,1,0,0,0,0,0,0,0,0,0,0,0,0,0,0
29860,0,0,0,0,1,0,0,0,0,0,0,0,0,0,0,0,0
29894,1,1,0,0,0,0,0,0,0,0,0,0,0,0,0,0,0
29977,0,0,0,0,0,0,0,0,0,0,0,0,0,0,1,0,0
29992,0,0,0,0,1,0,0,0,0,0,0,0,0,0,0,0,0
30036,0,1,0,0,0,0,0,0,0,0,0,0,0,0,0,0,0
30081,0,1,0,0,0,0,0,0,0,0,0,0,0,0,0,0,0
30122,0,1,0,0,0,0,0,0,0,0,0,0,0,0,0,0,0
30123,0,1,0,0,0,0,0,0,0,0,0,0,0,0,0,0,0
30124,0,1,0,0,0,0,0,0,0,0,0,0,0,0,0,0,0
30125,0,1,0,0,0,0,0,0,0,0,0,0,0,0,0,0,0
30127,0,1,0,0,0,0,0,0,0,0,0,0,0,0,0,0,0
30128,0,1,0,0,0,0,0,0,0,0,0,0,0,0,0,0,0
30129,0,1,0,0,0,0,0,0,0,0,0,0,0,0,0,0,0
30130,0,1,0,0,0,0,0,0,0,0,0,0,0,0,0,0,0
30131,0,1,0,0,0,0,0,0,0,0,0,0,0,0,0,0,0
30132,0,1,0,0,0,0,0,0,0,0,0,0,0,0,0,0,0
30133,0,1,0,0,0,0,0,0,0,0,0,0,0,0,0,0,0
30134,0,1,0,0,0,0,0,0,0,0,0,0,0,0,0,0,0
30188,0,1,0,0,0,0,0,0,0,0,0,0,0,0,0,0,0
30313,0,0,0,0,1,0,0,0,0,0,0,0,0,0,0,0,0
30345,0,0,0,0,0,1,0,0,0,0,0,0,0,0,0,0,0
30373,0,1,0,0,0,0,0,0,0,0,0,0,0,0,0,0,0
30453,0,0,0,0,0,0,0,0,0,0,0,0,0,0,1,0,0
30511,0,1,0,0,0,0,0,0,0,0,0,0,0,0,0,0,0
30636,0,1,0,0,0,0,0,0,0,0,0,0,0,0,0,0,0
30786,0,0,0,0,0,0,0,1,0,0,0,0,0,0,0,0,0
30844,0,1,0,0,0,0,0,0,0,0,0,0,0,0,0,0,0
30885,0,0,0,1,1,0,0,0,0,0,0,0,0,0,0,0,0
30971,0,1,0,0,0,0,0,0,0,0,0,0,0,0,0,0,0
30992,0,1,0,0,0,0,0,0,0,0,0,0,0,0,0,0,0
31034,0,1,0,0,0,0,0,0,0,0,0,0,0,0,0,0,0
31065,0,0,0,0,1,0,0,0,0,0,0,0,0,0,0,0,0
31069,0,1,0,0,0,0,0,0,0,0,0,0,0,0,0,0,0
31079,0,1,0,0,0,0,0,0,0,0,0,0,0,0,0,0,0
31122,0,1,0,0,0,0,0,0,0,0,0,0,0,0,0,0,0
31133,0,1,0,0,0,0,0,0,0,0,0,0,0,0,0,0,0
31167,0,1,0,0,0,0,0,0,0,0,0,0,0,0,0,0,0
31210,0,1,0,0,0,0,0,0,0,0,0,0,0,0,0,0,0
31313,0,0,0,0,1,0,0,0,0,0,0,0,0,0,0,0,0
31511,0,0,0,0,0,0,0,0,0,0,0,0,0,0,1,0,0
31515,0,1,0,0,0,0,0,0,0,0,0,0,0,0,0,0,0
31581,0,0,0,0,1,0,0,0,0,0,0,0,0,0,0,0,0
31614,0,0,0,1,1,0,0,0,0,0,0,0,0,0,0,0,0
31621,0,0,0,0,0,0,0,0,0,0,0,0,0,0,0,1,0
31747,0,0,0,1,0,0,0,0,0,0,0,0,0,0,0,0,0
31767,0,1,0,0,0,0,0,0,0,0,0,0,0,0,0,0,1
31898,0,1,0,0,0,0,0,0,0,0,0,0,0,0,0,0,0
31958,0,1,0,0,0,0,0,0,0,0,0,0,0,0,0,0,0
31981,0,1,0,0,0,0,0,0,0,0,0,0,0,0,0,0,0
32027,0,0,0,0,1,0,0,0,0,0,0,0,0,0,1,0,0
32071,0,0,1,0,0,0,0,0,0,0,0,0,0,0,0,0,0
32082,0,0,1,0,0,0,0,0,0,0,0,0,0,0,0,0,0
32099,0,0,0,0,1,0,0,0,0,0,0,0,0,0,0,0,0
32365,0,0,0,0,1,0,0,0,0,0,0,0,0,0,0,0,0
32568,0,0,0,1,0,0,0,0,0,0,0,0,0,0,0,0,0
32612,0,0,0,0,0,0,0,0,0,0,0,1,0,0,0,0,0
32806,0,1,0,0,0,0,0,0,0,0,0,0,0,0,0,0,0
32858,0,0,0,0,0,1,0,0,0,0,0,0,0,0,0,0,0
32934,0,1,0,0,0,0,0,0,0,0,0,0,0,0,0,0,0
32982,0,0,0,0,1,0,0,0,0,0,0,0,0,0,0,0,0
33000,0,1,0,0,0,0,0,0,0,0,0,0,0,0,0,0,0
33071,0,1,0,0,0,0,0,0,0,0,0,0,0,0,0,0,0
33072,0,1,0,0,0,0,0,0,0,0,0,0,0,0,0,0,0
33073,0,1,0,0,0,0,0,0,0,0,0,0,0,0,0,0,0
33074,0,1,0,0,0,0,0,0,0,0,0,0,0,0,0,0,0
33075,0,1,0,0,0,0,0,0,0,0,0,0,0,0,0,0,0
33076,0,1,0,0,0,0,0,0,0,0,0,0,0,0,0,0,0
33077,0,1,0,0,0,0,0,0,0,0,0,0,0,0,0,0,0
33078,0,1,0,0,0,0,0,0,0,0,0,0,0,0,0,0,0
33079,0,1,0,0,0,0,0,0,0,0,0,0,0,0,0,0,0
33080,0,1,0,0,0,0,0,0,0,0,0,0,0,0,0,0,0
33081,0,1,0,0,0,0,0,0,0,0,0,0,0,0,0,0,0
33082,0,1,0,0,0,0,0,0,0,0,0,0,0,0,0,0,0
33091,0,0,1,0,0,0,0,0,0,0,0,0,0,0,0,0,0
33110,0,0,0,0,0,1,0,0,0,0,0,0,0,0,0,0,0
33138,0,0,0,0,1,0,0,0,0,0,0,0,0,0,0,0,0
33248,0,0,0,0,1,0,0,0,0,0,0,0,0,0,0,0,0
33343,0,0,0,0,1,0,0,0,0,0,0,0,0,0,0,0,0
33353,0,1,0,0,0,0,0,1,0,0,0,0,0,0,0,0,0
33495,0,1,0,0,0,0,0,0,0,0,0,0,0,0,0,0,0
33515,0,0,0,0,1,0,0,0,0,0,0,0,0,0,0,0,0
33519,0,0,0,1,0,0,0,0,0,0,0,0,0,0,0,0,0
33558,0,1,0,0,0,0,0,0,0,0,0,0,0,0,0,0,0
33584,0,0,0,1,0,0,0,0,0,0,0,0,0,0,0,0,0
33696,0,1,0,0,0,0,0,0,0,0,0,0,0,0,0,0,0
33876,0,1,0,0,0,0,0,0,0,0,0,0,0,0,0,0,0
33891,0,1,0,0,0,0,0,0,0,0,0,0,0,0,0,0,0
34073,0,0,0,0,1,0,0,0,0,0,0,0,0,0,0,0,0
34216,0,0,0,0,0,0,0,0,0,0,0,0,0,1,0,0,0
34339,0,0,0,0,1,0,0,0,0,0,0,0,0,0,0,0,0
34344,0,0,0,0,0,0,0,0,0,0,0,0,0,0,1,0,0
34444,0,1,0,0,0,0,0,0,0,0,0,0,0,0,0,0,0
34549,0,1,0,0,0,0,0,0,0,0,0,0,0,0,0,0,0
34554,0,1,0,0,0,0,0,0,0,0,0,0,0,0,0,0,0
34840,0,1,0,0,0,0,0,0,0,0,0,0,0,0,0,0,0
34927,0,1,0,0,0,0,0,0,0,0,0,0,0,0,0,0,0
35006,0,0,0,0,1,0,0,0,0,0,0,0,0,0,0,0,0
35104,0,1,0,0,0,0,0,0,0,0,0,0,0,0,0,0,0
35135,0,0,0,1,0,0,0,0,0,0,0,0,0,0,0,0,0
35160,0,0,0,0,1,0,0,0,0,0,0,0,0,0,0,0,0
35206,0,1,0,0,0,0,0,0,0,0,0,0,0,0,0,0,0
35503,0,0,0,0,1,0,0,0,0,0,0,0,0,0,0,0,0
35506,0,0,0,0,1,0,0,0,0,0,0,0,0,0,0,0,0
35519,0,0,0,1,0,0,0,0,0,0,0,0,0,0,0,0,0
35542,0,0,0,0,1,0,0,0,0,0,0,0,0,0,0,0,0
35559,0,0,0,0,0,0,1,0,0,0,0,0,0,0,0,0,0
35575,0,1,0,0,0,0,0,0,0,0,0,0,0,0,0,0,0
35819,0,1,0,0,0,0,0,0,0,0,0,0,0,0,0,0,0
35871,0,1,0,0,0,0,0,0,0,0,0,0,0,0,0,0,0
35940,0,1,0,0,0,0,0,0,0,0,0,0,0,0,0,0,0
35955,0,0,0,0,0,0,0,0,0,0,0,0,0,1,0,0,0
35963,0,0,0,0,0,0,0,0,0,0,0,0,0,1,1,0,0
35998,0,0,1,0,0,0,0,0,0,0,0,0,0,0,0,0,0
36040,0,1,0,0,0,0,0,0,0,0,0,0,0,0,0,0,0
36090,0,1,0,0,0,0,0,0,0,0,0,0,0,0,0,0,0
36092,0,0,0,0,0,1,0,0,0,0,0,0,0,0,0,0,0
36112,0,0,1,0,0,0,0,0,0,0,0,0,0,0,0,0,0
36119,0,1,0,0,0,0,0,0,0,0,0,0,0,0,0,0,0
36289,0,0,1,0,0,0,0,0,0,0,0,0,0,0,0,0,0
36351,0,1,0,0,0,0,0,0,0,0,0,0,0,0,0,0,0
36456,0,0,0,1,0,0,0,0,0,0,0,0,0,0,0,0,0
36553,0,0,0,0,1,0,0,0,0,0,0,0,0,0,0,0,0
36673,0,0,0,0,0,0,0,0,0,0,0,0,1,0,0,0,0
36750,0,0,0,0,1,0,0,0,0,0,0,0,0,0,0,0,0
36859,0,0,1,0,0,0,0,0,0,0,0,0,0,0,0,0,0
36873,0,1,0,0,0,0,0,0,0,0,0,0,0,0,0,0,0
36890,0,1,0,0,0,0,0,0,0,0,0,0,0,0,0,0,0
36929,0,0,0,1,1,0,0,0,0,0,0,0,0,0,0,0,0
36962,0,1,0,0,0,0,0,0,0,0,0,0,0,0,0,0,0
36974,0,1,0,0,0,0,0,0,0,0,0,0,0,0,0,0,0
36992,0,1,0,0,1,0,0,0,0,0,0,0,0,0,0,0,0
37069,0,1,0,0,0,0,0,0,0,0,0,0,0,0,0,0,0
37074,0,0,1,0,0,0,0,0,0,0,0,0,0,0,0,0,0
37100,0,1,0,0,0,0,0,0,0,0,0,0,0,0,0,0,0
37154,0,1,0,0,1,0,0,0,0,0,0,0,0,0,0,0,0
37184,0,1,0,0,0,0,0,0,0,0,0,0,0,0,0,0,0
37206,0,0,0,1,1,0,0,0,0,0,0,0,0,0,0,0,0
37224,0,1,0,0,0,0,0,0,0,0,0,0,0,0,0,0,0
37324,0,1,0,0,0,0,0,0,0,0,0,0,0,0,0,0,0
37386,0,1,0,0,0,0,0,0,0,0,0,0,0,0,0,0,0
37412,0,1,0,0,0,0,0,0,0,0,0,0,0,0,0,0,0
37420,0,0,1,0,0,0,0,0,0,0,0,0,0,0,0,0,0
37424,0,1,0,0,0,0,0,0,0,0,0,0,0,0,0,0,0
37431,0,1,0,0,0,0,0,0,0,0,0,0,0,0,0,0,0
37452,0,0,0,1,1,0,0,0,0,0,0,0,0,0,0,0,0
37463,0,1,0,0,0,0,0,0,0,0,0,0,0,0,0,0,0
37468,0,1,0,0,1,0,0,0,0,0,0,0,0,0,0,0,0
37472,0,1,0,0,1,0,0,0,0,0,0,0,0,0,0,0,0
37474,0,1,0,0,0,0,0,0,0,0,0,0,0,0,0,0,0
37565,0,0,0,1,0,0,0,0,0,0,0,0,0,0,0,0,0
37576,0,1,0,0,0,0,0,0,0,0,0,0,0,0,0,0,0
37582,0,0,0,0,1,0,0,0,0,0,0,0,0,0,0,0,0
37613,0,1,0,0,0,0,0,0,0,0,0,0,0,0,0,0,0
37617,0,0,0,1,1,0,0,0,0,0,0,0,0,0,0,0,0
37662,0,1,0,0,0,0,0,0,0,0,0,0,0,0,0,0,0
37663,0,1,0,0,0,0,0,0,0,0,0,0,0,0,0,0,0
37668,0,1,0,0,0,0,0,0,0,0,0,0,0,0,0,0,0
37682,0,1,0,0,0,0,0,0,0,0,0,0,0,0,0,0,0
37699,0,1,0,0,0,0,0,0,0,0,0,0,0,0,0,0,0
37700,0,1,0,0,0,0,0,0,0,0,0,0,0,0,0,0,0
37701,0,1,0,0,0,0,0,0,0,0,0,0,0,0,0,0,0
37728,0,1,0,0,0,0,0,0,0,0,0,0,0,0,0,0,0
37776,0,1,0,0,0,0,0,0,0,0,0,0,0,0,0,0,0
37780,0,1,0,0,0,0,0,0,0,0,0,0,0,0,0,0,0
37937,0,0,0,0,1,0,0,0,0,0,0,0,0,0,0,0,0
37963,0,1,0,0,0,0,0,1,0,0,0,0,0,0,0,0,0
38011,0,1,0,0,0,0,0,0,0,0,0,0,0,0,0,0,0
38027,0,0,0,0,1,0,0,0,0,0,0,0,0,0,0,0,0
38064,0,1,0,0,0,0,0,0,0,0,0,0,0,0,0,0,0
38112,0,0,0,0,1,0,0,0,0,0,0,0,0,0,0,0,0
38125,0,0,0,0,0,0,0,0,0,0,0,0,0,0,1,0,0
38136,0,1,0,0,0,0,0,0,0,0,0,0,0,0,0,0,0
38186,0,1,0,0,0,0,0,0,0,0,0,0,0,0,0,0,0
38191,0,1,0,0,0,0,0,0,0,0,0,0,0,0,0,0,0
38200,0,1,0,0,0,0,0,0,0,0,0,0,0,0,0,0,0
38280,0,0,1,0,0,0,0,0,0,0,0,0,0,0,0,0,0
38388,0,0,0,0,1,0,0,0,0,0,0,0,0,0,0,0,0
38438,0,0,0,0,1,0,0,0,0,0,0,0,0,0,0,0,0
38456,0,1,0,0,0,0,0,0,0,0,0,0,0,0,0,0,0
38568,0,1,0,0,0,0,0,0,0,0,0,0,0,0,0,0,0
38621,0,1,0,0,0,0,0,0,0,0,0,0,0,0,0,0,0
38622,0,1,0,0,0,0,0,0,0,0,0,0,0,0,0,0,0
38644,0,1,0,0,0,0,0,0,0,0,0,0,0,0,0,0,0
38682,0,0,1,0,1,0,0,0,0,0,0,0,0,0,0,0,0
38693,0,0,0,0,1,0,0,0,0,0,0,0,0,0,0,0,0
38708,0,0,0,1,1,0,0,0,0,0,0,0,0,0,0,0,0
38755,0,0,0,0,1,0,0,0,0,0,0,0,0,0,0,0,0
38764,0,0,0,0,1,0,0,0,0,0,0,0,0,0,0,0,0
38866,0,0,0,0,0,0,0,0,0,0,0,0,0,0,1,0,0
38891,0,1,0,0,0,0,0,0,0,0,0,0,0,0,0,0,0
38892,0,0,0,0,0,0,0,0,0,0,0,0,0,1,1,0,0
38930,0,1,0,0,0,0,0,0,0,0,0,0,0,0,0,0,0
39107,0,1,0,0,0,0,0,0,0,0,0,0,0,0,0,0,0
39133,0,0,0,1,0,0,0,0,0,0,0,0,0,0,0,0,0
39160,0,1,0,0,0,0,0,0,0,0,0,0,0,0,0,0,0
39202,0,0,0,0,0,0,0,1,0,0,0,0,0,0,0,0,0
39279,0,0,0,0,1,0,0,0,0,0,0,0,0,0,0,0,0
39356,0,1,0,0,0,0,0,0,0,0,0,0,0,0,0,0,0
39386,0,1,0,0,1,0,0,0,0,0,0,0,0,0,0,0,0
39397,0,1,0,0,0,0,0,0,0,0,0,0,0,0,0,0,0
39607,0,1,0,0,0,0,0,0,0,0,0,0,0,0,0,0,0
39909,0,0,1,0,1,0,0,0,0,0,0,0,0,0,0,0,0
39940,0,0,0,1,0,0,0,0,0,0,0,0,0,0,0,0,0
40009,0,1,0,0,0,0,0,1,0,0,0,0,0,0,0,0,0
40193,0,1,0,0,0,0,0,0,0,0,0,0,0,0,0,0,0
40412,0,0,0,0,1,0,0,0,0,0,0,0,0,0,0,0,0
40565,0,1,0,0,0,0,0,0,0,0,0,0,0,1,0,0,0
40721,0,0,0,0,1,0,0,0,0,0,0,0,0,0,0,0,0
40808,1,0,0,0,0,0,0,0,0,0,0,0,0,1,0,0,0
40863,0,0,0,0,1,0,0,0,0,0,0,0,0,0,0,0,0
40959,0,0,0,0,0,0,0,0,0,0,0,0,0,1,0,0,0
40992,0,0,0,1,0,0,0,0,0,0,0,0,0,0,0,0,0
41075,0,1,0,0,0,0,0,0,0,0,0,0,0,0,0,0,0
41095,0,1,0,0,0,0,0,0,0,0,0,0,0,0,0,0,0
41327,0,1,0,0,0,0,0,0,0,0,0,0,0,0,0,0,0
41379,0,1,0,0,0,0,0,0,0,0,0,0,0,0,0,0,0
41424,0,0,0,0,1,0,0,0,0,0,0,0,0,0,0,0,0
41548,0,0,0,0,1,0,0,0,0,0,0,0,0,0,0,0,0
41567,0,0,0,1,0,0,0,0,0,0,0,0,0,0,0,0,0
41697,0,1,0,0,0,0,0,0,0,0,0,0,0,0,0,0,0
41706,0,0,0,0,1,0,0,0,0,1,0,0,0,0,0,0,1
41707,0,0,0,0,0,0,0,0,0,0,0,0,0,0,1,0,0
41708,0,0,0,1,0,0,0,0,0,0,0,0,0,0,0,0,0
41751,0,0,0,0,0,0,0,0,0,0,0,0,0,0,0,1,1
41882,0,1,0,0,0,0,0,0,0,0,0,0,0,0,0,0,0
41888,0,0,0,0,1,0,0,0,0,0,0,0,0,0,0,0,0
42121,0,0,0,0,1,0,0,0,0,0,0,0,0,0,0,0,0
42186,0,0,0,0,1,0,0,0,0,0,0,0,0,0,0,0,0
42379,0,0,0,0,0,0,0,0,0,0,0,0,0,1,0,0,0
42437,0,1,0,0,1,0,0,0,0,0,0,0,0,0,0,0,0
42473,0,1,0,0,0,0,0,0,0,0,0,0,0,0,0,0,0
42476,0,1,0,0,0,0,0,0,0,0,0,0,0,0,0,0,0
42556,0,0,0,0,0,0,0,0,0,0,0,0,0,1,0,0,0
42615,0,0,0,0,0,0,1,0,0,0,0,0,0,0,0,0,0
42656,0,0,0,0,0,0,0,0,0,0,0,0,0,0,0,1,0
42831,0,1,0,0,0,0,0,0,0,0,0,0,0,0,0,0,0
42894,0,0,0,0,1,0,0,0,0,0,0,0,0,0,0,0,0
42991,0,1,0,0,0,0,0,0,0,0,0,0,0,0,0,0,0
43104,0,0,0,0,0,0,0,0,0,0,0,0,0,1,0,0,0
43188,0,0,0,0,1,0,0,0,0,0,0,0,0,0,0,0,0
43205,0,1,0,0,0,0,0,0,0,0,0,0,0,0,0,0,0
43268,0,1,0,0,0,0,0,0,0,0,0,0,0,0,0,0,0
43355,0,0,0,0,0,0,0,0,0,0,0,0,0,1,0,0,0
43410,0,0,0,1,0,0,0,0,0,0,0,0,0,0,0,0,0
43500,0,0,0,0,0,0,0,1,0,0,0,0,0,0,0,0,0
43797,0,0,0,0,1,0,0,0,0,0,0,0,0,0,0,0,0
43857,0,0,0,0,0,0,0,0,0,0,0,0,0,1,0,0,0
44044,0,0,0,1,0,0,0,0,0,0,0,0,0,0,0,0,0
44139,0,0,0,0,0,0,0,0,0,0,0,0,0,1,0,0,0
44273,0,1,0,0,0,0,0,0,0,0,0,0,0,0,0,0,0
44407,0,1,0,0,0,0,0,0,0,0,0,0,0,0,0,0,0
44421,0,0,0,0,0,0,1,0,0,0,0,0,0,0,0,0,0
44586,0,0,0,0,1,0,0,0,0,0,0,0,0,0,0,0,0
44718,0,0,0,0,0,0,0,0,0,0,0,0,0,1,0,0,0
44896,0,1,0,0,0,0,0,0,0,0,0,0,0,0,0,0,0
44901,0,1,0,0,0,0,0,0,0,0,0,0,0,0,0,0,0
45093,0,1,0,0,0,0,0,0,0,0,0,0,0,0,0,0,0
45102,0,1,0,0,0,0,0,0,0,0,0,0,0,0,0,1,0
45220,1,1,0,0,0,0,0,0,0,0,0,0,0,0,0,0,0
45264,0,0,0,0,0,1,0,0,0,0,0,0,0,0,0,0,0
45285,0,1,0,0,0,0,0,0,0,0,0,0,0,0,0,0,0
45304,0,0,1,0,0,0,0,0,0,0,0,0,0,0,0,0,0
45320,0,0,0,0,1,0,0,0,0,0,0,0,0,0,0,0,0
45353,0,0,0,0,1,0,0,0,0,0,0,0,0,0,0,0,0
45375,0,0,0,0,0,1,0,0,0,0,0,0,0,0,0,0,0
45379,0,0,1,0,1,0,0,0,0,0,0,0,0,0,0,0,0
45384,0,0,0,0,1,0,0,0,0,0,0,0,0,0,0,0,0
45396,0,1,0,0,0,0,0,0,0,0,0,0,0,0,0,0,0
45397,0,0,0,0,1,0,0,0,0,0,0,0,0,0,0,0,0
45408,0,0,0,0,1,0,0,0,0,0,0,0,0,0,0,0,0
45442,0,0,0,0,1,0,0,0,0,0,0,0,0,0,0,0,0
45773,0,0,1,0,1,0,0,0,0,0,0,0,0,0,0,0,0
45937,0,0,0,0,0,0,0,0,0,0,0,0,0,1,0,0,0
45972,0,0,0,0,1,0,0,0,0,0,0,0,0,0,0,0,0
45973,0,0,0,1,1,0,0,0,0,0,0,0,0,0,0,0,0
45984,0,0,1,0,1,1,0,0,0,0,0,0,0,0,0,0,0
45990,0,0,0,0,1,1,0,0,0,0,0,0,0,0,0,0,0
45998,0,0,0,0,1,1,0,0,0,0,0,0,0,0,0,0,0
45999,0,0,0,0,1,0,0,0,0,0,0,0,0,0,1,0,0
46018,0,0,0,0,1,0,0,0,0,0,0,0,0,0,0,0,0
46032,0,1,0,0,0,0,0,0,0,0,0,0,0,0,0,0,0
46210,0,1,0,0,0,0,0,0,0,0,0,0,0,0,0,0,0
46293,0,1,0,0,0,0,0,0,1,0,0,0,1,0,0,0,0
46383,0,0,0,0,0,0,0,0,0,0,0,0,0,1,0,0,0
46483,0,0,0,0,0,1,0,0,0,0,0,0,0,0,0,0,0
46489,0,0,0,0,0,0,0,1,0,0,0,0,0,0,0,0,0
46590,0,0,0,0,1,0,0,0,0,0,0,0,0,0,0,0,0
46630,0,0,0,0,0,0,0,0,0,0,0,0,0,0,1,0,0
46692,0,0,0,0,1,0,0,0,0,0,0,0,0,0,0,0,0
46839,0,0,0,0,0,0,0,0,0,0,0,0,0,1,0,0,0
47147,0,1,0,0,0,0,0,0,0,0,0,0,0,0,0,0,0
47152,0,1,0,0,1,0,0,0,0,0,0,0,0,0,0,0,0
47272,0,1,0,0,0,0,0,0,0,0,0,0,0,0,0,0,0
47302,0,1,0,0,0,0,0,0,0,0,0,0,0,0,0,0,0
47447,0,1,0,0,0,0,0,0,0,0,0,0,0,0,0,0,0
47524,0,1,0,0,0,0,0,0,0,0,0,0,1,0,0,0,0
47559,0,1,0,0,0,0,0,0,0,0,0,0,0,0,0,0,0
47583,0,1,0,0,0,0,0,0,0,0,0,0,0,0,0,0,0
47584,0,1,0,0,0,0,0,0,0,0,0,0,0,0,0,0,0
47623,0,0,1,0,0,0,0,0,0,0,0,0,0,0,0,0,0
47672,0,0,0,0,1,0,0,0,0,0,0,0,0,0,0,0,0
47708,0,0,0,0,0,0,0,1,0,0,0,0,0,0,0,0,0
48037,0,0,0,0,1,0,0,0,0,0,0,0,0,0,0,0,0
48288,0,1,0,0,0,0,0,0,0,0,0,0,0,0,0,0,0
48298,0,0,0,0,1,0,0,0,0,0,0,0,0,0,0,0,0
48443,0,1,0,0,0,0,0,0,0,0,0,0,0,0,0,0,0
48487,0,1,0,0,0,0,0,0,0,0,0,0,0,0,0,0,0
48586,0,1,0,0,0,0,0,0,0,0,0,0,0,0,0,0,0
48782,0,0,0,0,1,0,0,0,0,0,0,0,0,0,0,0,0
48850,0,1,0,0,0,0,0,0,0,0,0,0,0,0,0,0,0
48927,0,1,0,0,0,0,0,0,0,0,0,0,0,0,0,0,0
48987,0,0,0,0,0,0,1,0,0,0,0,0,0,0,0,0,0
49090,0,0,0,1,0,0,0,0,0,0,0,0,0,0,0,0,0
49104,0,0,0,1,0,0,0,0,0,0,0,0,0,0,0,0,0
49142,0,0,0,0,0,0,0,1,0,0,0,0,0,0,0,0,0
49205,0,0,0,0,0,0,0,0,0,1,0,0,1,0,0,0,0
49329,0,0,0,1,0,0,0,0,0,0,0,0,0,0,0,0,0
49368,0,1,0,0,0,0,0,0,0,0,0,0,0,0,0,0,0
49459,0,1,0,0,0,0,0,0,0,0,0,0,0,0,0,0,0
49511,0,0,0,0,1,0,0,0,0,0,0,0,0,0,1,0,0
49624,0,1,0,0,0,0,0,0,0,0,0,0,0,0,0,0,0
49634,0,1,0,0,0,0,0,0,0,0,0,0,0,0,0,0,0
49638,0,1,0,0,0,0,0,0,0,0,0,0,0,0,0,0,0
49911,0,1,0,0,0,0,0,0,0,0,0,0,0,0,0,0,0
49917,0,1,0,0,0,0,0,0,0,0,0,0,0,0,0,0,0
49933,0,0,0,0,0,0,1,0,0,0,0,0,0,0,0,0,0
50061,0,0,0,0,0,0,0,0,1,0,0,0,0,0,0,0,0
50079,0,0,0,1,0,0,0,0,0,0,0,0,0,0,0,0,0
50224,0,0,0,0,0,0,1,0,0,0,0,0,0,0,0,0,0
50248,0,0,0,0,0,0,0,0,0,0,0,0,0,1,0,0,0
50263,0,1,0,0,0,0,0,0,0,0,0,0,0,0,0,0,0
50338,0,1,0,0,0,0,0,0,0,0,0,0,0,0,0,0,0
50561,0,0,1,0,1,0,0,0,0,0,0,0,0,0,0,0,0
50863,0,0,0,0,0,0,0,0,0,0,0,0,0,0,1,0,1
50893,0,0,0,0,1,0,0,0,0,0,0,0,0,0,0,0,0
51090,1,1,0,0,0,0,0,0,0,0,0,0,0,0,0,0,0
51228,0,0,0,1,1,0,0,0,0,0,0,0,0,0,0,0,0
51402,0,1,0,0,0,0,0,0,0,0,0,0,0,0,0,0,0
51437,0,0,0,0,1,0,0,0,0,0,0,0,0,0,0,0,0
51679,1,0,0,0,0,0,0,0,0,0,0,0,0,0,0,0,0
51701,0,1,0,0,0,0,0,0,0,0,0,0,0,0,0,0,0
52055,0,1,0,0,0,0,0,0,0,0,0,0,0,0,0,0,0
52240,0,0,0,0,1,0,0,0,0,0,0,0,0,0,0,0,0
52243,1,1,0,0,0,0,0,0,0,0,0,0,0,0,0,0,0
52250,0,1,0,0,1,0,0,0,0,0,0,0,0,0,0,0,0
52255,0,1,0,0,0,0,0,0,0,0,0,0,1,0,0,0,0
52271,1,0,0,0,0,0,0,0,0,0,0,0,0,0,0,0,0
52274,0,1,0,0,0,0,0,0,0,0,0,0,0,0,0,0,0
52293,0,0,0,0,1,0,0,0,0,0,0,0,0,0,0,0,0
52295,1,0,0,0,0,0,0,0,0,0,0,0,0,0,0,0,0
52303,1,0,0,0,0,0,0,0,0,0,0,0,0,0,0,0,0
52308,0,0,0,0,1,0,0,0,0,0,0,0,1,0,0,0,0
52314,0,0,1,0,0,0,0,0,0,0,0,0,0,0,0,0,0
52315,0,0,0,0,1,0,0,0,0,0,0,0,0,0,0,0,0
52318,0,0,0,0,1,0,0,0,0,0,0,0,0,0,0,0,0
52320,0,1,0,0,0,0,0,0,0,0,0,0,0,0,0,0,0
52323,1,0,0,0,0,0,0,0,0,0,0,0,0,0,0,0,0
52348,1,0,0,0,0,0,0,0,0,0,0,0,0,0,0,0,0
52350,1,0,0,0,0,0,0,0,0,0,0,0,0,0,0,0,0
52357,0,0,0,0,0,0,0,0,0,1,0,0,0,0,0,0,0
52361,0,1,0,0,1,0,0,0,0,0,0,0,0,0,0,0,0
52364,1,1,0,0,0,0,0,0,0,0,0,0,0,0,0,0,0
52372,1,0,0,0,0,0,0,0,0,0,0,0,0,0,0,0,0
52373,0,1,0,0,0,0,0,0,0,0,0,0,0,0,0,0,0
52381,1,0,0,0,0,0,0,0,0,0,0,0,0,0,0,0,0
52383,1,0,0,0,0,0,0,0,0,0,0,0,0,0,0,0,0
52387,1,0,0,0,0,0,0,0,0,0,0,0,0,0,0,0,0
52432,1,0,0,0,0,0,0,0,0,0,0,0,0,0,0,0,0
52440,0,0,1,0,1,0,0,0,0,0,0,0,0,0,0,0,0
52447,1,0,0,0,0,0,0,0,0,0,0,0,0,0,0,0,0
52459,0,0,0,0,1,1,0,0,0,0,0,0,0,0,0,0,0
52468,0,1,0,0,0,0,0,0,0,0,0,0,0,0,0,0,0
52473,1,0,0,0,0,0,0,0,0,0,0,0,0,0,0,0,0
52474,1,0,0,0,0,0,0,0,0,0,0,0,0,0,0,0,0
52486,1,0,0,0,0,0,0,0,0,0,0,0,0,0,0,0,0
52490,1,0,0,0,0,0,0,0,0,0,0,0,0,0,0,0,0
52491,1,0,0,0,0,0,0,0,0,0,0,0,0,0,0,0,0
52496,1,0,0,0,0,0,0,0,0,0,0,0,0,0,0,0,0
52569,0,0,0,0,1,0,0,0,0,0,0,0,0,0,0,0,0
52608,0,0,0,0,1,0,0,0,0,0,0,0,0,0,0,0,0
52622,0,0,0,0,1,0,0,0,0,0,0,0,0,0,0,0,0
52628,0,0,0,0,1,0,0,0,0,0,0,0,0,0,0,0,0
52649,0,0,0,0,1,0,0,0,0,0,0,0,0,0,0,0,0
52756,0,1,0,0,0,0,0,0,0,0,0,0,0,0,0,0,1
52788,0,1,0,0,0,0,0,0,0,0,0,0,0,0,0,0,0
52803,0,1,0,0,0,0,0,0,0,0,0,0,0,0,0,0,0
52867,0,0,0,0,1,0,0,0,0,0,0,0,0,0,0,0,0
52996,0,0,0,0,1,0,0,0,0,0,0,0,0,0,0,0,0
52997,0,0,0,0,1,0,0,0,0,0,0,0,0,0,0,0,0
53035,0,1,0,0,0,0,0,0,0,0,0,0,0,0,0,0,0
53049,0,1,0,0,0,0,0,0,0,0,0,0,0,0,0,0,0
53159,0,0,0,0,1,0,0,0,0,0,0,0,0,0,0,0,0
53249,0,0,0,0,1,0,0,0,0,0,0,0,0,0,0,0,0
53294,0,0,0,0,0,0,0,1,0,0,0,0,0,0,0,0,0
53296,0,0,1,0,0,0,0,0,0,0,0,0,0,0,0,0,0
53339,0,1,0,0,0,0,0,0,0,0,0,0,0,0,0,0,0
53353,0,0,0,0,0,0,0,0,0,0,0,0,0,0,1,0,0
53357,0,0,1,0,0,0,0,0,0,0,0,0,0,0,0,0,0
53387,0,0,0,0,0,0,0,0,0,0,0,0,0,0,0,1,0
53399,0,0,1,0,0,0,0,0,0,0,0,0,0,0,0,0,0
53406,0,0,1,0,0,0,0,0,0,0,0,0,0,0,0,0,0
53421,0,0,1,0,0,0,0,0,0,0,0,0,0,0,0,0,0
53446,0,0,1,0,0,0,0,0,0,0,0,0,0,0,0,0,0
53459,1,1,0,0,0,0,0,0,0,0,0,0,0,0,0,0,0
53469,0,0,1,0,0,0,0,0,0,0,0,0,0,0,0,0,0
53518,1,1,0,0,0,0,0,0,0,0,0,0,0,0,0,0,0
53615,0,0,0,0,1,0,0,0,0,0,0,0,0,0,0,0,0
53622,0,0,1,0,0,0,0,0,0,0,0,0,0,0,0,0,0
53631,0,0,1,0,0,0,0,0,0,0,0,0,0,0,0,0,0
53642,0,0,1,0,0,0,0,0,0,0,0,0,0,0,0,0,0
53643,0,0,1,0,0,0,0,0,0,0,0,0,0,0,0,0,0
53648,0,0,1,0,0,0,0,0,0,0,0,0,0,0,0,0,0
53649,0,1,0,0,0,0,0,0,0,0,0,0,0,0,0,0,0
53772,0,0,1,0,0,0,0,0,0,0,0,0,0,0,0,0,0
53777,0,0,1,0,0,0,0,0,0,0,0,0,0,0,0,0,0
53859,0,1,0,0,0,0,0,0,0,0,0,0,0,0,0,0,0
53906,0,0,1,0,0,0,0,0,0,0,0,0,0,0,0,0,0
53949,1,0,0,0,0,0,0,0,0,0,0,0,0,0,0,0,0
54033,0,1,0,0,0,0,0,0,0,0,0,0,0,0,0,0,0
54058,0,0,0,0,0,0,0,0,0,0,0,0,0,0,0,1,0
54060,0,0,1,0,0,0,0,0,0,0,0,0,0,0,0,0,0
54104,0,1,0,0,0,0,0,0,0,0,0,0,0,0,0,0,0
54113,0,1,0,0,0,0,0,0,0,0,0,0,0,0,0,0,0
54136,0,0,0,1,0,0,0,0,0,0,0,0,0,0,0,0,0
54153,0,0,0,0,0,0,0,0,0,0,0,0,0,1,0,0,0
54192,0,0,1,0,0,0,0,0,0,0,0,0,0,0,0,0,0
54248,0,0,1,0,0,0,0,0,0,0,0,0,0,0,0,0,0
54263,0,0,0,1,0,0,0,0,0,0,0,0,0,0,0,0,0
54289,0,0,0,0,0,1,0,0,0,0,0,0,0,0,0,0,0
54304,0,0,1,0,0,0,0,0,0,0,0,0,0,0,0,0,0
54368,0,0,0,1,0,0,0,0,0,0,0,0,0,0,0,0,0
54397,0,0,1,0,0,0,0,0,0,0,0,0,0,0,0,0,0
54436,0,0,1,0,0,0,0,0,0,0,0,0,0,0,0,0,0
54442,0,0,0,1,0,0,0,0,0,0,0,0,0,0,0,0,0
54443,0,0,1,0,0,0,0,0,0,0,0,0,0,0,0,0,0
54453,0,0,1,0,0,0,0,0,0,0,0,0,0,0,0,0,0
54520,0,0,1,0,0,0,0,0,0,0,0,0,0,0,0,0,0
54521,0,0,0,0,1,0,0,0,0,0,0,0,0,0,0,0,0
54556,0,0,1,0,0,0,0,0,0,0,0,0,0,0,0,0,0
54572,0,0,0,1,0,0,0,0,0,0,0,0,0,0,0,0,0
54583,0,0,1,0,0,1,0,0,0,0,0,0,0,0,0,0,0
54680,0,1,0,0,0,0,0,0,0,0,0,0,0,0,0,0,1
54715,0,0,0,1,0,0,0,0,0,0,0,0,0,0,0,0,0
54772,0,0,1,0,0,0,0,0,0,0,0,0,0,0,0,0,0
54776,0,0,1,0,0,0,0,0,0,0,0,0,0,0,0,0,0
54811,0,0,0,1,0,0,0,0,0,0,0,0,0,0,0,0,0
54925,0,0,1,0,0,0,0,0,0,0,0,0,0,0,0,0,0
54933,0,0,1,0,0,0,0,0,0,0,0,0,0,0,0,0,0
54949,0,0,0,0,1,0,0,0,0,0,0,0,0,0,0,0,0
54994,0,1,0,0,0,0,0,0,0,0,0,0,0,0,0,0,0
55001,0,1,0,0,0,0,0,0,0,0,0,0,0,0,0,0,0
55010,0,0,0,0,0,1,0,0,0,0,0,0,0,0,0,0,0
55027,0,0,1,0,0,0,0,0,0,0,0,0,0,0,0,0,0
55057,0,0,0,0,1,0,0,0,0,0,0,0,0,0,0,0,0
55077,0,1,0,0,0,0,0,0,0,0,0,0,0,0,0,0,0
55133,0,0,1,0,0,0,0,0,0,0,0,0,0,0,0,0,0
55174,0,1,0,0,0,0,0,0,0,0,0,0,0,0,0,0,0
55206,0,0,1,0,0,0,0,0,0,0,0,0,0,0,0,0,0
55259,0,1,0,0,0,0,0,0,0,0,0,0,0,0,0,0,0
55260,0,0,1,0,0,0,0,0,0,0,0,0,0,0,0,0,0
55268,0,0,1,0,0,0,0,0,0,0,0,0,0,0,0,0,0
55304,0,0,0,0,0,0,0,0,0,0,0,0,0,1,0,0,0
55366,0,0,0,0,0,1,0,0,0,0,0,0,0,0,0,0,0
55403,0,1,0,0,0,0,0,0,0,0,0,0,0,0,0,0,0
55429,0,1,0,0,0,0,0,0,0,0,0,0,0,0,0,0,0
55439,1,1,0,0,0,0,0,0,0,0,0,0,0,0,0,0,0
55440,1,1,0,0,0,0,0,0,0,0,0,0,0,0,0,0,0
55518,0,1,0,0,0,0,0,0,0,0,0,0,0,0,0,0,0
55542,0,0,0,0,1,0,0,0,0,0,0,0,0,0,0,0,0
55597,0,0,0,0,1,1,0,0,0,0,0,0,0,0,0,0,0
55604,0,0,0,0,1,0,0,0,0,0,0,0,0,0,0,0,0
55613,0,0,0,0,1,0,0,0,0,0,0,0,0,0,0,0,0
55616,0,0,1,0,1,0,0,0,0,0,0,0,0,0,0,0,0
55620,0,0,0,0,1,0,0,0,0,1,0,0,0,0,0,0,0
55656,0,0,0,0,1,0,0,0,0,0,0,0,0,1,0,0,0
55680,0,0,1,0,0,0,0,0,0,0,0,0,0,0,0,0,0
55731,0,0,0,0,0,0,0,1,0,0,0,0,0,0,0,0,0
55813,0,0,1,0,0,0,0,0,0,0,0,0,0,0,0,0,0
55815,0,0,0,0,1,0,0,0,0,0,0,0,0,0,0,0,0
55822,0,1,0,0,0,0,0,0,0,0,0,0,0,0,0,0,0
55824,0,0,1,0,1,0,0,0,0,0,0,0,0,0,0,0,0
55836,0,1,0,0,0,0,0,0,0,0,0,0,0,0,0,0,0
55878,0,0,0,1,0,0,0,0,0,0,0,0,0,0,0,0,0
55887,0,0,1,0,0,0,0,0,0,0,0,0,0,0,0,0,0
55957,0,0,0,0,0,0,0,1,0,0,0,0,0,0,0,0,0
55960,0,1,0,0,0,0,0,0,0,0,0,0,0,0,0,0,0
55971,0,0,1,0,1,0,0,0,0,0,0,0,0,0,0,0,0
56036,0,1,0,0,0,0,0,0,0,0,0,0,0,0,0,0,0
56056,0,0,1,0,0,0,0,0,0,0,0,0,0,0,0,0,0
56105,0,0,0,0,1,0,0,0,0,0,0,0,0,0,0,0,0
56236,0,0,0,0,1,0,0,0,0,0,0,0,0,0,0,0,0
56393,0,1,0,0,0,0,0,0,0,0,0,0,0,0,0,0,0
56408,0,0,0,0,0,0,0,0,0,0,0,0,0,1,0,0,0
56507,0,1,0,0,0,0,0,0,0,0,0,0,0,0,0,0,0
56561,0,0,0,1,1,0,0,0,0,0,0,0,0,0,0,0,0
56584,0,1,0,0,0,0,0,0,0,0,0,0,0,0,0,0,0
56654,0,1,0,0,0,0,0,0,0,0,0,0,0,0,0,0,0
56810,0,0,0,0,0,0,0,0,0,0,0,0,0,1,0,0,0
56811,0,0,0,1,1,0,0,0,0,0,0,0,0,0,0,0,0
56854,0,0,0,0,0,0,0,0,0,0,0,0,0,1,0,0,0
56931,0,1,0,0,0,0,0,0,0,0,0,0,0,0,0,0,0
57106,0,1,0,0,0,0,0,0,0,0,0,0,0,0,0,0,0
57116,0,0,0,0,0,1,0,0,0,0,0,0,0,0,0,0,0
57127,0,1,0,0,0,0,0,0,0,0,0,0,0,0,0,0,0
57463,0,1,0,0,0,0,0,0,0,0,0,0,0,0,0,0,0
57473,0,0,1,0,1,0,0,0,0,0,0,0,0,0,0,0,0
57508,0,1,0,0,0,0,0,0,0,0,0,0,0,0,0,0,0
57580,0,0,1,0,1,0,0,0,0,0,0,0,0,0,0,0,0
57584,0,0,0,0,0,0,0,1,0,0,0,0,0,0,0,0,0
57653,0,1,0,0,0,0,0,0,0,0,0,0,0,0,0,0,0
57720,0,0,0,0,0,0,0,0,0,0,0,0,0,0,1,0,0
57782,0,0,0,0,0,0,1,0,0,0,0,0,0,0,0,0,0
57884,0,0,0,0,0,0,0,0,0,0,0,0,0,1,0,0,0
57924,0,0,0,0,0,0,0,0,0,0,0,0,1,0,0,0,0
58094,0,0,0,0,1,0,0,0,0,0,0,0,0,1,0,0,0
58127,0,1,0,0,0,0,0,0,0,0,0,0,0,0,0,0,0
58137,0,1,0,0,0,0,0,0,0,0,0,0,0,0,0,0,0
58146,0,1,0,0,0,0,0,0,0,0,0,0,0,0,0,0,0
58185,0,0,0,0,1,0,0,0,0,0,0,0,0,0,0,0,0
58280,0,0,0,0,0,0,1,0,0,0,0,0,0,0,0,0,0
58282,0,1,0,0,1,0,0,0,0,0,0,0,0,0,0,0,0
58313,0,1,0,0,0,0,0,0,0,0,0,0,0,0,0,0,0
58369,0,1,0,0,0,0,0,0,0,0,0,0,0,0,0,0,0
58406,1,1,0,0,0,0,0,0,0,0,0,0,0,0,0,0,0
58436,0,1,0,0,0,0,0,0,0,0,0,0,0,0,0,0,0
58446,0,0,0,0,1,0,0,0,0,0,0,0,0,0,0,0,0
58488,0,0,0,0,1,0,0,0,0,0,0,0,0,0,0,0,0
58593,0,1,0,0,0,0,0,0,0,0,0,0,0,0,0,0,0
58681,0,0,0,0,1,0,0,0,0,0,0,0,0,0,0,0,0
58706,0,0,1,0,0,0,0,0,0,0,0,0,0,0,0,0,0
58828,0,0,0,1,0,0,0,0,0,0,0,0,0,0,0,0,0
58894,0,1,0,0,0,0,0,0,1,0,0,0,0,0,0,0,0
59067,0,1,0,0,0,0,0,0,0,0,0,0,0,0,0,0,0
59147,0,1,0,0,0,0,0,0,0,0,0,0,0,0,0,0,0
59155,0,1,0,0,0,0,0,0,0,0,0,0,0,0,0,0,0
59194,0,0,0,1,1,0,0,0,0,0,0,0,0,0,0,0,0
59195,0,0,0,1,0,0,0,0,0,0,0,0,1,0,0,0,0
59202,0,0,1,0,0,0,0,0,0,0,0,0,0,0,0,0,0
59323,0,1,0,0,1,0,0,0,0,0,0,0,0,0,0,0,0
59510,0,1,0,0,0,0,0,0,0,0,0,0,0,0,0,0,0
59645,0,0,0,0,0,0,1,0,0,0,0,0,0,0,0,0,0
59654,0,0,0,0,0,0,0,0,0,1,0,0,1,0,0,0,0
60068,0,1,0,0,0,0,0,0,0,0,0,0,0,0,0,0,0
60082,0,1,0,0,0,0,0,0,0,0,0,0,0,0,0,0,0
60150,0,1,0,0,0,0,0,0,0,0,0,0,0,0,0,0,0
60174,0,0,0,0,1,0,0,0,0,0,0,0,1,0,0,0,0
60185,0,0,0,0,0,0,0,0,0,1,0,0,0,0,0,0,0
60261,0,1,0,0,0,0,0,0,0,0,0,0,0,0,0,0,0
60290,0,0,0,1,0,0,0,0,0,0,0,0,0,0,0,0,0
60382,0,0,1,0,0,0,0,0,0,0,0,0,0,0,0,0,0
60524,0,0,0,0,1,0,0,0,0,0,0,0,0,0,0,0,0
60653,0,1,0,0,0,0,0,0,0,0,0,0,0,0,0,0,0
60707,0,1,0,0,0,0,0,0,0,0,0,0,0,0,0,0,0
60725,0,1,0,0,0,0,0,0,0,0,0,0,0,0,0,0,0
60812,0,1,0,0,0,0,0,0,0,0,0,0,0,0,0,0,0
60813,0,0,0,1,0,0,0,0,0,0,0,0,0,0,0,0,0
60855,0,1,0,0,1,0,0,0,0,0,0,0,0,0,0,0,0
60990,0,0,0,0,1,0,0,0,0,0,0,0,0,1,0,0,0
61069,0,1,0,0,0,0,0,0,0,0,0,0,0,0,0,0,0
61268,0,0,0,1,0,0,0,0,0,0,0,0,0,0,0,0,0
61314,0,0,0,1,1,0,0,0,0,0,0,0,0,0,0,0,0
61317,0,1,0,0,0,0,0,0,0,0,0,0,0,0,0,0,0
61447,1,1,0,0,0,0,0,0,0,0,0,0,0,0,0,0,0
61448,0,0,0,0,1,0,0,0,0,0,0,0,0,0,0,0,0
61455,1,1,0,0,0,0,0,0,0,0,0,0,0,0,0,0,0
61456,1,0,0,0,0,0,0,0,0,0,0,0,0,0,0,0,0
61471,0,0,0,0,1,0,0,0,0,0,0,0,0,0,0,0,0
61476,0,0,1,0,0,0,0,0,0,0,0,0,0,0,0,0,0
61481,1,1,0,0,0,0,0,0,0,0,0,0,0,0,0,0,0
61486,0,0,1,0,0,0,0,0,0,0,0,0,0,0,0,0,0
61487,1,0,0,0,0,0,0,0,0,0,0,0,0,0,0,0,0
61496,0,0,1,0,0,0,0,0,0,0,0,0,0,0,0,0,0
61499,1,0,0,0,0,0,0,0,0,0,0,0,0,0,0,0,0
61509,0,1,0,0,0,0,0,1,0,0,0,0,0,0,0,0,0
61510,1,0,0,0,0,0,0,0,0,0,0,0,0,0,0,0,0
61513,0,0,0,1,0,0,0,0,0,0,0,0,0,0,0,0,0
61569,0,0,0,0,1,0,0,0,0,0,0,0,0,0,0,0,0
61585,0,0,0,0,1,0,0,0,0,0,0,0,0,0,0,0,0
61600,0,1,0,0,0,0,0,0,0,0,0,0,0,0,0,0,0
61656,0,0,0,0,1,0,0,0,0,0,0,0,0,0,0,0,0
61690,0,0,0,1,0,0,0,0,0,0,0,0,0,0,0,0,0
61721,0,0,0,0,0,0,0,0,0,1,0,0,1,0,0,0,0
61738,0,0,0,0,1,0,0,0,0,0,0,0,0,0,0,0,0
61785,0,1,0,0,0,0,0,0,0,0,0,0,0,0,0,0,0
61880,0,0,0,0,0,1,0,0,0,0,0,0,0,0,0,0,0
61881,1,0,0,0,0,0,0,0,0,0,0,0,0,0,0,0,0
62022,0,0,0,0,1,0,0,0,0,0,0,0,0,0,0,0,0
62035,0,1,0,0,0,0,0,0,0,0,0,0,0,0,0,0,0
62119,0,1,0,0,0,0,0,0,0,0,0,0,0,0,0,0,0
62128,0,0,0,0,0,0,0,0,0,0,0,0,0,0,1,0,0
62484,0,1,0,0,0,0,0,0,0,0,0,0,0,0,0,0,0
62502,0,1,0,0,0,0,0,0,0,0,0,0,0,0,0,0,0
62509,0,0,1,0,0,0,0,0,0,0,0,0,0,0,0,0,0
62510,0,0,1,0,0,0,0,0,0,0,0,0,0,0,0,0,0
62546,0,0,1,0,0,0,0,0,0,0,0,0,0,0,0,0,0
62552,0,0,1,0,0,0,0,0,0,0,0,0,0,0,0,0,0
62553,0,1,0,0,0,0,0,0,0,0,0,0,0,0,0,0,0
62558,0,0,1,0,0,0,0,0,0,0,0,0,0,0,0,0,0
62597,0,1,0,0,0,0,0,0,0,0,0,0,0,0,0,0,0
62644,0,0,0,0,0,0,0,1,0,0,0,0,0,0,0,0,0
62648,0,0,0,0,1,0,0,0,0,0,0,0,0,0,0,0,0
62677,0,0,1,0,0,0,0,0,0,0,0,0,0,0,0,0,0
62678,0,0,1,0,0,0,0,0,0,0,0,0,0,0,0,0,0
62679,0,0,0,0,0,0,0,0,0,0,0,0,0,0,0,1,0
62693,0,1,0,0,0,0,0,1,0,0,0,0,0,0,0,0,0
62705,0,0,1,0,0,0,0,0,0,0,0,0,0,0,0,0,0
62712,0,0,0,0,1,0,0,0,0,0,0,0,0,0,0,0,0
62718,0,0,1,0,0,0,0,0,0,0,0,0,0,0,0,0,0
62757,0,0,1,0,0,0,0,0,0,0,0,0,0,0,0,0,0
62819,0,1,0,0,0,0,0,0,0,0,0,0,0,0,0,0,0
62826,0,0,0,0,0,0,0,1,0,0,0,1,0,0,0,0,0
62866,0,1,0,0,0,0,0,0,0,0,0,0,0,0,0,0,0
62867,0,0,1,0,0,0,0,0,0,0,0,0,0,0,0,0,0
62894,0,0,1,0,0,0,0,0,0,0,0,0,0,0,0,0,0
62955,0,0,0,0,0,0,0,0,0,0,0,0,0,0,0,1,0
62999,0,0,1,0,0,0,0,0,0,0,0,0,0,0,0,0,0
63028,0,1,0,0,0,0,0,0,0,0,0,0,0,0,0,0,0
63036,0,0,1,0,0,0,0,0,0,0,0,0,0,0,0,0,0
63051,0,1,0,0,0,0,0,0,0,0,0,0,0,0,0,0,0
63094,0,0,0,0,1,0,0,0,0,0,0,0,0,0,0,0,0
63098,0,0,0,0,0,0,0,1,0,0,0,0,0,0,0,0,0
63103,0,0,0,0,0,1,0,0,0,0,0,0,0,0,0,0,0
63147,0,0,0,0,1,0,0,0,0,0,0,0,0,0,0,0,0
63171,0,0,1,0,0,0,0,0,0,0,0,0,0,0,0,0,0
63199,0,1,0,0,0,0,0,0,0,0,0,0,0,0,0,0,0
63205,0,0,1,0,0,0,0,0,0,0,0,0,0,0,0,0,0
63212,0,1,0,0,0,0,0,0,0,0,0,0,0,0,0,0,0
63281,0,0,0,0,1,0,0,0,0,0,0,0,0,0,0,0,0
63312,0,0,1,0,0,0,0,0,0,0,0,0,0,0,0,0,0
63324,0,0,0,0,0,0,0,0,0,0,0,0,0,1,0,0,0
63347,0,0,0,0,0,0,0,0,0,0,0,0,0,0,1,0,0
63359,0,0,1,0,0,0,0,0,0,0,0,0,0,0,0,0,0
63363,0,1,0,0,0,0,0,0,0,0,0,0,0,0,0,0,0
63398,0,0,1,0,0,0,0,0,0,0,0,0,0,0,0,0,0
63400,0,0,1,0,0,0,0,0,0,0,0,0,0,0,0,0,0
63408,0,0,0,0,0,0,0,0,0,0,0,0,0,0,0,1,0
63419,0,0,1,0,0,0,0,0,0,0,0,0,0,0,0,0,0
63457,0,1,0,0,0,0,0,0,0,0,0,0,0,0,0,0,0
63484,0,0,0,1,0,0,0,0,0,0,0,0,0,0,0,0,0
63541,0,1,0,0,1,0,0,0,0,0,0,0,0,0,0,0,0
63602,0,1,0,0,0,0,0,0,0,0,0,0,0,0,0,0,0
63635,0,1,0,0,1,0,0,0,0,0,0,0,0,0,0,0,0
63644,0,0,0,0,1,1,0,0,0,0,0,0,0,0,0,0,0
63704,0,0,0,0,0,0,0,1,0,0,0,0,0,0,0,0,0
63776,0,0,0,0,0,0,0,0,0,0,0,0,0,0,0,1,0
63778,0,0,1,0,0,0,0,0,0,0,0,0,0,0,0,0,0
63791,0,0,1,0,0,0,0,0,0,0,0,0,0,0,0,0,0
63796,0,0,1,0,0,0,0,0,0,0,0,0,0,0,0,0,0
63826,0,0,0,0,1,0,0,0,0,0,0,0,0,0,0,0,0
63932,0,0,1,0,1,0,0,0,0,0,0,0,0,0,0,0,0
63949,0,1,0,0,0,0,0,0,0,0,0,0,0,0,0,0,0
63951,0,1,0,0,0,0,0,0,0,0,0,0,0,0,0,0,0
64046,0,0,0,1,0,0,0,0,0,0,0,0,0,0,0,0,0
64065,0,0,0,1,0,0,0,0,0,0,0,0,0,0,0,0,0
64117,1,0,0,0,0,0,0,0,0,0,0,0,0,0,0,0,0
64131,0,1,0,0,0,0,0,0,0,0,0,0,0,0,0,0,0
64238,0,0,1,0,0,0,0,0,0,0,0,0,0,0,0,0,0
64274,0,0,0,0,1,0,0,0,0,0,0,0,0,0,0,0,0
64275,0,1,0,0,0,0,0,0,0,0,0,0,0,0,0,0,0
131097,0,0,0,0,1,0,0,0,0,0,0,0,0,0,0,0,0
131352,0,0,0,0,1,0,0,0,0,0,0,0,0,0,0,0,0
131465,0,1,0,0,0,0,0,0,0,0,0,0,0,0,0,0,0
131486,0,1,0,0,0,0,0,0,0,0,0,0,0,0,1,1,0
131795,0,0,1,0,1,0,0,0,0,0,0,0,0,0,0,0,0
131799,0,0,0,0,1,1,0,0,0,0,0,0,0,0,0,0,0
131820,0,0,0,0,0,0,0,0,0,0,0,0,0,0,1,0,0
131924,0,0,0,0,0,0,0,0,0,0,0,0,0,1,0,0,0
131931,0,0,0,0,0,0,0,1,0,0,0,0,0,0,0,0,0
131944,0,1,0,0,0,0,0,1,0,0,0,0,0,0,0,0,0
132048,0,1,0,0,0,0,0,0,0,0,0,0,0,0,0,0,0
132093,0,0,0,0,0,1,0,0,0,0,0,0,0,0,0,0,0
132097,0,0,0,0,0,1,0,0,0,0,0,0,0,0,0,0,0
132203,0,1,0,0,0,0,0,0,0,0,0,0,0,0,0,0,0
132205,0,0,0,0,1,0,0,0,0,0,0,0,0,0,0,0,0
132221,0,1,0,0,0,0,0,0,0,0,0,0,0,0,0,0,0
132394,0,1,0,0,0,0,0,0,0,0,0,0,0,0,0,0,0
132425,0,1,0,0,0,0,0,0,0,0,0,0,0,0,0,0,0
132471,0,1,0,0,0,0,0,0,0,0,0,0,0,0,0,0,0
132619,0,0,0,0,1,0,0,0,0,0,0,0,0,0,0,0,0
132634,0,0,0,0,1,0,0,0,0,0,0,0,0,0,0,0,0
132825,0,0,0,0,0,0,0,0,0,0,0,0,0,0,0,1,0
132978,0,1,0,0,0,0,0,0,0,0,0,0,0,0,0,0,0
133017,0,0,0,1,0,0,0,0,0,0,0,0,0,0,0,0,0
133217,0,1,0,1,0,0,0,0,0,0,0,0,0,0,0,0,0
133253,0,1,0,0,0,0,0,0,0,0,0,0,0,0,0,0,0
133386,0,0,0,1,0,1,0,0,0,0,0,0,0,0,0,0,0
133477,0,0,0,0,1,0,0,0,0,0,0,0,0,0,0,0,0
133498,0,0,1,0,0,0,0,0,0,0,0,0,0,0,0,0,0
133590,0,1,0,0,0,0,0,0,0,0,0,0,0,0,0,0,0
133616,0,1,0,0,0,0,0,0,0,0,0,0,0,0,0,0,0
133826,0,0,0,0,1,0,0,0,0,0,0,0,0,0,0,0,0
133869,0,1,0,0,0,0,0,0,0,0,0,0,0,0,0,0,0
133968,0,1,0,0,0,0,0,0,0,0,0,0,0,0,0,0,0
134099,0,0,0,0,1,0,0,0,0,0,0,0,0,0,0,0,0
134138,0,1,0,0,0,0,0,0,0,0,0,0,0,0,0,0,0
134654,0,1,0,0,0,0,0,0,0,0,0,0,0,0,0,0,0
134707,0,1,0,0,0,0,0,0,0,0,0,0,0,0,0,0,0
135008,0,0,0,0,1,0,0,0,0,0,0,0,0,0,0,0,0
135228,0,1,0,0,0,0,0,0,0,0,0,0,0,0,0,0,0
135244,0,1,0,0,0,0,0,0,0,0,0,0,0,0,0,0,0
135294,0,0,0,0,0,0,0,0,0,0,0,0,0,1,1,0,0
135301,0,1,0,0,0,0,0,0,0,0,0,0,0,0,0,0,0
135378,0,0,0,1,0,0,0,0,0,0,0,0,0,0,0,0,0
135403,0,0,0,0,1,0,0,0,0,0,0,0,0,1,0,0,0
135407,0,1,0,0,0,0,0,0,0,0,0,0,0,0,0,0,0
135428,0,0,0,0,1,0,0,0,0,0,0,0,0,0,0,0,0
135629,0,1,0,0,0,0,0,0,0,0,0,0,0,0,0,0,0
135647,0,0,0,0,0,0,0,0,0,0,0,0,0,1,0,0,0
135655,0,0,0,0,0,0,0,0,0,0,0,0,1,0,0,0,0
135775,0,1,0,0,0,0,0,0,0,0,0,0,0,0,0,0,0
135835,0,0,0,0,1,0,0,0,0,0,0,0,0,0,0,0,0
135956,0,0,0,0,1,0,0,0,0,0,0,0,0,0,0,0,0
136061,0,0,0,0,1,0,0,0,0,0,0,0,0,0,0,0,0
136311,0,1,0,0,0,0,0,0,0,0,0,0,0,0,0,0,0
136377,0,1,0,0,0,0,0,0,0,0,0,0,0,0,0,0,0
136530,0,1,0,0,0,0,0,0,0,0,0,0,0,0,0,0,0
136754,0,1,0,0,0,0,0,0,0,0,0,0,0,0,0,0,0
136907,0,1,0,0,0,0,0,0,0,0,0,0,0,0,0,0,0
137018,0,1,0,0,0,0,0,0,0,0,0,0,0,0,0,0,0
137064,1,1,0,0,0,0,0,1,0,0,0,0,0,0,0,0,0
137087,0,1,0,0,0,0,0,1,0,0,0,0,0,0,0,0,0
137184,0,1,0,0,0,0,0,0,0,0,0,0,0,0,0,0,0
137280,0,1,0,0,0,0,0,0,0,0,0,0,0,0,0,0,0
137313,0,0,0,1,1,0,0,0,0,0,0,0,0,0,0,0,0
137415,0,0,0,0,1,0,0,0,0,0,0,0,0,0,0,0,0
137422,0,0,0,0,0,1,0,0,0,0,0,0,0,0,0,0,0
137562,0,0,0,0,0,0,0,0,0,0,0,0,0,1,0,0,0
137669,0,1,0,0,0,0,0,0,0,0,0,0,0,0,0,0,0
137753,0,1,0,0,0,0,0,0,0,0,0,0,0,0,1,1,0
137938,0,0,0,0,0,1,0,0,0,0,0,0,0,0,0,0,0
138038,0,0,0,0,0,0,1,0,0,0,0,0,0,0,0,0,0
138040,0,1,0,0,0,0,0,0,0,0,0,0,0,0,0,0,0
138215,0,0,0,0,1,0,0,0,0,0,0,0,0,0,0,0,0
138424,0,0,0,0,1,0,0,0,0,0,0,0,0,0,0,0,0
138456,0,1,0,0,0,0,0,0,0,0,0,0,0,0,0,0,0
138629,0,1,0,0,0,0,0,0,0,0,0,0,0,0,0,0,0
138654,0,0,0,0,0,0,0,0,0,0,0,0,0,0,0,0,1
138685,0,0,1,0,1,0,0,0,0,0,0,0,0,0,0,0,0
138699,0,1,0,0,0,0,0,0,0,0,0,0,0,0,0,0,0
139009,0,1,0,0,0,0,0,0,0,0,0,0,0,0,0,0,0
139136,0,1,0,0,0,0,0,0,0,0,0,0,0,0,0,0,0
139174,0,0,0,0,0,0,0,0,0,0,0,0,0,0,1,0,1
139175,0,0,0,0,0,0,0,0,0,0,0,0,0,0,1,0,1
139237,0,0,0,0,1,0,0,0,0,0,0,0,0,0,0,0,0
139442,0,0,0,0,1,0,0,0,0,0,0,0,0,0,0,0,0
139450,0,1,0,0,0,0,0,0,0,0,0,0,0,0,0,0,0
139616,0,0,0,1,1,0,0,0,0,0,0,0,0,0,0,0,0
139875,0,1,0,0,0,0,0,0,0,0,0,0,0,0,0,0,0
139876,0,0,0,0,0,0,0,0,0,0,0,0,0,0,1,0,0
140399,0,1,0,0,0,0,0,0,0,0,0,0,0,0,0,0,0
140457,0,1,0,0,0,0,0,0,0,0,0,0,0,0,0,0,0
140750,0,0,0,0,1,0,0,0,0,0,0,0,0,0,0,0,0
140878,0,0,0,0,1,0,0,0,0,0,0,0,0,0,0,0,0
140918,0,0,1,0,0,0,0,0,0,0,0,0,0,0,0,0,0
141180,0,1,0,0,0,0,0,0,0,0,0,0,0,0,0,0,0
141195,0,0,0,0,1,0,0,0,0,0,0,0,0,0,0,0,0
141201,0,0,0,0,1,0,0,0,0,0,0,0,0,0,0,0,0
141362,0,1,0,0,0,0,0,0,0,0,0,0,0,0,0,0,0
141617,0,0,0,1,0,0,0,0,0,0,0,0,0,0,0,0,0
141721,0,1,0,0,0,0,0,0,0,0,0,0,0,0,0,0,0
141773,0,1,0,0,0,0,0,0,0,0,0,0,0,0,0,0,0
141870,0,1,0,0,0,0,0,0,0,0,0,0,0,0,0,0,0
142115,0,1,0,0,0,0,0,0,0,0,0,0,0,0,0,0,0
142576,1,1,0,0,0,0,0,1,0,0,0,0,0,0,0,0,0
142596,0,1,0,0,0,0,0,0,0,0,0,0,0,0,0,0,0
146757,0,1,0,0,0,0,0,0,0,0,0,0,0,0,0,0,0
146847,0,1,0,0,0,0,0,0,0,0,0,0,0,0,0,0,0
146951,1,1,0,0,0,0,0,1,0,0,0,0,0,0,0,0,0
146979,0,0,1,0,0,0,0,0,0,0,0,0,0,0,0,0,0
147025,1,1,0,0,0,0,0,1,0,0,0,0,0,0,0,0,0
147066,0,1,0,0,0,0,0,0,0,0,0,0,0,0,0,0,0
147152,0,1,0,0,0,0,0,0,0,0,0,0,0,0,0,0,0
148967,1,1,0,0,0,0,0,1,0,0,0,0,0,0,0,0,0
149251,0,1,0,0,0,0,0,0,0,0,0,0,0,0,0,0,0
149353,0,1,0,0,0,0,0,0,0,0,0,0,0,0,0,0,0
149365,0,0,0,0,0,0,0,0,1,0,0,0,0,0,0,0,0
149640,0,1,0,0,0,0,0,0,0,0,0,0,0,0,0,0,0
149646,1,1,0,0,0,0,0,1,0,0,0,0,0,0,0,0,0
149771,0,1,0,0,0,0,0,0,0,0,0,0,0,0,0,0,0
149854,0,1,0,0,0,0,0,0,0,0,0,0,0,0,0,0,0
150190,0,1,0,0,0,0,0,0,0,0,0,0,0,0,0,0,0
150237,0,1,0,0,0,0,0,0,0,0,0,0,0,0,0,0,0
150286,0,1,0,0,0,0,0,0,0,0,0,0,0,0,0,0,0
150528,0,1,0,0,0,0,0,0,0,0,0,0,0,0,0,0,0
150570,0,1,0,0,0,0,0,0,0,0,0,0,0,0,0,0,0
150686,0,0,0,0,1,0,0,0,0,0,0,0,0,0,1,0,0
150703,0,0,0,1,1,0,0,0,0,0,0,0,0,0,0,0,0
151334,0,0,0,0,1,0,0,0,0,0,0,0,0,0,0,0,0
151358,0,0,0,1,0,0,0,0,0,0,0,0,0,0,0,0,0
151645,0,0,0,0,1,0,0,0,0,0,0,0,0,0,0,0,0
151704,0,1,0,0,0,0,0,0,0,0,0,0,0,0,0,0,0
151973,0,0,0,0,1,0,0,0,0,0,0,0,0,0,0,0,0
152007,0,1,0,0,0,0,0,0,0,0,0,0,0,0,0,0,0
152063,0,1,0,0,0,0,0,0,0,0,0,0,0,0,0,0,0
152080,0,1,0,0,0,0,0,0,0,0,0,0,0,0,0,0,0
152302,0,0,0,0,1,0,0,0,0,0,0,0,0,0,0,0,0
152735,0,1,0,0,0,0,0,0,0,0,0,0,0,0,0,0,0
152756,0,1,0,0,0,0,0,0,0,0,0,0,0,0,0,0,0
196745,0,1,0,0,0,0,0,0,0,0,0,0,0,0,0,0,0
196778,0,0,0,0,1,0,0,0,0,0,0,0,0,1,1,0,0
196847,0,0,0,0,0,0,0,0,0,0,0,0,0,1,1,0,0
197075,0,1,0,0,0,0,0,0,0,0,0,0,0,0,0,0,0
197131,0,1,0,0,0,0,0,0,0,0,0,0,0,0,0,0,0
197207,0,1,0,0,1,0,0,0,0,0,0,0,0,0,0,0,0
197388,0,0,0,0,1,0,0,0,0,0,0,0,0,0,0,0,0
197440,0,0,1,0,0,0,0,0,0,0,0,0,0,0,0,0,0
197565,0,1,0,0,0,0,0,0,0,0,1,0,0,0,0,0,0
197733,0,1,0,0,0,0,0,0,0,0,0,0,0,0,0,0,0
197795,0,1,0,0,0,0,0,0,0,0,0,0,0,0,0,0,0
197991,0,1,0,0,0,0,0,0,0,0,0,0,0,0,0,0,0
198184,0,1,0,0,0,0,0,0,0,0,0,0,0,0,0,0,0
198391,0,1,0,0,0,0,0,0,0,0,0,0,0,0,0,0,0
198395,0,0,0,1,1,0,0,0,0,0,0,0,0,0,0,0,0
198449,0,0,0,0,0,0,0,0,0,0,0,0,0,1,0,0,0
198468,0,1,0,0,0,0,0,0,0,0,0,0,0,0,0,0,0
198498,0,1,0,0,0,0,0,0,0,0,0,0,0,0,0,0,0
198561,0,0,0,1,1,0,0,0,0,0,0,0,0,0,0,0,0
198647,0,0,0,0,0,0,0,0,0,0,0,0,0,0,1,0,0
198759,0,0,0,0,1,0,0,0,0,0,0,0,0,0,0,0,0
198831,0,1,0,0,0,0,0,0,0,0,0,0,0,0,0,0,0
199064,0,1,0,0,0,0,0,0,0,0,0,0,0,0,0,0,0
199104,0,0,0,1,0,0,0,0,0,0,0,0,0,0,0,0,0
199338,0,1,0,0,0,0,0,0,0,0,0,0,0,0,0,0,0
199364,0,1,0,0,0,0,0,0,0,0,0,0,0,0,0,0,0
199439,0,1,0,0,0,0,0,0,0,0,0,0,0,0,0,0,0
199449,0,1,0,0,0,0,0,0,0,0,0,0,0,0,0,0,0
199599,0,1,0,0,0,0,0,0,0,0,0,0,0,0,0,0,0
199837,0,1,0,0,0,0,0,0,0,0,0,0,0,0,0,0,0
199976,0,1,0,0,0,0,0,0,0,0,0,0,0,0,0,0,0
199995,0,1,0,0,0,0,0,0,0,0,0,0,0,0,0,0,0
200052,0,1,0,0,0,0,0,0,0,0,0,0,0,0,0,0,0
200259,0,0,1,0,0,0,0,0,0,0,0,0,0,0,0,0,0
200303,0,1,0,0,0,0,0,0,0,0,0,0,0,0,0,0,0
200325,0,1,0,0,0,0,0,0,0,0,0,0,0,0,0,0,0
200350,0,1,0,0,0,0,0,0,0,0,0,0,0,0,0,0,0
200521,0,0,0,0,1,0,0,0,0,0,0,0,0,0,0,0,0
200556,0,0,0,0,0,0,1,0,0,0,0,0,0,0,0,0,0
200730,0,0,0,0,0,0,1,0,0,0,0,0,0,0,0,0,0
200777,0,0,0,0,1,0,0,1,0,0,0,0,0,0,0,0,0
200779,0,1,0,0,0,0,0,0,0,0,0,0,0,0,0,0,0
200857,0,0,0,0,0,0,1,0,0,0,0,0,0,0,0,0,0
200899,0,1,0,0,0,0,0,0,0,0,0,0,0,0,0,0,0
201026,0,0,0,0,0,0,0,0,0,0,0,0,0,0,0,1,0
201273,0,1,0,0,0,0,0,0,0,0,0,0,0,0,0,0,0
201524,0,0,0,0,1,0,0,0,0,0,0,0,0,0,0,0,0
201547,0,0,0,0,0,0,0,0,0,0,0,1,0,0,0,0,0
201680,0,0,0,0,1,0,0,0,0,0,0,0,0,0,0,0,0
201904,0,0,0,0,1,0,0,0,0,0,0,0,0,0,0,0,0
201935,0,1,0,0,0,0,0,0,0,0,0,0,0,0,0,0,0
201969,1,1,0,0,0,0,0,1,0,0,0,0,0,0,0,0,0
202024,0,0,0,0,1,0,0,0,0,0,0,0,0,0,0,0,0
202199,0,0,0,0,0,0,1,0,0,0,0,0,0,0,0,0,0
202277,0,0,0,0,1,0,0,0,0,0,0,0,0,0,0,0,0
202373,0,0,0,0,0,0,0,0,0,0,0,0,1,0,0,0,0
202418,0,0,0,0,0,0,1,0,0,0,0,0,0,0,0,0,0
202553,0,0,0,0,1,0,0,0,0,0,0,0,0,0,0,0,0
202662,0,1,0,0,0,0,0,0,0,0,0,0,0,0,0,0,0
202886,0,0,0,0,0,0,1,0,0,0,0,0,0,0,0,0,0
202949,0,0,0,0,0,0,0,0,0,0,0,0,0,1,0,0,0
202975,0,1,0,0,0,0,0,0,0,0,0,0,0,0,0,0,0
203348,0,0,0,0,1,0,0,0,0,0,0,0,0,0,0,0,0
203391,0,1,0,0,0,0,0,0,0,0,0,0,0,0,0,0,0
203396,0,0,0,0,1,0,0,0,0,0,0,0,0,0,0,0,0
203421,0,1,0,0,0,0,0,0,0,0,0,0,0,0,0,0,0
203529,0,0,0,0,0,0,1,0,0,0,0,0,0,0,0,0,0
203885,0,0,0,0,1,0,0,0,0,0,0,0,0,1,1,0,0
204285,0,1,0,0,0,0,0,0,0,0,0,0,0,0,0,0,0
204445,0,1,0,0,0,0,0,0,0,0,0,0,0,0,0,0,0
204543,0,0,0,0,0,0,1,0,0,0,0,0,0,0,0,0,0
204588,0,0,0,1,0,0,0,0,0,0,0,0,0,0,0,0,0
204720,0,1,0,0,0,0,0,0,0,0,0,0,0,0,0,0,0
204901,0,0,0,0,0,0,1,0,0,0,0,0,0,0,0,0,0
204930,0,0,1,0,1,0,0,0,0,0,0,0,0,0,0,0,0
205173,0,0,0,0,0,0,0,0,0,0,0,0,0,1,1,0,0
205279,0,1,0,0,0,0,0,0,0,0,0,0,0,0,0,0,0
205488,1,1,0,0,0,0,0,1,0,0,0,0,0,0,0,0,0
205555,0,0,0,0,1,0,0,0,0,0,0,0,0,1,0,0,0
205622,0,0,0,0,0,1,0,0,0,0,0,0,0,0,0,0,0
205675,0,1,0,0,0,0,0,1,0,0,0,0,0,0,0,0,0
206035,0,0,0,0,0,0,0,0,0,0,0,0,1,0,0,0,0
206063,0,1,0,0,0,1,0,0,0,0,0,0,0,0,0,0,0
206072,0,0,0,0,0,0,1,0,0,0,0,0,0,0,0,0,0
206361,0,1,0,0,0,0,0,0,0,0,0,0,0,0,0,0,0
206362,0,1,0,0,1,0,0,0,0,0,0,0,0,0,0,0,0
206446,0,1,0,0,0,0,0,0,0,0,0,0,0,0,0,0,0
206627,0,0,0,1,0,0,0,0,0,0,0,0,0,0,0,0,0
206629,0,0,0,0,1,0,0,0,0,0,0,0,0,0,0,0,0
206924,0,0,0,0,0,0,1,0,0,0,0,0,0,0,0,0,0
207511,0,0,0,1,0,0,0,0,0,0,0,0,0,0,0,0,0
207524,0,0,0,1,0,0,0,0,0,0,0,0,0,0,0,0,0
207609,0,1,0,0,0,0,0,0,0,0,0,0,0,0,0,0,0
207684,0,1,0,0,0,0,0,0,0,0,0,0,0,0,0,0,0
207800,0,1,0,0,0,0,0,0,0,0,0,0,0,0,0,0,0
208789,0,0,0,0,1,0,0,0,0,0,0,0,0,0,0,0,0
209092,0,1,0,0,1,0,0,0,0,0,0,0,0,0,0,0,0
209188,0,0,0,0,0,0,1,0,0,0,0,0,0,0,0,0,0
209242,0,1,0,0,0,0,0,0,0,0,0,0,0,0,0,0,0
209336,0,1,0,0,0,0,0,0,0,0,0,0,0,0,0,0,0
209374,0,0,0,1,1,0,0,0,0,0,0,0,0,0,0,0,0
209513,0,0,0,0,0,0,0,0,0,0,0,0,1,0,0,0,0
209608,0,0,0,0,1,0,0,0,0,0,0,0,0,0,0,0,0
210091,0,1,0,0,0,0,0,0,0,0,0,0,0,0,0,0,0
210213,0,0,0,0,0,0,0,1,0,0,0,0,0,0,0,0,0
210312,0,0,0,0,0,0,1,0,0,0,0,0,0,0,0,0,0
210461,0,1,0,0,0,0,0,0,0,0,0,0,0,0,0,0,0
210464,0,1,0,0,0,0,0,0,0,0,0,0,0,0,0,0,0
210580,0,1,0,0,0,0,0,0,0,0,0,0,0,0,0,0,0
210654,0,0,0,1,0,0,0,0,0,0,0,0,0,0,0,0,0
210762,1,1,0,0,0,0,0,1,0,0,0,0,0,0,0,0,0
210764,1,1,0,0,0,0,0,1,0,0,0,0,0,0,0,0,0
210765,1,1,0,0,0,0,0,1,0,0,0,0,0,0,0,0,0
210882,0,0,0,0,0,0,1,0,0,0,0,0,0,0,0,0,0
210925,0,1,0,0,0,0,0,0,0,0,0,0,0,0,0,0,0
211022,1,1,0,0,0,0,0,1,0,0,0,0,0,0,0,0,0
211048,1,1,0,0,0,0,0,1,0,0,0,0,0,0,0,0,0
211058,0,1,0,0,0,0,0,0,0,0,0,0,0,0,0,0,0
211060,0,0,0,0,0,0,0,0,0,0,0,0,0,1,1,0,0
211081,0,0,0,1,0,0,0,0,0,0,0,0,0,0,0,0,0
211100,0,1,0,0,0,0,0,0,0,0,0,0,0,0,0,0,0
211181,0,1,0,0,0,0,0,0,0,0,0,0,0,0,0,0,0
211282,1,1,0,0,0,0,0,0,0,0,0,0,0,0,0,0,0
211407,0,0,0,0,0,0,0,1,0,0,0,0,0,0,0,0,0
211616,0,0,0,0,1,0,0,0,0,0,0,0,0,1,0,0,0
211750,0,1,0,0,0,0,0,0,0,0,0,0,0,0,0,0,0
211764,0,1,0,0,0,0,0,0,0,0,0,0,0,0,0,0,0
211834,1,1,0,0,0,0,0,1,0,0,0,0,0,0,0,0,0
212330,0,1,0,0,0,0,0,0,0,0,0,0,0,0,0,0,0
212377,0,0,0,0,1,0,0,0,0,0,0,0,0,0,0,0,0
212606,0,0,0,1,0,0,0,0,0,0,0,0,0,0,0,0,0
212794,0,1,0,0,0,0,0,0,0,0,0,0,0,0,0,0,0
212815,0,1,0,0,0,0,0,0,0,0,0,0,0,0,0,0,0
213002,0,1,0,0,0,0,0,0,0,0,0,0,0,0,0,0,0
213216,0,1,0,0,0,0,0,0,0,0,0,0,0,0,0,0,0
213364,0,0,0,0,0,0,1,0,0,0,0,0,0,0,0,0,0
213683,0,1,0,0,0,0,0,0,0,0,0,0,0,0,0,0,0
214498,0,0,0,0,0,0,0,0,0,0,0,0,0,0,0,0,1
214591,0,1,0,0,0,0,0,0,0,0,0,0,0,0,0,0,0
215094,0,0,0,1,0,0,0,0,0,0,0,0,0,0,0,0,0
215157,0,1,0,0,0,0,0,0,0,0,0,0,0,0,0,0,0
215233,1,1,0,0,0,0,0,1,0,0,0,0,0,0,0,0,0
215680,0,1,0,0,0,0,0,0,0,0,0,0,0,0,0,0,0
215743,0,1,0,0,0,0,0,0,0,0,0,0,0,0,0,0,0
215954,0,0,0,1,1,0,0,0,0,0,0,0,0,0,0,0,0
216360,0,1,0,0,0,0,0,0,0,0,0,0,0,0,0,0,0
216430,0,0,0,0,0,0,1,0,0,0,0,0,0,0,0,0,0
216454,0,0,0,0,0,0,1,0,0,0,0,0,0,0,0,0,0
262150,0,0,0,0,0,0,0,0,0,0,0,0,1,0,0,0,0
262186,0,0,0,0,0,0,0,1,0,0,0,0,0,0,0,0,0
262201,0,0,0,1,0,0,0,0,0,0,0,0,0,0,0,0,0
262222,0,0,0,0,1,0,0,0,0,0,0,0,0,0,0,0,0
262249,0,0,0,0,1,0,0,0,0,0,0,0,0,0,0,0,0
262312,0,1,0,0,0,0,0,0,0,0,0,0,0,0,0,0,0
262385,0,1,0,0,0,0,0,0,0,0,0,0,0,0,0,0,0
262500,0,1,0,0,0,0,0,0,0,0,0,0,0,0,0,0,0
262589,0,1,0,0,1,0,0,0,0,0,0,0,0,0,0,0,0
262595,0,1,0,0,0,0,0,0,0,0,0,0,0,0,0,0,0
262928,0,0,0,0,0,0,0,1,0,0,0,0,0,0,0,0,0
262968,0,1,0,0,0,0,0,0,0,0,0,0,0,0,0,0,0
263044,0,1,0,0,0,0,0,0,0,0,0,0,0,0,0,0,0
263103,0,1,0,0,0,0,0,0,0,0,0,0,0,0,0,0,0
263126,0,1,0,0,0,0,0,0,0,0,0,0,0,0,0,0,0
263241,0,0,0,0,1,0,0,0,0,0,0,0,0,0,0,0,0
263248,0,1,0,0,0,0,0,0,0,0,0,0,0,0,0,0,0
263378,0,1,0,0,0,0,0,0,0,0,0,0,0,0,0,0,0
263524,0,1,0,0,0,0,0,0,0,0,0,0,0,0,0,0,0
263584,0,1,0,0,0,0,0,0,0,0,0,0,0,0,0,0,0
263586,0,1,0,0,0,0,0,0,0,0,0,0,0,0,0,0,0
263639,0,0,0,0,1,0,0,0,0,0,0,0,0,0,0,0,0
263702,0,1,0,0,0,0,0,0,0,0,0,0,0,0,0,0,0
263718,0,0,0,0,1,0,0,0,0,0,0,0,0,0,0,0,0
263719,0,0,0,0,1,0,0,0,0,0,0,0,0,0,0,0,0
263774,0,1,0,0,1,0,0,0,0,0,0,0,0,0,0,0,0
263791,0,1,0,0,1,0,0,0,0,0,0,0,0,0,0,0,0
263816,0,0,0,0,1,0,0,0,0,0,0,0,0,0,0,0,0
263889,0,0,0,0,1,0,0,0,0,0,0,0,0,0,0,0,0
263922,0,1,0,0,0,0,0,0,0,0,0,0,0,0,0,0,0
264153,0,1,0,0,0,0,0,0,0,0,0,0,0,0,0,0,0
264254,0,1,0,0,0,0,0,0,0,0,0,0,0,0,0,0,0
264312,0,0,0,0,1,0,0,0,0,0,0,0,0,0,0,0,0
264313,0,0,0,0,1,0,0,0,0,0,0,0,0,0,0,0,0
264409,0,1,0,0,0,0,0,0,0,0,0,0,0,0,0,0,0
264550,0,1,0,0,0,0,0,0,0,0,0,0,0,0,0,0,0
264670,0,0,0,0,1,0,0,0,0,0,0,0,0,0,0,0,0
264695,0,0,0,0,1,0,0,0,0,0,0,0,0,0,0,0,0
264705,0,0,0,0,1,0,0,0,0,0,0,0,0,0,0,0,0
264789,0,0,0,0,1,0,0,0,0,0,0,0,0,0,0,0,0
264808,0,0,0,0,1,0,0,0,0,0,0,0,0,0,0,0,0
264848,0,0,0,0,1,0,0,0,0,0,0,0,0,0,0,0,0
264857,0,1,0,0,0,0,0,0,0,0,0,0,0,0,0,0,0
264886,0,1,0,0,0,0,0,0,0,0,0,0,0,0,0,0,0
264900,0,1,0,0,0,0,0,0,0,0,0,0,0,0,0,0,0
265212,0,0,0,0,1,0,0,0,0,0,0,0,0,0,0,0,0
265375,0,0,0,0,1,0,0,0,0,0,0,0,0,0,0,0,0
265431,0,0,0,0,1,0,0,0,0,0,0,0,0,0,0,0,0
265449,0,0,0,0,1,0,0,0,0,0,0,0,0,0,0,0,0
265450,0,0,0,0,1,0,0,0,0,0,0,0,0,0,0,0,0
265640,0,0,0,0,1,0,0,0,0,0,0,0,0,0,0,0,0
265651,0,0,0,0,1,0,0,0,0,0,0,0,0,0,0,0,0
265670,0,0,0,1,0,0,0,0,0,0,0,0,0,0,0,0,0
265672,0,1,0,0,0,0,0,0,0,0,0,0,0,0,0,0,0
265685,0,0,0,0,0,0,0,0,0,0,0,0,1,0,0,0,0
265687,0,1,0,0,1,0,0,0,0,0,0,0,0,0,0,0,0
265740,0,0,0,0,0,0,1,0,0,0,0,0,0,0,0,0,0
265792,0,1,0,0,0,1,0,0,0,0,0,0,0,0,0,0,0
265806,0,0,0,1,0,0,0,0,0,0,0,0,0,0,0,0,0
265807,0,0,0,1,0,0,0,0,0,0,0,0,0,0,0,0,0
265851,0,1,0,0,0,0,0,0,0,0,0,0,0,0,0,0,0
265859,0,0,0,1,0,0,0,0,0,0,0,0,0,0,0,0,0
265884,0,0,1,0,1,0,0,0,0,0,0,0,0,0,0,0,0
265939,0,0,0,0,1,0,0,0,0,0,0,0,0,0,0,0,0
266009,0,1,0,0,0,0,0,0,0,0,0,0,0,0,0,0,0
266068,0,0,0,0,1,0,0,0,0,0,0,0,0,0,0,0,0
266407,0,0,0,0,1,0,0,0,0,0,0,0,0,0,0,0,0
266411,0,0,0,0,1,0,0,0,0,0,0,0,0,0,0,0,0
266430,0,1,0,0,0,0,0,0,0,0,0,0,0,0,0,0,0
266432,0,0,0,0,1,0,0,0,0,0,0,0,0,0,0,0,0
266637,0,0,0,0,1,0,0,0,0,0,0,0,0,0,0,0,0
266655,0,1,0,0,0,0,0,0,0,0,0,0,0,0,0,0,0
266700,0,0,0,0,1,0,0,0,0,0,0,0,0,0,0,0,0
266715,0,0,0,0,0,0,0,1,0,0,0,0,0,0,0,0,0
266768,0,1,0,0,0,0,0,0,0,0,0,0,0,0,0,0,0
266775,0,0,0,1,1,0,0,0,0,0,0,0,0,0,0,0,0
266836,1,0,0,0,0,0,0,0,0,0,0,0,1,0,0,0,0
266960,0,0,0,1,0,0,0,0,0,0,0,0,0,0,0,0,0
266995,0,1,0,0,0,0,0,0,0,0,0,0,0,0,0,0,0
267001,0,0,0,0,1,0,0,0,0,0,0,0,0,0,0,0,0
267230,0,0,0,0,1,0,0,0,0,0,0,0,0,0,0,0,0
267255,0,0,0,0,0,0,0,0,0,0,0,0,0,1,1,0,0
267320,0,1,0,0,0,0,0,0,0,0,0,0,0,0,0,0,0
267485,0,0,0,0,1,0,0,0,0,0,0,0,0,0,0,0,0
267509,0,0,0,0,1,0,0,0,0,0,0,0,0,0,0,0,0
267525,0,0,0,0,1,0,0,0,0,0,0,0,0,0,0,0,0
267534,0,0,0,0,1,0,0,0,0,0,0,0,0,0,0,0,0
267567,0,1,0,0,0,0,0,0,0,0,0,0,0,0,0,0,0
267626,0,0,0,0,1,0,0,0,0,0,0,0,0,0,0,0,0
267630,0,0,1,0,1,0,0,0,0,0,0,0,0,0,0,0,0
267777,0,1,0,0,0,0,0,0,0,0,0,0,0,0,0,0,0
267801,0,0,0,0,1,0,0,0,0,0,0,0,0,0,0,0,0
267816,0,0,0,0,1,0,0,0,0,0,0,0,0,0,0,0,0
267820,0,1,0,0,1,0,0,0,0,0,0,0,0,0,0,0,0
267854,0,0,0,1,1,0,0,0,0,0,0,0,0,0,0,0,0
267882,0,0,0,0,1,0,0,0,0,0,0,0,0,0,0,0,0
267892,0,0,0,0,1,0,0,0,0,0,0,0,0,0,0,0,0
267905,0,1,0,0,0,0,0,0,0,0,0,0,0,0,0,0,0
268014,0,0,0,0,1,0,0,0,0,0,0,0,0,0,0,0,0
268146,0,1,0,0,0,0,0,0,0,0,0,0,0,0,0,0,0
268178,0,0,0,0,1,0,0,0,0,0,0,0,0,0,0,0,0
268222,0,1,0,0,0,0,0,0,0,0,0,0,0,0,0,0,0
268293,0,0,0,0,1,0,0,0,0,0,0,0,0,0,0,0,0
268313,0,0,0,0,0,0,0,0,1,0,0,0,0,0,0,0,0
268441,0,0,0,0,1,0,0,0,0,0,0,0,0,0,0,0,0
268525,0,1,0,0,0,0,0,0,0,0,0,0,0,0,0,0,0
268639,0,0,0,0,1,0,0,0,0,0,0,0,0,0,0,0,0
268713,0,1,0,0,0,0,0,0,0,0,0,0,0,0,0,0,0
269014,0,1,0,0,0,0,0,0,0,0,0,0,0,0,0,0,0
269064,0,1,0,0,0,0,0,0,0,0,0,0,0,0,0,0,0
269086,0,0,0,0,1,0,0,0,0,0,0,0,0,0,0,0,0
269209,0,0,0,0,1,0,0,0,0,0,0,0,0,0,0,0,0
269258,0,1,0,0,0,0,0,0,0,0,0,0,0,0,0,0,0
269314,0,1,0,0,0,0,0,0,0,0,0,0,0,0,0,0,0
269354,0,1,0,0,0,0,0,0,0,0,0,0,0,0,0,0,0
269491,0,1,0,0,0,0,0,0,0,0,0,0,0,0,0,0,0
269631,0,1,0,0,0,0,0,0,0,0,0,0,0,0,0,0,0
269673,0,1,0,0,0,0,0,0,0,0,0,0,0,0,0,0,0
269714,0,1,0,0,0,0,0,0,0,0,0,0,0,0,0,0,0
269766,0,0,0,0,1,0,0,0,0,0,0,0,0,0,0,0,0
269801,0,0,0,0,1,0,0,0,0,0,0,0,0,0,0,0,0
269850,0,0,0,0,1,0,0,0,0,0,0,0,0,0,0,0,0
269861,0,0,0,0,1,0,0,0,0,0,0,0,0,0,0,0,0
269906,0,1,0,0,0,0,0,0,0,0,0,0,0,0,0,0,0
269918,0,1,0,0,0,0,0,0,0,0,0,0,0,0,0,0,0
270044,0,1,0,0,1,0,0,0,0,0,0,0,0,0,0,0,0
270057,0,0,0,0,0,0,0,1,0,0,0,0,0,0,0,0,0
270065,0,1,0,0,0,0,0,0,0,0,0,0,0,0,0,0,0
270442,0,1,0,0,0,0,0,0,0,0,0,0,0,0,0,0,0
270581,0,1,0,0,0,0,0,0,0,0,0,0,0,0,0,0,0
270674,0,1,0,0,0,0,0,0,0,0,0,0,0,0,0,0,0
270681,0,0,0,0,1,0,0,0,0,0,0,0,0,0,0,0,0
270849,0,1,0,0,0,0,0,0,0,0,0,0,0,0,0,0,0
271047,0,0,0,0,1,0,0,0,0,0,0,0,0,0,0,0,0
271213,0,0,0,0,1,0,0,0,0,0,0,0,0,0,0,0,0
271366,0,1,0,0,0,0,0,0,0,0,0,0,0,0,0,0,0
271466,0,1,0,0,0,0,0,0,0,0,0,0,0,0,0,0,0
271595,0,1,0,0,0,0,0,0,0,0,0,0,0,0,0,0,0
271626,0,1,0,0,0,0,0,0,0,0,0,0,0,0,0,0,0
271673,0,1,0,0,0,0,0,0,0,0,0,0,0,0,0,0,0
271694,0,1,0,0,0,0,0,0,0,0,0,0,0,0,0,0,0
271780,0,0,0,0,0,0,0,1,0,0,0,0,0,0,0,0,0
271800,0,0,0,0,1,0,0,0,0,0,0,0,0,0,0,0,0
271801,0,1,0,0,0,0,0,0,0,0,0,0,0,0,0,0,0
271885,0,1,0,0,0,0,0,0,0,0,0,0,0,0,0,0,0
271949,0,1,0,0,0,0,0,0,0,0,0,0,0,0,0,0,0
271961,0,0,0,0,1,0,0,0,0,0,0,0,0,0,0,0,0
272061,0,1,0,0,0,0,0,0,0,0,0,0,0,0,0,0,0
272116,0,0,1,0,1,0,0,0,0,0,0,0,0,0,0,0,0
272136,0,1,0,0,0,0,0,0,0,0,0,0,0,0,0,0,0
272215,0,0,0,0,1,0,0,0,0,0,0,0,0,0,0,0,0
272268,0,1,0,0,0,0,0,0,0,0,0,0,0,0,0,0,0
272576,0,0,0,0,1,0,0,0,0,0,0,0,0,0,0,0,0
272713,0,1,0,0,0,0,0,0,0,0,0,0,0,0,0,0,0
272834,0,0,0,0,0,0,0,0,0,0,0,0,1,0,0,0,0
272852,0,1,0,0,0,0,0,0,0,0,0,0,0,0,0,0,0
272863,0,1,0,0,0,0,0,0,0,0,0,0,0,0,0,0,0
273024,0,1,0,0,0,0,0,0,0,0,0,0,0,0,0,0,0
273038,0,0,0,1,0,0,0,0,0,0,0,0,0,0,0,0,0
273395,0,0,0,0,1,0,0,0,0,0,0,0,0,0,0,0,0
273513,0,0,0,1,0,0,0,0,0,0,0,0,0,0,0,0,0
273575,0,1,0,0,0,0,0,0,0,0,0,0,0,0,0,0,0
273641,0,0,0,0,1,0,0,0,0,0,0,0,0,0,0,0,0
273664,0,1,0,0,0,0,0,0,0,0,0,0,0,0,0,0,0
273688,0,0,0,1,0,0,0,0,0,0,0,0,0,0,0,0,0
273749,0,0,0,1,0,0,0,0,0,0,0,0,0,0,0,0,0
273758,0,0,0,0,1,0,0,0,0,0,0,0,0,0,0,0,0
273794,0,1,0,0,0,0,0,0,0,0,0,0,0,0,0,0,0
273881,0,1,0,0,0,0,0,0,0,0,0,0,0,0,0,0,0
273890,0,1,0,0,0,0,0,0,0,0,0,0,0,0,0,0,0
273987,0,0,0,1,0,0,0,0,0,0,0,0,0,0,0,0,0
274010,0,0,0,1,0,0,0,0,0,0,0,0,0,0,0,0,0
274670,0,0,0,0,1,0,0,0,0,0,0,0,0,0,0,0,0
327708,0,1,0,0,0,0,0,0,0,0,0,0,0,0,0,0,0
327821,0,1,0,0,0,0,0,0,0,0,0,0,0,0,0,0,0
327836,0,0,0,0,1,0,0,0,0,0,0,0,0,0,0,0,0
327875,0,1,0,0,0,0,0,0,0,0,0,0,0,0,0,0,0
327932,0,1,0,0,0,0,0,0,0,0,0,0,0,0,0,0,0
327992,0,0,1,0,0,0,0,0,0,0,0,0,0,0,0,0,0
328011,0,0,0,0,0,1,0,0,0,0,0,0,0,0,0,0,0
328126,0,1,0,0,0,0,0,0,0,0,0,0,0,0,0,0,0
328165,0,0,0,1,0,0,0,0,0,0,0,0,0,0,0,0,0
328273,0,0,0,1,0,0,0,0,0,0,0,0,0,0,0,0,0
328274,0,0,0,1,0,0,0,0,0,0,0,0,0,0,0,0,0
328277,0,0,0,0,1,0,0,0,0,0,0,0,0,0,0,0,0
328283,0,0,0,1,0,0,0,0,0,0,0,0,0,0,0,0,0
328306,0,1,0,0,0,0,0,0,0,0,0,0,0,0,0,0,0
328398,0,1,0,0,0,0,0,0,0,0,0,0,0,0,0,0,0
328419,0,0,1,0,0,0,0,0,0,0,0,0,0,0,0,0,0
328440,0,0,0,1,0,0,0,0,0,0,0,0,0,0,0,0,0
328497,0,0,0,0,0,0,0,0,0,0,0,0,1,0,0,0,0
328526,0,1,0,0,0,0,0,0,0,0,0,0,0,0,0,0,0
328537,0,0,0,0,0,0,0,0,0,0,0,0,0,0,1,0,0
328592,0,0,0,1,1,0,0,0,0,0,0,0,0,0,0,0,0
328608,0,1,0,0,0,0,0,0,0,0,0,0,0,0,0,0,0
328645,0,0,0,1,0,0,0,0,0,0,0,0,0,0,0,0,0
328724,0,1,0,0,0,0,0,0,0,0,0,0,0,0,0,0,0
328772,0,0,0,0,0,1,0,0,0,0,0,0,0,0,0,0,0
328776,0,0,0,0,0,1,0,0,0,0,0,0,0,0,0,0,0
328922,0,0,0,1,0,0,0,0,0,0,0,0,0,0,0,0,0
328995,0,1,0,0,0,0,0,0,0,0,0,0,0,0,0,0,0
328998,0,1,0,0,0,0,0,0,0,0,0,0,0,0,0,0,0
329166,0,1,0,0,0,0,0,0,0,0,0,0,0,0,0,0,0
329174,0,1,0,0,0,0,0,0,0,0,0,0,0,0,0,0,0
329432,0,0,0,0,0,0,0,0,0,0,0,0,0,0,1,0,0
329467,0,1,0,0,0,0,0,0,0,0,0,0,0,0,0,0,0
393221,0,1,0,0,0,0,0,0,0,0,0,0,0,0,0,0,0
393290,0,0,0,0,0,0,0,0,1,0,0,0,0,0,0,0,0
393523,0,1,0,0,0,0,0,0,0,0,0,0,0,0,0,0,0
393550,0,0,0,0,0,1,0,0,0,0,0,0,0,0,0,0,0
393876,0,0,0,0,0,0,0,0,0,0,0,0,0,1,0,0,0
393988,0,0,0,0,0,0,0,0,0,0,0,0,0,1,0,0,0
393995,0,0,0,0,1,0,0,0,0,0,0,0,0,0,0,0,0
393998,0,0,0,0,1,0,0,0,0,0,0,0,0,0,0,0,0
394070,0,1,0,0,0,0,0,0,0,0,0,0,0,0,0,0,0
394132,0,0,0,0,0,0,0,0,0,0,0,0,0,0,0,0,1
394271,0,0,1,0,0,0,0,0,0,0,0,0,0,0,0,0,0
394353,0,1,0,0,0,0,0,0,0,0,0,0,0,0,0,0,0
394366,0,0,0,0,1,0,0,0,0,0,0,0,0,0,0,0,0
394576,0,0,0,0,0,0,0,0,0,0,0,0,0,1,0,0,0
394594,0,1,0,0,0,0,0,0,0,0,0,0,0,0,0,0,0
394704,0,1,0,0,0,0,0,0,0,0,0,0,0,0,0,0,0
394741,0,0,0,1,0,0,0,0,0,0,0,0,0,0,0,0,0
394916,0,0,0,0,0,0,0,0,0,0,0,0,0,1,0,0,0
394993,0,0,0,0,1,0,0,0,0,0,0,0,0,1,0,0,0
395081,0,1,0,0,0,0,0,0,0,0,0,0,0,0,0,0,0
395217,0,1,0,0,0,0,0,0,0,0,0,0,0,0,0,0,0
395263,0,1,0,0,0,0,0,0,0,0,0,0,0,0,0,0,0
395290,0,0,0,0,0,0,0,0,0,0,0,0,0,0,1,0,0
395317,0,0,0,0,1,0,0,0,0,0,0,0,0,0,0,0,0
395354,0,1,0,0,0,0,0,0,0,0,0,0,0,0,0,0,0
395400,0,0,1,0,1,0,0,0,0,0,0,0,0,0,0,0,0
395410,0,0,0,1,0,0,0,0,0,0,0,0,0,0,0,0,0
395537,0,0,1,0,0,0,0,0,0,0,0,0,0,0,0,0,0
395615,0,0,0,1,0,0,0,0,0,0,0,0,0,0,0,0,0
395627,0,0,0,0,1,0,0,0,0,0,0,0,0,0,0,0,0
395658,1,0,0,0,0,0,0,0,0,0,0,0,0,0,0,0,0
395664,0,0,1,0,0,0,0,0,0,0,0,0,0,0,0,0,0
395750,0,0,0,0,0,1,0,0,0,0,0,0,0,0,0,0,0
396098,0,0,0,0,1,0,0,0,0,0,0,0,0,0,0,0,0
396161,0,0,0,0,1,0,0,0,0,0,0,0,0,1,0,0,0
396192,0,0,0,0,1,0,0,0,0,0,0,0,0,1,0,0,0
396320,0,0,0,0,1,0,0,0,0,0,0,0,0,1,0,0,0
396389,0,0,0,0,1,0,0,0,0,0,0,0,0,1,0,0,0
396515,0,1,0,0,0,0,0,0,0,0,0,0,0,0,0,0,0
396566,0,1,0,0,0,0,0,0,0,0,0,0,0,0,0,0,0
396982,0,1,0,0,0,0,0,0,0,0,0,0,0,0,0,0,0
397115,0,0,0,0,0,0,0,0,0,0,0,0,0,0,0,0,1
397213,0,1,0,0,0,0,0,0,0,0,0,0,0,0,0,0,0
397276,0,0,0,0,1,0,0,0,0,0,0,0,0,0,0,0,0
397373,0,1,0,0,0,0,0,0,0,0,0,0,0,0,0,0,0
397382,0,0,0,1,1,0,0,0,0,0,0,0,0,0,0,0,0
397480,0,0,0,0,1,0,0,0,0,0,0,0,0,0,0,0,0
397481,0,0,0,0,0,0,0,0,0,0,0,0,0,0,0,1,0
397508,0,0,0,0,1,0,0,0,0,0,0,0,0,1,0,0,0
397585,0,0,0,0,0,0,0,0,1,0,0,0,0,0,0,0,0
397607,0,0,1,0,0,0,0,0,0,0,0,0,0,0,0,0,0
397711,0,0,0,0,1,0,0,0,0,0,0,0,0,0,0,0,0
397736,0,0,0,1,0,0,0,0,0,0,0,0,0,0,0,0,0
397795,0,0,0,0,0,0,0,0,1,0,0,0,0,0,0,0,0
397883,0,0,0,0,1,0,0,0,0,0,0,0,0,0,0,0,0
398026,0,0,0,0,1,0,0,0,0,0,0,0,0,1,0,0,0
398037,0,1,0,0,0,0,0,0,0,0,0,0,0,0,0,0,1
398062,0,0,0,0,1,0,0,0,0,0,0,0,0,1,0,0,0
398079,0,0,0,0,0,0,0,0,0,0,0,0,0,0,0,1,1
398118,0,0,0,0,1,0,0,0,0,0,0,0,0,0,0,0,0
398158,0,0,0,0,0,0,0,0,0,0,0,0,0,1,0,0,0
398230,0,1,0,0,0,0,0,0,0,0,0,0,0,0,0,0,0
398290,0,0,0,0,1,0,0,0,0,0,0,0,0,0,0,0,0
398757,0,0,0,0,1,0,0,0,0,0,0,0,0,0,0,0,0
398846,1,0,0,0,1,0,0,0,0,0,0,0,0,0,0,0,0
399023,1,0,0,0,0,0,0,0,0,0,0,0,1,0,0,0,0
399263,0,0,0,0,0,0,0,0,1,0,0,0,1,0,0,0,0
399280,0,1,0,0,0,0,0,0,0,0,0,0,0,0,0,0,0
399409,0,0,0,1,0,0,0,0,0,0,0,0,0,0,0,0,0
399479,0,0,0,0,0,0,0,0,0,0,0,0,1,0,0,0,0
399561,0,0,0,0,0,0,0,0,0,0,0,0,0,1,0,0,0
399722,0,0,0,0,0,1,0,0,0,0,0,0,0,0,0,0,0
399957,0,0,0,0,1,0,0,0,0,0,0,0,0,0,0,0,0
400085,0,0,0,0,1,0,0,0,0,0,0,0,0,0,0,0,0
400091,1,1,0,0,0,0,0,0,0,0,0,0,0,0,0,0,0
400390,1,1,0,0,0,0,0,0,0,0,0,0,0,0,0,0,0
400476,0,1,0,0,0,0,0,0,0,0,0,0,0,0,0,0,0
400512,0,0,0,0,1,0,0,0,0,0,0,0,0,0,0,0,0
400517,0,1,0,0,0,0,0,0,0,0,0,0,0,0,0,0,0
400939,1,0,0,0,0,0,0,0,0,0,0,0,0,0,0,0,0
401194,0,0,0,0,1,0,0,0,0,0,0,0,0,0,0,0,0
401201,0,0,0,0,0,0,0,0,0,0,0,0,0,1,0,0,0
401264,0,0,1,0,0,0,0,0,0,0,0,0,0,0,0,0,0
401485,0,1,0,0,0,0,0,0,0,0,0,0,0,0,0,0,0
