asn,Access,Transit,Mobile,Satellite,ContentProvider,EducationalResearch,Government,IXP,DNS,EnergyAndUtility,Enterprise,Finance,LawEnforcement,Health,Cooperatives,TvRadioCulturalAmenities,Transportation,VPNs,Personal,Community
102,0,0,0,0,0,1,1,0,0,0,0,0,0,0,0,0,0,0,0,0
293,0,0,0,0,0,1,1,0,0,0,0,0,0,0,0,0,0,0,0,0
688,0,0,0,0,0,1,1,0,0,0,0,0,0,0,0,0,0,0,0,0
804,0,0,0,0,0,0,0,0,0,0,0,1,0,0,0,0,0,0,0,0
1030,0,0,0,0,0,0,0,0,1,0,0,0,0,0,0,0,0,0,0,0
1070,0,0,0,0,0,0,0,0,0,0,0,0,1,0,0,0,0,0,0,0
1273,1,1,1,0,0,0,0,0,0,0,0,0,0,0,0,0,0,0,0,0
1320,0,0,0,0,0,0,0,0,1,0,0,0,0,0,0,0,0,0,0,0
1828,0,0,0,0,1,0,0,0,0,0,0,0,0,0,0,0,0,0,0,0
2497,0,1,0,0,0,0,0,0,0,0,0,0,0,0,0,0,0,0,0,0
2648,0,0,0,0,0,0,1,0,0,0,0,0,0,0,0,0,0,0,0,0
3219,0,0,0,0,0,0,1,0,0,0,0,0,0,0,0,0,0,0,0,0
3491,0,1,0,0,0,0,0,0,0,0,0,0,0,0,0,0,0,0,0,0
3549,0,1,0,0,0,0,0,0,0,0,0,0,0,0,0,0,0,0,0,0
3557,0,0,0,0,0,0,0,0,1,0,0,0,0,0,0,0,0,0,0,0
3635,0,0,0,0,0,0,1,0,0,0,0,0,0,0,0,0,0,0,0,0
3677,0,0,0,0,0,1,0,0,0,0,0,0,0,0,0,0,0,0,0,0
3923,0,0,0,0,0,0,1,0,0,0,0,0,0,0,0,0,1,0,0,0
4134,1,1,1,0,0,0,0,0,0,0,0,0,0,0,0,0,0,0,0,0
5663,0,0,0,0,0,0,1,0,0,0,0,0,0,0,0,0,0,0,0,0
5742,1,0,0,0,0,0,0,0,0,0,0,0,0,0,0,0,0,0,0,0
6192,0,0,0,0,0,1,0,0,0,0,0,0,0,0,0,0,0,0,0,0
6377,0,0,0,0,0,1,0,0,0,0,0,0,0,0,0,0,0,0,0,0
6713,0,0,1,0,0,0,1,0,0,0,0,0,0,0,0,0,0,0,0,0
6801,0,0,0,0,0,1,1,0,0,0,0,0,0,0,0,0,0,0,0,0
6973,0,0,0,0,0,0,0,0,0,0,0,1,0,0,0,0,0,0,0,0
7049,1,0,0,0,0,0,0,0,0,0,0,0,0,0,0,0,0,0,0,0
7575,0,0,0,0,0,1,1,0,0,0,0,0,0,0,0,0,0,0,0,0
7820,0,0,0,0,0,0,0,0,0,0,0,1,0,0,0,0,0,0,0,0
9215,0,0,0,0,1,0,0,0,0,0,0,0,0,0,0,0,0,0,0,0
9633,0,0,0,0,0,0,1,0,0,0,0,0,0,0,0,0,0,0,0,0
9638,0,0,0,0,0,0,0,0,0,0,0,0,0,0,1,0,0,0,0,0
9860,0,0,0,0,0,0,1,0,0,0,0,0,0,1,0,0,0,0,0,0
10055,0,0,0,0,0,0,1,0,0,0,0,0,0,0,0,0,1,0,0,0
10183,0,0,0,0,0,0,1,0,0,0,0,0,0,0,0,0,0,0,0,0
11315,1,0,1,0,0,0,0,0,0,0,0,0,0,0,0,0,0,0,0,0
12269,0,0,0,0,0,0,0,0,0,0,1,0,0,0,0,0,0,0,0,0
12430,1,0,1,0,0,0,0,0,0,0,0,0,0,0,0,0,0,0,0,0
13094,0,0,0,0,0,0,0,1,0,0,0,0,0,0,0,0,0,0,0,0
13348,0,0,0,0,0,0,0,0,0,0,0,0,0,1,0,0,0,0,0,0
13836,0,0,0,0,0,0,0,0,0,0,0,1,0,0,0,0,0,0,0,0
14627,0,0,0,0,0,0,0,0,1,0,0,0,0,0,0,0,0,0,0,0
14694,0,0,0,0,0,0,1,0,0,0,0,0,0,0,0,0,0,0,0,0
15147,0,0,0,0,0,0,1,0,0,0,0,0,1,0,0,0,0,0,0,0
16591,1,0,0,0,0,0,0,0,0,0,0,0,0,0,0,0,0,0,0,0
16701,0,0,0,0,0,0,1,0,0,0,0,0,0,0,0,0,0,0,0,0
17591,0,0,0,0,0,0,1,0,0,0,0,0,0,0,0,0,0,0,0,0
18041,0,0,0,0,0,0,0,0,0,0,1,0,0,0,0,0,0,0,0,0
18310,0,0,0,0,0,0,0,0,0,0,0,0,0,0,0,0,0,0,0,0
18422,0,0,0,0,0,1,1,0,0,0,0,0,0,0,0,0,0,0,0,0
18568,0,0,0,0,0,0,0,0,0,0,1,0,0,0,0,0,0,0,0,0
19069,0,0,0,0,0,0,0,0,0,0,0,1,0,0,0,0,0,0,0,0
19527,0,0,0,0,1,0,0,0,1,0,0,0,0,0,0,0,0,0,0,0
20057,1,0,1,0,0,0,0,0,0,0,0,0,0,0,0,0,0,0,0,0
20545,0,0,0,0,0,1,0,0,0,0,0,0,0,0,0,0,0,0,0,0
21598,0,0,0,0,0,0,0,0,0,1,0,0,0,0,0,0,0,0,0,0
22351,1,0,0,1,0,0,0,0,0,0,0,0,0,0,0,0,0,0,0,0
22834,0,0,0,0,0,1,0,0,0,0,0,0,0,0,0,0,0,0,0,0
23344,0,0,0,0,0,0,0,0,0,0,1,0,0,0,0,0,0,0,0,0
23457,0,0,0,0,0,0,1,0,0,0,0,0,0,0,0,0,0,0,0,0
23676,0,0,0,0,0,0,0,1,0,0,0,0,0,0,0,0,0,0,0,0
23708,0,0,0,0,0,0,0,0,1,0,0,0,0,0,0,0,0,0,0,0
27318,0,0,0,0,0,0,0,0,1,0,0,0,0,0,0,0,0,0,0,0
27785,0,0,0,0,0,0,0,0,0,0,0,1,0,0,0,0,0,0,0,0
27811,0,0,0,0,0,0,0,0,0,0,0,1,0,0,0,0,0,0,0,0
28055,0,0,0,0,0,0,0,0,0,0,0,1,0,0,0,0,0,0,0,0
28604,0,0,0,0,0,0,0,0,0,0,1,0,0,0,0,0,0,0,0,0
28637,0,0,0,0,0,0,1,0,0,0,0,0,0,0,0,0,0,0,0,0
29214,0,0,0,0,0,0,1,0,0,0,0,0,0,0,0,0,0,0,0,0
29575,0,0,0,0,0,0,0,0,0,0,0,1,0,0,0,0,0,0,0,0
29977,0,0,0,0,0,0,0,0,0,0,0,0,0,0,0,0,0,0,1,0
30036,1,0,0,0,0,0,0,0,0,0,0,0,0,0,0,0,0,0,0,0
30123,0,0,0,0,0,0,0,0,1,0,0,0,0,0,0,0,0,0,0,0
30129,0,0,0,0,0,0,0,0,1,0,0,0,0,0,0,0,0,0,0,0
31122,0,0,0,0,0,0,0,0,0,0,0,0,0,0,0,0,0,0,0,0
31210,0,0,0,0,0,0,0,1,0,0,0,0,0,0,0,0,0,0,0,0
31898,0,0,0,0,1,0,0,0,0,0,0,0,0,0,0,0,0,0,0,0
32858,0,0,0,0,0,0,0,0,0,0,0,0,0,1,0,0,0,0,0,0
33075,0,0,0,0,0,0,0,0,1,0,0,0,0,0,0,0,0,0,0,0
33080,0,0,0,0,0,0,0,0,1,0,0,0,0,0,0,0,0,0,0,0
33343,0,0,0,0,0,0,1,0,0,0,0,0,0,0,0,0,0,0,0,0
35104,1,0,1,0,0,0,0,0,0,0,0,0,0,0,0,0,0,0,0,0
36929,0,0,0,0,0,0,1,0,0,0,0,1,0,0,0,0,0,0,0,0
37412,0,0,0,0,0,0,0,1,0,0,0,0,0,0,0,0,0,0,0,0
37420,0,0,0,0,0,1,0,0,0,0,0,0,0,0,0,0,0,0,0,0
37424,1,0,1,0,0,0,0,0,0,0,0,0,0,0,0,0,0,0,0,0
37472,1,0,0,1,0,0,0,0,0,0,0,0,0,0,0,0,0,0,0,0
37699,0,0,0,0,0,0,0,1,0,0,0,0,0,0,0,0,0,0,0,0
37728,0,0,0,0,0,0,0,1,0,0,0,0,0,0,0,0,0,0,0,0
38621,0,0,0,0,1,0,0,0,0,0,0,0,0,0,0,0,0,0,0,0
38622,0,0,0,0,1,0,0,0,0,0,0,0,0,0,0,0,0,0,0,0
38866,0,0,0,0,0,0,0,0,0,0,0,0,0,0,0,0,1,0,0,0
39133,0,0,0,0,0,0,0,0,0,0,0,1,0,0,0,0,0,0,0,0
39279,0,0,0,0,0,0,1,0,0,0,0,0,0,0,0,0,0,0,0,0
39356,0,0,0,0,0,0,0,0,0,0,0,0,0,0,0,0,0,0,0,0
40721,0,0,0,0,0,0,1,0,0,0,0,0,0,0,0,0,0,0,0,0
41888,0,0,0,0,0,0,0,0,0,0,0,0,1,0,0,0,0,0,0,0
44044,0,0,0,0,0,0,0,0,0,0,0,1,0,0,0,0,0,0,0,0
45984,0,0,0,0,0,1,1,0,0,0,0,0,0,0,0,0,0,0,0,0
46590,0,0,0,0,0,0,1,0,0,0,0,0,0,0,0,0,0,0,0,0
47302,0,0,0,0,1,0,0,0,0,0,0,0,0,0,0,0,0,0,0,0
48586,0,0,0,0,0,0,0,1,0,0,0,0,0,0,0,0,0,0,0,0
49368,1,0,0,0,0,0,0,0,0,0,0,0,0,0,0,0,0,0,0,0
51402,1,0,0,0,0,0,0,0,0,0,0,0,0,0,0,0,0,0,0,0
51701,0,0,0,0,0,0,0,0,0,0,0,0,0,0,0,0,0,0,0,0
52250,0,0,0,0,0,0,1,0,1,0,0,0,0,0,0,0,0,0,0,0
52320,1,1,0,0,0,0,0,0,0,0,0,0,0,0,0,0,0,0,0,0
52381,0,0,0,0,0,0,0,0,0,0,0,0,0,0,1,0,0,0,0,0
52383,0,0,0,0,0,0,0,0,0,0,0,1,0,0,0,0,0,0,0,0
53353,0,0,0,0,0,0,0,0,0,0,0,0,0,0,0,0,1,0,0,0
53357,0,0,0,0,0,1,0,0,0,0,0,0,0,0,0,0,0,0,0,0
53772,0,0,0,0,0,1,0,0,0,0,0,0,0,0,0,0,0,0,0,0
54058,1,0,1,0,0,0,0,0,0,0,0,0,0,0,0,0,0,0,0,0
54368,0,0,0,0,0,0,0,0,0,0,0,1,0,0,0,0,0,0,0,0
54453,0,0,0,0,0,1,0,0,0,0,0,0,0,0,0,0,0,0,0,0
55403,0,0,0,0,0,0,1,0,0,0,0,0,0,0,0,0,0,0,0,0
55620,0,0,0,0,0,0,1,0,0,0,0,0,0,0,0,0,0,0,0,0
55656,0,0,0,0,0,0,1,0,0,0,0,0,0,0,0,0,1,0,0,0
55815,0,0,0,0,0,0,1,0,0,0,0,0,0,0,0,0,0,0,0,0
56236,0,0,0,0,0,0,1,0,0,0,0,0,0,0,0,0,0,0,0,0
57463,0,0,0,0,0,0,0,1,0,0,0,0,0,0,0,0,0,0,0,0
57580,0,0,0,0,0,0,1,0,0,0,0,0,0,0,0,0,0,0,0,0
57884,0,0,0,0,0,0,0,0,0,0,0,0,0,0,0,0,1,0,0,0
58280,0,0,0,0,0,0,0,0,0,0,0,0,0,0,0,0,0,0,1,0
58706,0,0,0,0,0,1,0,0,0,0,0,0,0,0,0,0,0,0,0,0
60812,0,0,0,0,0,0,0,1,0,0,0,0,0,0,0,0,0,0,0,0
60855,0,0,0,0,0,0,1,0,0,0,0,0,0,0,0,0,0,0,0,0
61314,0,0,0,0,0,0,1,0,0,0,0,1,0,0,0,0,0,0,0,0
61455,0,0,0,0,0,0,0,0,1,0,0,0,0,0,0,0,0,0,0,0
61510,0,0,0,0,0,0,0,0,0,0,0,0,0,0,1,0,0,0,0,0
61600,0,0,0,0,0,0,0,1,0,0,0,0,0,0,0,0,0,0,0,0
61785,1,0,0,0,0,0,0,0,0,0,0,0,0,0,0,0,0,0,0,0
62035,0,0,0,0,0,0,0,0,0,0,1,0,0,0,0,0,0,0,0,0
62510,0,0,0,0,0,1,0,0,0,0,0,0,0,0,0,0,0,0,0,0
62553,0,0,0,0,1,0,0,0,0,0,0,0,0,0,0,0,0,0,0,0
63036,0,0,0,0,0,0,1,0,0,0,0,0,0,0,0,0,0,0,0,0
63098,0,0,0,0,0,0,0,0,0,0,1,0,0,0,0,1,0,0,0,0
63408,0,0,0,0,0,0,0,0,0,0,1,0,0,0,0,0,0,0,0,0
63602,0,0,0,0,0,0,0,1,0,0,0,0,0,0,0,0,0,0,0,0
132203,0,0,0,0,1,0,0,0,0,0,1,0,0,0,0,0,0,0,0,0
132978,0,0,0,0,0,0,0,0,0,0,0,0,0,0,0,0,0,0,0,0
133477,0,0,0,0,0,0,0,0,0,0,0,0,1,0,0,0,0,0,0,0
134099,0,0,0,0,0,0,1,0,0,0,0,0,0,0,0,0,0,0,0,0
137018,0,0,0,0,0,0,0,0,0,0,0,0,0,0,0,0,0,0,0,0
137087,0,0,0,0,0,0,0,0,0,0,0,0,0,0,0,0,0,0,0,0
138654,0,0,0,0,0,0,0,0,0,0,1,0,0,0,0,0,1,0,0,0
139009,1,0,0,0,0,0,0,0,0,0,0,0,0,0,0,0,0,0,0,0
139237,0,0,0,0,0,0,0,0,0,0,0,0,1,0,0,0,0,0,0,0
141773,0,0,0,0,1,0,0,0,0,0,0,0,0,0,0,0,0,0,0,0
142115,0,0,0,0,0,0,0,0,0,0,0,0,0,0,0,1,0,0,0,0
146979,0,0,0,0,0,1,0,0,0,0,0,0,0,0,0,0,0,0,0,0
147152,0,0,0,0,0,0,0,0,0,0,0,0,0,0,0,0,0,0,0,0
149251,0,0,0,0,0,0,0,0,0,0,0,0,0,0,0,0,0,0,0,0
150190,0,0,0,0,0,0,0,1,0,0,0,0,0,0,0,0,0,0,0,0
150286,1,0,0,0,0,0,0,0,0,0,0,0,0,0,0,0,0,0,0,0
150703,0,0,0,0,0,0,1,0,0,0,0,0,0,0,0,0,0,0,0,0
196847,0,0,0,0,0,0,1,0,0,0,0,0,0,0,0,0,1,0,0,0
199104,0,0,0,0,0,0,0,0,0,0,0,1,0,0,0,0,0,0,0,0
199837,1,0,0,0,0,0,0,0,0,0,0,0,0,0,0,0,0,0,0,0
200303,0,0,0,0,1,0,0,0,0,0,0,0,0,0,0,0,0,0,0,0
200521,0,0,0,0,0,0,1,0,0,0,0,0,0,0,0,0,0,0,0,0
201547,0,0,0,0,0,0,1,0,0,0,0,0,0,0,0,1,0,0,0,0
201680,0,0,0,0,0,0,1,0,0,0,0,0,0,0,0,0,0,0,0,0
206924,0,0,0,0,0,0,0,0,0,0,0,0,0,0,0,0,0,0,1,0
209242,0,0,0,0,1,0,0,0,1,0,0,0,0,0,0,0,0,0,0,0
209513,0,0,0,0,0,0,0,0,0,1,0,0,0,0,0,0,0,0,0,0
210765,0,0,0,0,0,0,0,0,1,0,0,0,0,0,0,0,0,0,0,0
211081,0,0,0,0,0,0,0,0,0,0,0,1,0,0,0,0,0,0,0,0
214591,0,0,0,0,0,0,0,1,0,0,0,0,0,0,0,0,0,0,0,0
216430,0,0,0,0,0,0,0,0,0,0,0,0,0,0,0,0,0,0,1,0
262249,0,0,0,0,0,0,1,0,0,0,0,0,0,0,0,0,0,0,0,0
262500,0,0,0,0,0,0,0,0,0,0,0,1,0,0,0,0,0,0,0,0
263719,0,0,0,0,0,0,0,0,0,0,0,0,1,0,0,0,0,0,0,0
264254,0,0,0,0,0,0,0,0,0,0,0,0,0,0,0,0,0,0,0,0
264886,1,0,0,0,0,0,0,0,0,0,0,0,0,0,0,0,0,0,0,0
265651,0,0,0,0,0,0,1,0,0,0,0,0,0,0,0,0,0,0,0,0
265792,0,0,0,0,0,0,0,0,0,0,0,0,0,0,1,0,0,0,0,0
266637,0,0,0,0,0,0,1,0,0,0,0,0,0,0,0,0,0,0,0,0
267509,0,0,0,0,0,0,1,0,0,0,0,0,0,0,0,0,0,0,0,0
268525,1,0,0,0,0,0,0,0,0,0,0,0,0,0,0,0,0,0,0,0
269714,1,0,0,0,0,0,0,0,0,0,0,0,0,0,0,0,0,0,0,0
269850,0,0,0,0,0,0,1,0,0,1,0,0,0,0,0,0,0,0,0,0
270065,0,0,0,0,0,0,0,0,0,0,0,0,0,0,0,1,0,0,0,0
270674,1,0,0,0,0,0,0,0,0,0,0,0,0,0,0,0,0,0,0,0
271626,1,0,0,0,0,0,0,0,0,0,0,0,0,0,0,0,0,0,0,0
271673,1,0,0,0,0,0,0,0,0,0,0,0,0,0,0,0,0,0,0,0
273688,0,0,0,0,0,0,0,0,0,0,0,1,0,0,0,0,0,0,0,0
273881,0,0,0,0,0,1,1,0,0,0,0,0,0,0,0,0,0,0,0,0
327836,0,0,0,0,0,0,1,0,0,0,0,0,0,0,0,0,0,0,0,0
328011,0,0,0,0,0,0,0,0,0,0,0,0,0,1,0,0,0,0,0,0
328283,0,0,0,0,0,0,0,0,0,0,0,1,0,0,0,0,0,0,0,0
394271,0,0,0,0,0,1,0,0,0,0,0,0,0,0,0,0,0,0,0,0
395658,0,0,0,0,0,0,0,0,0,0,0,0,0,0,1,0,0,0,0,0
396161,0,0,0,0,0,0,1,0,0,0,0,0,0,0,0,0,1,0,0,0
396192,0,0,0,0,0,0,1,0,0,0,0,0,0,0,0,0,1,0,0,0
397480,0,0,0,0,0,0,1,0,0,0,0,0,0,0,0,0,0,0,0,0
398290,0,0,0,0,0,0,1,0,0,0,0,0,0,0,0,0,0,0,0,0
3,0,0,0,0,0,1,0,0,0,0,0,0,0,0,0,0,0,0,0,0
12,0,0,0,0,0,1,0,0,0,0,0,0,0,0,0,0,0,0,0,0
125,0,0,0,0,0,0,0,0,0,0,1,0,0,0,0,0,0,0,0,0
297,0,0,0,0,0,0,1,0,0,0,0,0,0,0,0,0,0,0,0,0
1761,0,0,0,0,0,0,1,0,0,0,0,0,0,0,0,0,0,0,0,0
1930,0,0,0,0,0,1,1,0,0,0,0,0,0,0,0,0,0,0,0,0
2597,0,0,0,0,0,1,1,0,0,0,0,0,0,0,0,0,0,0,0,0
2914,1,1,1,0,0,0,0,0,0,0,0,0,0,0,0,0,0,0,0,0
3209,1,0,1,0,0,0,0,0,0,0,0,0,0,0,0,0,0,0,0,0
3401,0,0,0,0,0,0,1,0,0,0,0,0,0,0,0,0,0,0,0,0
3449,0,0,0,0,0,1,0,0,0,0,0,0,0,0,0,0,0,0,0,0
3719,0,0,0,0,0,0,1,0,0,0,0,0,0,0,0,0,0,0,0,0
5080,0,0,0,0,0,0,1,0,0,1,0,0,0,0,0,0,0,0,0,0
5650,1,1,1,0,0,0,0,0,0,0,0,0,0,0,0,0,0,0,0,0
5713,1,1,1,0,0,0,0,0,0,0,0,0,0,0,0,0,0,0,0,0
5724,0,0,0,0,0,1,0,0,0,0,0,0,0,1,0,0,0,0,0,0
5774,0,0,0,0,0,0,1,0,0,0,0,0,0,0,0,0,1,0,0,0
5852,0,0,0,0,0,0,1,0,0,0,0,0,0,0,0,0,0,0,0,0
6621,1,0,0,1,0,0,0,0,0,0,0,0,0,0,0,0,0,0,0,0
6674,0,0,0,0,0,0,0,0,0,0,0,1,0,0,0,0,0,0,0,0
6794,0,0,0,0,0,0,1,0,0,0,0,0,0,0,0,1,0,0,0,0
6975,0,0,0,0,0,0,0,0,0,0,0,0,1,0,0,0,0,0,0,0
7018,1,1,1,0,0,0,0,0,0,0,0,0,0,0,0,0,0,0,0,0
7306,0,0,0,0,0,0,1,0,0,0,0,1,0,0,0,0,0,0,0,0
7497,0,0,0,0,0,1,1,0,0,0,0,0,0,0,0,0,0,0,0,0
7670,1,0,0,0,0,0,0,0,0,0,0,0,0,0,0,0,0,0,0,0
8308,0,0,0,0,0,1,1,0,1,0,0,0,0,0,0,0,0,0,0,0
8403,0,0,0,0,0,0,0,0,0,0,1,0,0,0,0,0,0,0,0,0
8529,1,0,1,0,0,0,0,0,0,0,0,0,0,0,0,0,0,0,0,0
8695,0,0,0,0,0,0,0,0,0,0,1,0,0,0,0,0,0,0,0,0
9002,0,1,0,0,0,0,0,0,0,0,0,0,0,0,0,0,0,0,0,0
9520,0,0,0,0,0,0,0,0,0,0,0,1,0,0,0,0,0,0,0,0
9644,1,0,1,0,0,0,0,0,0,0,0,0,0,0,0,0,0,0,0,0
9707,0,0,0,0,0,0,1,0,0,0,0,0,0,0,0,0,0,0,0,0
9808,1,0,1,0,0,0,0,0,0,0,0,0,0,0,0,0,0,0,0,0
9960,0,0,0,0,0,0,0,0,0,0,0,1,0,0,0,0,0,0,0,0
10186,0,0,0,0,0,0,0,0,0,0,0,0,0,1,0,0,0,0,0,0
10879,0,0,0,0,0,0,0,0,0,0,0,0,0,1,0,0,0,0,0,0
11644,0,0,0,0,0,0,0,0,1,0,0,0,0,0,0,0,0,0,0,0
11724,0,0,0,0,0,0,1,0,0,0,0,1,0,0,0,0,0,0,0,0
11961,0,0,0,0,0,0,0,0,0,0,0,0,0,0,1,0,0,0,0,0
12322,1,1,1,0,0,0,0,0,0,0,0,0,0,0,0,0,0,0,0,0
14298,0,0,0,0,0,0,1,0,0,0,0,0,0,0,0,0,0,0,0,0
14381,0,0,0,0,0,0,0,0,0,0,1,0,0,0,0,0,0,0,0,0
15133,0,0,0,0,1,0,0,0,0,0,0,0,0,0,0,0,0,0,0,0
15319,0,0,0,0,0,0,0,0,0,0,0,0,0,0,0,0,1,0,0,0
15423,0,0,0,0,0,0,1,0,0,0,0,0,0,0,0,0,1,0,0,0
16411,0,0,0,0,0,1,1,0,0,0,0,0,0,0,0,0,0,0,0,0
16637,1,0,1,0,0,0,0,0,0,0,0,0,0,0,0,0,0,0,0,0
17012,0,0,0,0,0,0,0,0,0,0,1,1,0,0,0,0,0,0,0,0
17516,1,1,1,0,0,0,0,0,0,0,0,0,0,0,0,0,0,0,0,0
17574,0,0,0,0,0,0,1,0,0,0,0,0,0,0,0,0,0,0,0,0
18062,0,0,0,0,0,1,1,0,0,0,0,0,0,0,0,0,0,0,0,0
18297,0,0,0,0,0,1,0,0,0,0,0,0,0,0,0,0,0,0,0,0
19688,0,0,0,0,0,0,0,0,0,0,0,1,0,0,0,0,0,0,0,0
20344,0,0,0,0,0,1,0,0,0,0,0,0,0,0,0,0,0,0,0,0
20473,0,0,0,0,1,0,0,0,0,0,0,0,0,0,0,0,0,0,0,0
21472,0,0,0,0,1,0,0,0,0,0,0,0,0,0,0,0,0,0,0,0
22055,0,0,0,0,0,0,1,0,0,0,0,1,0,0,0,0,0,0,0,0
22678,0,0,0,0,0,0,0,0,0,0,0,0,0,1,0,0,0,0,0,0
22772,0,0,0,0,0,0,0,0,0,0,1,0,0,0,0,0,0,0,0,0
23169,0,0,0,0,0,0,0,1,0,0,0,0,0,0,0,0,0,0,0,0
23707,0,0,0,0,0,0,0,0,1,0,0,0,0,0,0,0,0,0,0,0
23709,0,0,0,0,0,0,0,0,1,0,0,0,0,0,0,0,0,0,0,0
23978,0,0,0,0,0,0,1,0,0,0,0,0,0,0,0,0,1,0,0,0
24122,0,1,0,0,0,0,0,0,0,0,0,0,0,0,0,0,0,0,0,0
24457,0,0,0,0,0,0,0,1,0,0,0,0,0,0,0,0,0,0,0,0
26611,1,0,1,0,0,0,0,0,0,0,0,0,0,0,0,0,0,0,0,0
27016,0,0,0,0,0,0,1,0,0,0,0,0,0,0,0,0,0,0,0,0
27905,0,0,0,0,0,0,0,0,0,0,0,1,0,0,0,0,0,0,0,0
28027,0,0,0,0,0,1,0,0,0,0,0,0,0,0,0,0,0,0,0,0
28052,0,0,0,0,0,0,0,0,0,0,0,0,0,0,0,1,0,0,0,0
28054,0,0,0,0,0,0,0,0,1,0,0,0,0,0,0,0,0,0,0,0
28114,1,0,0,1,0,0,0,0,0,0,0,0,0,0,0,1,0,0,0,0
28130,1,0,0,0,0,0,0,0,0,0,0,0,0,0,0,0,0,0,0,0
28304,0,0,0,0,0,0,0,0,0,0,0,1,0,0,0,0,0,0,0,0
28586,0,0,0,0,0,0,0,0,0,0,0,1,0,0,0,0,0,0,0,0
29848,0,0,0,0,0,1,0,0,0,0,0,0,0,0,0,0,0,0,0,0
30124,0,0,0,0,0,0,0,0,1,0,0,0,0,0,0,0,0,0,0,0
30132,0,0,0,0,0,0,0,0,1,0,0,0,0,0,0,0,0,0,0,0
31065,0,0,0,0,0,0,1,0,0,0,0,0,0,0,0,0,0,0,0,0
31511,0,0,0,0,0,0,1,0,0,0,0,0,0,0,0,0,1,0,0,0
31515,1,0,0,1,0,0,0,0,0,0,0,0,0,0,0,0,0,0,0,0
32365,0,0,0,0,0,0,1,0,0,0,0,0,0,0,0,0,0,0,0,0
33076,0,0,0,0,0,0,0,0,1,0,0,0,0,0,0,0,0,0,0,0
33079,0,0,0,0,0,0,0,0,1,0,0,0,0,0,0,0,0,0,0,0
33519,0,0,0,0,0,0,0,0,0,0,0,1,0,0,1,0,0,0,0,0
34554,1,0,0,0,0,0,0,0,0,0,0,0,0,0,0,0,0,0,0,0
34840,0,0,0,0,0,0,0,1,0,0,0,0,0,0,0,0,0,0,0,0
35559,0,0,0,0,1,0,0,0,0,0,0,0,0,0,0,0,0,0,0,0
36040,0,0,0,0,1,0,0,0,0,0,0,0,0,0,0,0,0,0,0,0
36750,0,0,0,0,0,0,1,0,0,0,0,0,0,0,0,0,0,0,0,0
37100,0,1,0,0,0,0,0,0,0,0,0,0,0,0,0,0,0,0,0,0
37700,0,0,0,0,0,0,0,1,0,0,0,0,0,0,0,0,0,0,0,0
38011,0,0,0,0,0,0,0,0,0,0,0,0,0,0,0,0,0,0,0,0
38186,1,1,1,0,0,0,0,0,0,0,0,0,0,0,0,0,0,0,0,0
38682,0,0,0,0,0,1,1,0,0,0,0,0,0,0,0,0,0,0,0,0
40565,0,0,0,0,0,0,0,0,0,0,1,0,0,0,0,0,0,0,0,0
40863,0,0,0,0,0,0,1,0,0,0,0,0,0,0,0,0,0,0,0,0
42473,0,0,0,0,1,0,0,0,0,0,0,0,0,0,0,0,0,0,0,0
44407,0,0,0,0,0,0,1,0,0,0,0,0,0,0,0,0,1,0,0,0
45093,0,0,0,0,0,0,0,0,0,0,1,0,0,0,0,0,0,0,0,0
45102,0,0,0,0,1,0,0,0,0,0,0,0,0,0,0,0,0,0,0,0
45442,0,0,0,0,0,0,1,0,0,0,0,0,0,0,0,0,0,0,0,0
45998,0,0,0,0,0,0,0,0,0,0,0,0,0,1,0,0,0,0,0,0
46839,0,0,0,0,0,0,0,0,0,0,1,0,0,0,0,0,0,0,0,0
47152,1,0,0,0,0,0,0,0,0,0,0,0,0,0,0,0,0,0,0,0
47583,0,0,0,0,1,0,0,0,0,0,0,0,0,0,0,0,0,0,0,0
47708,0,0,0,0,0,0,0,0,0,0,0,0,0,0,0,1,0,0,0,0
48927,0,0,0,0,1,0,0,0,0,0,0,0,0,0,0,0,0,0,0,0
49104,0,0,0,0,0,0,0,0,0,0,0,1,0,0,0,0,0,0,0,0
49638,0,0,0,0,0,0,0,1,0,0,0,0,0,0,0,0,0,0,0,0
50061,0,0,0,0,0,0,0,0,0,0,1,0,0,0,0,0,0,0,0,0
50079,0,0,0,0,0,0,0,0,0,0,1,1,0,0,0,0,0,0,0,0
50561,0,0,0,0,0,1,0,0,0,0,0,0,0,0,0,0,0,0,0,0
50893,0,0,0,0,0,0,1,0,0,0,0,0,0,0,0,0,0,0,0,0
52243,0,0,0,0,0,0,0,0,1,0,0,0,0,0,0,0,0,0,0,0
52308,0,0,0,0,0,0,0,0,0,1,0,0,0,0,0,0,0,0,0,0
52323,0,0,0,0,0,0,0,0,0,0,0,0,0,0,1,0,0,0,0,0
52474,0,0,0,0,0,0,0,0,0,0,0,0,0,0,1,0,0,0,0,0
52788,1,0,0,0,0,0,0,0,0,0,0,0,0,0,0,0,0,0,0,0
53339,0,0,0,0,0,0,0,1,0,0,0,0,0,0,0,0,0,0,0,0
53615,0,0,0,0,0,0,0,0,0,0,0,1,0,0,0,0,0,0,0,0
53622,0,0,0,0,0,1,0,0,0,0,0,0,0,0,0,0,0,0,0,0
53648,0,0,0,0,0,1,0,0,0,0,0,0,0,0,0,0,0,0,0,0
54949,0,0,0,0,0,0,1,0,0,0,0,0,0,0,0,0,0,0,0,0
54994,0,0,0,0,1,0,0,0,0,0,0,0,0,0,0,0,0,0,0,0
55206,0,0,0,0,0,0,0,0,0,0,0,0,1,0,0,0,0,0,0,0
55542,0,0,0,0,0,0,1,0,0,0,0,0,0,0,0,0,1,0,0,0
55731,0,0,0,0,0,0,0,0,0,0,1,0,0,0,0,0,0,0,0,0
55813,0,0,0,0,0,1,0,0,0,0,0,0,0,0,0,0,0,0,0,0
56654,0,0,0,0,0,0,0,0,0,0,0,0,0,0,0,0,0,0,0,0
58828,0,0,0,0,0,0,0,0,0,0,0,1,0,0,0,0,0,0,0,0
59155,1,0,0,0,0,0,0,0,0,0,0,0,0,0,0,0,0,0,0,0
59202,0,0,0,0,0,1,0,0,0,0,0,0,0,0,0,0,0,0,0,0
59323,0,0,0,0,0,0,1,0,0,0,0,0,0,0,0,0,0,0,0,0
59510,0,0,0,0,0,0,0,1,0,0,0,0,0,0,0,0,0,0,0,0
60150,0,0,0,0,0,0,0,0,0,0,1,0,0,0,0,0,0,0,0,0
60185,0,0,0,0,0,0,1,0,0,1,0,0,0,0,0,0,0,0,0,0
60653,0,0,0,0,0,0,0,0,0,0,1,0,0,0,0,0,0,0,0,0
62648,0,0,0,0,0,0,1,0,0,0,0,0,0,0,0,0,0,0,0,0
63171,0,0,0,0,0,1,0,0,0,0,0,0,0,0,0,0,0,0,0,0
63212,0,0,0,0,0,0,0,1,0,0,0,0,0,0,0,0,0,0,0,0
63541,0,0,0,0,1,0,0,0,0,0,0,0,0,0,0,0,0,0,0,0
63791,0,0,0,0,1,0,0,0,0,0,0,0,0,0,0,0,0,0,0,0
131944,0,0,0,0,0,0,0,0,0,0,1,0,0,0,0,0,0,0,0,0
132097,0,0,0,0,0,0,0,0,0,0,0,0,0,1,0,0,0,0,0,0
132221,0,0,0,0,0,0,0,0,0,0,0,0,0,0,0,0,0,0,0,0
132471,1,0,1,0,0,0,0,0,0,0,0,0,0,0,0,0,0,0,0,0
135403,0,0,0,0,0,0,1,0,0,0,0,0,0,0,0,0,1,0,0,0
135428,0,0,0,0,0,0,0,0,0,0,0,0,1,0,0,0,0,0,0,0
135775,1,0,0,0,0,0,0,0,0,0,0,0,0,0,0,0,0,0,0,0
136061,0,0,0,0,0,0,1,0,0,0,0,0,0,0,0,0,0,0,0,0
136754,0,0,0,0,0,0,0,1,0,0,0,0,0,0,0,0,0,0,0,0
137313,0,0,0,0,0,0,1,0,0,0,0,0,0,0,0,0,0,0,0,0
137415,0,0,0,0,0,0,0,0,0,0,0,0,1,0,0,0,0,0,0,0
137938,0,0,0,0,0,0,0,0,0,0,0,0,0,1,0,0,0,0,0,0
140750,0,0,0,0,0,0,1,0,0,0,0,0,0,0,0,0,0,0,0,0
141180,0,0,0,0,1,0,0,0,0,0,1,0,0,0,0,0,0,0,0,0
146951,0,0,0,0,0,0,0,0,1,0,0,0,0,0,0,0,0,0,0,0
147066,1,0,0,0,0,0,0,0,0,0,0,0,0,0,0,0,0,0,0,0
149640,0,0,0,0,1,0,0,0,0,0,0,0,0,0,0,0,0,0,0,0
150570,0,0,0,0,1,0,0,0,0,0,0,0,0,0,0,0,0,0,0,0
152735,0,0,0,0,0,0,0,1,0,0,0,0,0,0,0,0,0,0,0,0
152756,0,0,0,0,0,0,0,0,0,0,0,0,0,0,0,0,0,0,0,0
199995,1,0,0,0,0,0,0,0,0,0,0,0,0,0,0,0,0,0,0,0
200350,0,0,0,0,1,0,0,0,0,0,0,0,0,0,0,0,0,0,0,0
200779,0,0,0,0,0,0,0,1,0,0,0,0,0,0,0,0,0,0,0,0
200857,0,0,0,0,0,0,0,0,0,0,0,0,0,0,0,0,0,0,1,0
203348,0,0,0,0,0,0,1,0,0,0,0,0,0,0,0,0,0,0,0,0
211407,0,0,0,0,0,0,0,0,0,0,1,0,0,0,0,0,0,0,0,0
216454,0,0,0,0,0,0,0,0,0,0,0,0,0,0,0,0,0,0,1,0
263584,1,0,0,0,0,0,0,0,0,0,0,0,0,0,0,0,0,0,0,0
263816,0,0,0,0,0,0,1,0,0,0,0,0,0,0,0,0,0,0,0,0
265450,0,0,0,0,0,0,1,0,0,0,0,0,0,0,0,0,0,0,0,0
265685,0,0,0,0,0,0,0,0,0,1,0,0,0,0,0,0,0,0,0,0
265807,0,0,0,0,0,0,0,0,0,0,0,1,0,0,0,0,0,0,0,0
266960,0,0,0,0,0,0,0,0,0,0,0,1,0,0,0,0,0,0,0,0
267001,0,0,0,0,0,0,1,0,0,0,0,0,0,0,0,0,0,0,0,0
267320,0,0,0,0,0,0,0,0,0,0,0,0,0,0,0,0,0,0,0,0
267801,0,0,0,0,0,0,1,0,0,0,0,0,0,0,0,0,0,0,0,0
269354,1,0,0,0,0,0,0,0,0,0,0,0,0,0,0,0,0,0,0,0
269673,1,0,0,0,0,0,0,0,0,0,0,0,0,0,0,0,0,0,0,0
270681,0,0,0,0,0,0,1,0,0,0,0,0,0,0,0,0,0,0,0,0
271366,0,0,0,0,0,0,0,0,0,0,0,0,0,0,0,0,0,0,0,0
273758,0,0,0,0,0,0,1,0,0,0,0,0,0,0,0,0,0,0,0,0
328419,0,0,0,0,0,1,0,0,0,0,0,0,0,0,0,0,0,0,0,0
328592,0,0,0,0,0,0,1,0,0,0,0,1,0,0,0,0,0,0,0,0
328922,0,0,0,0,0,0,1,0,0,0,0,1,0,0,0,0,0,0,0,0
328995,0,0,0,0,0,0,0,0,1,0,0,0,0,0,0,0,0,0,0,0
393988,0,0,0,0,0,0,1,0,0,0,0,0,0,0,0,0,1,0,0,0
394594,0,0,0,0,0,0,0,1,0,0,0,0,0,0,0,0,0,0,0,0
395290,0,0,0,0,0,0,1,0,0,0,0,0,0,0,0,0,1,0,0,0
398118,0,0,0,0,0,0,1,0,0,0,0,0,0,0,0,0,0,0,0,0
398158,0,0,0,0,0,0,1,0,0,0,0,0,0,0,0,0,1,0,0,0
399023,0,0,0,0,0,0,0,0,0,1,0,0,0,0,0,0,0,0,0,0
399957,0,0,0,0,0,0,0,0,0,0,0,1,0,0,0,0,0,0,0,0
559,0,0,0,0,0,1,1,0,0,0,0,0,0,0,0,0,0,0,0,0
680,0,0,0,0,0,1,1,0,0,0,0,0,0,0,0,0,0,0,0,0
1009,0,0,0,0,0,0,1,0,0,0,0,0,1,0,0,0,0,0,0,0
1299,0,1,0,0,0,0,0,0,0,0,0,0,0,0,0,0,0,0,0,0
1955,0,0,0,0,0,0,1,0,0,0,0,0,0,0,0,0,0,0,0,0
2003,0,0,0,0,0,1,1,0,0,1,0,0,0,0,0,0,0,0,0,0
2022,0,0,0,0,0,0,0,0,0,1,0,0,0,0,0,0,0,0,0,0
2485,0,0,0,0,0,0,0,0,1,0,0,0,0,0,0,0,0,0,0,0
2593,0,0,0,0,0,1,0,0,0,0,0,0,0,0,0,0,0,0,0,0
2665,0,0,0,0,0,0,1,0,0,0,0,0,0,0,0,0,0,0,0,0
2828,1,1,1,0,0,0,0,0,0,0,0,0,0,0,0,0,0,0,0,0
3208,0,0,0,0,0,1,0,0,0,0,0,0,0,0,0,0,0,0,0,0
3257,0,1,0,0,0,0,0,0,0,0,0,0,0,0,0,0,0,0,0,0
3320,1,1,1,0,0,0,0,0,0,0,0,0,0,0,0,0,0,0,0,0
3498,0,0,0,0,0,0,1,0,0,0,0,0,0,0,0,0,0,0,0,0
4152,0,0,0,0,0,0,1,0,0,0,0,0,0,0,0,0,0,0,0,0
4637,0,1,1,0,0,0,0,0,0,0,0,0,0,0,0,0,0,0,0,0
4755,0,1,0,0,0,0,0,0,0,0,0,0,0,0,0,0,0,0,0,0
4758,0,0,0,0,0,0,1,0,0,0,0,0,0,0,0,0,0,0,0,0
6168,0,0,0,0,0,0,0,0,0,0,1,0,0,0,0,0,0,0,0,0
6307,0,0,0,0,0,0,0,0,0,0,0,1,0,0,0,0,0,0,0,0
6360,0,0,0,0,0,1,0,0,0,0,0,0,0,0,0,0,0,0,0,0
6471,1,0,1,0,0,0,0,0,0,0,0,0,0,0,0,0,0,0,0,0
6540,0,0,0,0,1,0,0,0,0,0,0,0,0,0,0,0,0,0,0,0
6629,0,0,0,0,0,1,1,0,0,0,0,0,0,0,0,0,0,0,0,0
6777,0,0,0,0,0,0,0,1,0,0,0,0,0,0,0,0,0,0,0,0
6815,0,0,0,0,0,0,0,0,0,0,0,1,0,0,0,0,0,0,0,0
7872,0,0,0,0,0,0,1,0,0,0,0,0,0,0,0,0,0,0,0,0
8150,0,0,0,0,0,0,0,0,0,0,0,0,0,0,0,0,0,0,0,0
8291,0,0,0,0,0,0,1,0,0,0,0,0,1,0,0,0,0,0,0,0
9128,0,0,0,0,0,0,0,0,0,0,0,1,0,0,0,0,0,0,0,0
9403,0,0,0,0,0,0,1,0,0,0,0,0,0,0,0,0,0,0,0,0
9487,0,0,0,0,0,0,1,0,0,0,0,1,0,0,0,0,0,0,0,0
9590,0,0,0,0,0,0,0,0,0,0,0,1,0,0,0,0,0,0,0,0
9685,0,0,0,0,0,0,1,0,0,0,0,0,0,0,0,0,0,0,0,0
9829,0,0,0,0,0,0,1,0,0,0,0,0,0,0,0,0,0,0,0,0
10104,0,0,0,0,0,0,0,0,0,0,1,0,0,0,0,0,0,0,0,0
11431,0,0,0,0,0,0,0,0,1,0,0,0,0,0,0,0,0,0,0,0
12008,0,0,0,0,1,0,0,0,0,0,0,0,0,0,0,0,0,0,0,0
12389,0,1,1,0,0,0,1,0,0,0,0,0,0,0,0,0,0,0,0,0
12440,1,0,0,1,0,0,0,0,0,0,0,0,0,0,0,0,0,0,0,0
12479,1,0,1,0,0,0,0,0,0,0,0,0,0,0,0,0,0,0,0,0
13011,0,0,0,0,0,0,1,0,0,0,0,0,0,0,0,0,0,0,0,0
13770,0,0,0,0,0,0,0,1,0,0,0,0,0,0,0,0,0,0,0,0
13884,0,0,0,0,1,0,0,0,0,0,0,0,0,0,0,0,0,0,0,0
14509,0,0,0,0,0,0,0,0,0,0,1,0,0,0,0,1,0,0,0,0
15130,0,0,0,0,0,0,1,0,0,0,0,0,0,0,0,0,0,0,0,0
15256,0,0,0,0,0,0,0,0,0,0,0,1,0,0,0,0,0,0,0,0
15805,0,0,0,0,0,0,0,0,0,0,1,0,0,0,0,0,0,0,0,0
17579,0,0,0,0,0,1,1,0,0,0,0,0,0,0,0,0,0,0,0,0
17773,0,0,0,0,0,0,0,0,1,0,0,0,0,0,0,0,0,0,0,0
17865,0,0,0,0,0,0,1,0,0,0,0,0,0,0,0,0,0,0,0,0
18241,0,0,0,0,0,0,1,0,0,1,0,0,0,0,0,0,0,0,0,0
19551,0,0,0,0,1,0,0,0,0,0,0,0,0,0,0,0,0,0,0,0
20115,1,1,1,0,0,0,0,0,0,0,0,0,0,0,0,0,0,0,0,0
21320,0,0,0,0,0,1,1,0,0,0,0,0,0,0,0,0,0,0,0,0
21764,0,0,0,0,0,0,0,0,0,0,0,1,0,0,0,0,0,0,0,0
22093,0,0,0,0,0,0,0,0,0,0,0,0,0,1,0,0,0,0,0,0
22987,0,0,0,0,0,0,0,0,0,1,0,0,0,0,0,0,0,0,0,0
23735,1,0,0,0,0,0,0,0,0,0,0,0,0,0,0,0,0,0,0,0
23899,0,0,0,0,0,0,0,0,1,0,0,0,0,0,0,0,0,0,0,0
23947,0,1,0,0,0,0,0,0,0,0,0,0,0,0,0,0,0,0,0,0
23987,0,0,0,0,0,0,0,0,0,0,0,0,0,0,0,0,0,0,0,0
24429,0,0,0,0,1,0,0,0,0,0,0,0,0,0,0,0,0,0,0,0
25237,0,0,0,0,0,0,1,0,0,0,0,0,0,0,0,0,1,0,0,0
25572,0,0,0,0,0,0,0,0,1,0,0,0,0,0,0,0,0,0,0,0
26762,0,0,0,0,0,0,0,0,0,0,1,0,0,0,0,0,0,0,0,0
26810,0,0,0,0,0,0,1,0,0,0,0,0,0,1,0,0,0,0,0,0
26956,0,0,0,0,0,0,0,0,0,0,0,0,0,0,0,0,1,0,0,0
27228,0,0,0,0,0,0,0,1,0,0,0,0,0,0,0,0,0,0,0,0
28012,0,0,0,0,0,0,0,0,0,0,0,1,0,0,0,0,0,0,0,0
28020,0,0,0,0,0,0,1,0,0,0,0,0,0,0,0,0,0,0,0,0
28048,0,0,0,0,0,0,1,0,0,0,0,0,0,0,0,0,0,0,0,0
28112,0,0,0,0,0,0,0,0,0,0,0,1,0,0,0,0,0,0,0,0
28573,1,0,1,0,0,0,0,0,0,0,0,0,0,0,0,0,0,0,0,0
28631,0,0,0,0,0,0,0,0,0,0,0,1,0,0,0,0,0,0,0,0
29242,1,0,0,0,0,0,0,0,0,0,0,0,0,0,0,1,0,0,0,0
30122,0,0,0,0,0,0,0,0,1,0,0,0,0,0,0,0,0,0,0,0
30127,0,0,0,0,0,0,0,0,1,0,0,0,0,0,0,0,0,0,0,0
30134,0,0,0,0,0,0,0,0,1,0,0,0,0,0,0,0,0,0,0,0
30345,0,0,0,0,0,0,0,0,0,0,0,0,0,1,0,0,0,0,0,0
30373,1,0,0,0,0,0,0,0,0,0,0,0,0,0,0,0,0,0,0,0
32099,0,0,0,0,0,0,1,0,0,0,0,0,0,0,0,0,0,0,0,0
32806,1,0,0,1,0,0,0,0,0,0,0,0,0,0,0,0,0,0,0,0
33077,0,0,0,0,0,0,0,0,1,0,0,0,0,0,0,0,0,0,0,0
33584,0,0,0,0,0,0,0,0,0,0,0,1,0,0,0,0,0,0,0,0
35506,1,0,0,0,0,0,0,0,0,0,0,0,0,0,0,0,0,0,0,0
36119,0,0,0,0,0,0,0,0,0,0,1,0,0,0,0,0,0,0,0,0
36553,0,0,0,0,0,0,0,0,0,0,0,0,1,0,0,0,0,0,0,0
37074,0,0,0,0,0,1,0,0,0,0,0,0,0,0,0,0,0,0,0,0
37154,1,0,1,0,0,0,0,0,0,0,0,0,0,0,0,0,0,0,0,0
37431,0,0,0,0,0,0,0,1,0,0,0,0,0,0,0,0,0,0,0,0
37452,0,0,0,0,0,0,1,0,0,0,0,1,0,0,0,0,0,0,0,0
37682,1,0,0,0,0,0,0,0,0,0,0,0,0,0,0,0,0,0,0,0
38280,0,0,0,0,0,1,0,0,0,0,0,0,0,0,0,0,0,0,0,0
42831,0,0,0,0,1,0,0,0,0,0,0,0,0,0,0,0,0,0,0,0
43268,0,0,0,0,0,0,0,1,0,0,0,0,0,0,0,0,0,0,0,0
44273,0,0,0,0,1,0,0,0,0,0,0,0,0,0,0,0,0,0,0,0
45408,0,0,0,0,0,0,1,0,0,0,0,0,0,0,0,0,0,0,0,0
45773,0,0,0,0,0,1,0,0,0,0,0,0,0,0,0,0,0,0,0,0
46210,0,0,0,0,0,0,0,1,0,0,0,0,0,0,0,0,0,0,0,0
46383,0,0,0,0,0,0,1,0,0,0,0,0,0,0,0,0,1,0,0,0
46489,0,0,0,0,1,0,0,0,0,0,0,0,0,0,0,0,0,0,0,0
47147,0,0,0,0,1,0,0,0,0,0,0,0,0,0,0,0,0,0,0,0
48037,0,0,0,0,0,0,1,0,0,0,0,0,0,0,0,0,0,0,0,0
48288,0,0,0,0,0,0,0,0,0,1,0,0,0,0,0,0,0,0,0,0
49329,0,0,0,0,0,0,0,0,0,0,1,0,0,0,0,0,0,0,0,0
50248,0,0,0,0,0,0,0,0,0,0,0,0,0,0,0,0,1,0,0,0
52348,0,0,0,0,0,0,0,0,0,0,0,0,0,0,1,0,0,0,0,0
52491,0,0,0,0,0,0,0,0,0,0,0,0,0,0,1,0,0,0,0,0
52622,0,0,0,0,0,0,1,0,0,0,0,0,0,0,0,0,0,0,0,0
53518,0,0,0,0,0,0,0,0,1,0,0,0,0,0,0,0,0,0,0,0
53642,0,0,0,0,0,1,0,0,0,0,0,0,0,0,0,0,0,0,0,0
54811,0,0,0,0,0,0,0,0,0,0,0,1,0,0,0,0,0,0,0,0
55001,0,0,0,0,0,0,0,0,0,0,0,0,0,0,0,0,0,0,0,0
55133,0,0,0,0,0,1,0,0,0,0,0,0,0,0,0,0,0,0,0,0
55836,1,0,1,0,0,0,0,0,0,0,0,0,0,0,0,0,0,0,0,0
56056,0,0,0,0,0,1,0,0,0,0,0,0,0,0,0,0,0,0,0,0
57473,0,0,0,0,0,0,1,0,0,0,0,0,0,0,0,0,0,0,0,0
57720,0,0,0,0,0,0,0,0,0,0,0,0,0,0,0,0,1,0,0,0
58146,0,0,0,0,0,0,0,1,0,0,0,0,0,0,0,0,0,0,0,0
58681,0,0,0,0,0,0,0,0,0,0,0,0,1,0,0,0,0,0,0,0
59067,0,0,0,0,0,0,0,0,0,0,1,0,0,0,0,0,0,0,0,0
60082,0,0,0,0,0,0,0,1,0,0,0,0,0,0,0,0,0,0,0,0
60174,0,0,0,0,0,0,1,0,0,1,0,0,0,0,0,0,0,0,0,0
60261,0,0,0,0,1,0,0,0,0,0,0,0,0,0,0,0,0,0,0,0
61487,0,0,0,0,0,0,0,0,0,0,0,0,0,0,1,0,0,0,0,0
61721,0,0,0,0,0,0,1,0,0,1,0,0,0,0,0,0,0,0,0,0
62558,0,0,0,0,0,1,0,0,0,0,0,0,0,0,0,0,0,0,0,0
62679,0,0,0,0,0,0,0,0,0,0,1,0,0,0,0,0,0,0,0,0
62712,0,0,0,0,0,0,1,0,0,0,0,0,0,0,0,0,0,0,0,0
62819,1,0,0,0,0,0,0,0,0,0,0,0,0,0,0,0,0,0,0,0
62826,0,0,0,0,0,0,1,0,0,0,0,0,0,0,0,0,0,0,0,0
63281,0,0,0,0,0,0,1,0,0,0,0,0,0,0,0,0,0,0,0,0
63400,0,0,0,0,0,1,0,0,0,0,0,0,0,0,0,0,0,0,0,0
63484,0,0,0,0,0,0,0,0,0,0,0,1,0,0,0,0,0,0,0,0
63704,0,0,0,0,0,0,0,0,0,0,0,0,0,0,0,1,0,0,0,0
63778,0,0,0,0,0,1,0,0,0,0,0,0,0,0,0,0,0,0,0,0
131486,0,0,0,0,0,0,0,0,0,0,1,0,0,0,0,0,0,0,0,0
133616,0,0,0,0,0,0,0,0,0,0,1,0,0,0,0,0,0,0,0,0
136377,1,0,0,0,0,0,0,0,0,0,0,0,0,0,0,0,0,0,0,0
137422,0,0,0,0,0,0,0,0,0,0,0,0,0,1,0,0,0,0,0,0
138456,0,0,0,0,1,0,0,0,0,0,0,0,0,0,0,0,0,0,0,0
139442,0,0,0,0,0,0,1,0,0,0,0,0,0,0,0,0,0,0,0,0
139616,0,0,0,0,0,0,1,0,0,0,0,0,0,0,0,0,0,0,0,0
140457,1,0,0,0,0,0,0,0,0,0,0,0,0,0,0,0,0,0,0,0
141617,0,0,0,0,0,0,0,0,0,0,1,0,0,0,0,0,0,0,0,0
141721,1,0,0,1,0,0,0,0,0,0,0,0,0,0,0,0,0,0,0,0
142576,0,0,0,0,0,0,0,0,1,0,0,0,0,0,0,0,0,0,0,0
146757,0,0,0,0,0,0,0,1,0,0,0,0,0,0,0,0,0,0,0,0
149353,1,0,0,0,0,0,0,0,0,0,0,0,0,0,0,0,0,0,0,0
150237,1,0,0,0,0,0,0,0,0,0,0,0,0,0,0,0,0,0,0,0
150686,0,0,0,0,0,0,1,0,0,0,0,0,0,0,0,0,1,0,0,0
152063,0,0,0,0,0,0,0,1,0,0,0,0,0,0,0,0,0,0,0,0
201904,0,0,0,0,0,0,1,0,0,1,0,0,0,0,0,0,0,0,0,0
202553,0,0,0,0,0,0,1,0,0,0,0,0,0,0,0,0,0,0,0,0
202886,0,0,0,0,0,0,0,0,0,0,0,0,0,0,0,0,0,0,1,0
202949,0,0,0,0,0,0,1,0,0,0,0,0,0,0,0,0,1,0,0,0
204445,0,0,0,0,0,0,1,0,0,0,0,0,0,0,0,0,1,0,0,0
206446,0,0,0,0,1,0,0,0,0,0,0,0,0,0,0,0,0,0,0,0
207511,0,0,0,0,0,0,0,0,0,0,0,1,0,0,0,0,0,0,0,0
210312,0,0,0,0,0,0,0,0,0,0,0,0,0,0,0,0,0,0,1,0
211282,0,0,0,0,0,0,0,0,0,0,0,0,0,0,1,0,0,0,0,0
212330,0,0,0,0,0,0,0,1,0,0,0,0,0,0,0,0,0,0,0,0
212815,0,0,0,0,0,0,0,1,0,0,0,0,0,0,0,0,0,0,0,0
215954,0,0,0,0,0,0,1,0,0,0,0,1,0,0,0,0,0,0,0,0
262968,0,0,0,0,0,0,0,0,0,0,0,0,0,0,0,0,0,0,0,0
263702,0,0,0,0,0,0,0,0,0,1,0,0,0,0,0,0,0,0,0,0
263889,0,0,0,0,0,0,1,0,0,0,0,0,0,0,0,0,0,0,0,0
264550,1,0,0,1,0,0,0,0,0,0,0,0,0,0,0,0,0,0,0,0
264705,0,0,0,0,0,0,1,0,0,0,0,0,0,0,0,0,0,0,0,0
266068,0,0,0,0,0,0,1,0,0,0,0,0,0,0,0,0,0,0,0,0
266715,0,0,0,0,0,0,0,0,0,0,0,0,0,0,0,1,0,0,0,0
266768,0,0,0,0,0,0,0,0,0,0,0,0,0,0,0,0,0,0,0,0
267534,0,0,0,0,0,0,1,0,0,0,0,0,0,0,0,0,0,0,0,0
267820,0,0,0,0,0,0,0,0,0,1,0,0,0,0,0,0,0,0,0,0
268293,0,0,0,0,0,0,1,0,0,0,0,0,0,0,0,0,0,0,0,0
269014,1,0,0,0,0,0,0,0,0,0,0,0,0,0,0,0,0,0,0,0
272215,0,0,0,0,0,0,1,0,0,0,0,0,0,0,0,0,0,0,0,0
272834,0,0,0,0,0,0,1,0,0,1,0,0,0,0,0,0,0,0,0,0
273513,0,0,0,0,0,0,0,0,0,0,0,1,0,0,0,0,0,0,0,0
328165,0,0,0,0,0,0,0,0,0,0,0,1,0,0,0,0,0,0,0,0
328724,1,0,0,0,0,0,0,0,0,0,0,0,0,0,0,0,0,0,0,0
393523,0,0,0,0,0,0,0,1,0,0,0,0,0,0,0,0,0,0,0,0
393550,0,0,0,0,0,0,0,0,0,0,0,0,0,1,0,0,0,0,0,0
394576,0,0,0,0,0,0,1,0,0,0,0,0,0,0,0,0,1,0,0,0
395400,0,0,0,0,0,1,1,0,0,0,0,0,0,0,0,0,0,0,0,0
395410,0,0,0,0,0,0,0,0,0,0,0,1,0,0,0,0,0,0,0,0
395615,0,0,0,0,0,0,0,0,0,0,0,1,0,0,0,0,0,0,0,0
395627,0,0,0,0,0,0,1,0,0,0,0,0,0,0,0,0,0,0,0,0
396982,0,0,0,0,1,0,0,0,0,0,0,0,0,0,0,0,0,0,0,0
397373,0,0,0,0,1,0,0,0,0,0,0,0,0,0,0,0,0,0,0,0
397481,0,0,0,0,0,0,1,0,0,0,0,0,0,0,0,0,0,0,0,0
397585,0,0,0,0,0,0,0,0,0,0,1,0,0,0,0,0,0,0,0,0
397607,0,0,0,0,0,1,0,0,0,0,0,0,0,0,0,0,0,0,0,0
398026,0,0,0,0,0,0,1,0,0,0,0,0,0,0,0,0,1,0,0,0
400476,0,0,0,0,0,0,0,0,0,0,1,0,0,0,0,0,0,0,0,0
400512,0,0,0,0,0,0,1,0,0,0,0,0,0,0,0,0,0,0,0,0
