asn,arts_entertainment_and_recreation,financial_and_insurance_activities,household_activities,human_health_and_social_work,information_and_communication,manufacturing,public_administration_and_defense,trade_and_repair_of_vehicles,transportation_and_storage,utilities_and_waste_management,agriculture_forestry_and_fishing,mining_and_quarrying,construction,accommodation_and_food_service,real_estate_activities,professional_scientific_and_technical_activities,administrative_and_support_service_activities,education,other_service_activities,extraterritorial_organizations_and_bodies
AS20115,0,0,0,0,1,0,0,0,0,0,0,0,0,0,0,0,0,0,0,0
AS7018,0,0,0,0,1,0,0,0,0,0,0,0,0,0,0,0,0,0,0,0
AS701,0,0,0,0,1,0,0,0,0,0,0,0,0,0,0,0,0,0,0,0
AS209,0,0,0,0,1,0,0,0,0,0,0,0,0,0,0,0,0,0,0,0
AS204285,0,0,0,0,1,0,0,0,0,0,0,0,0,0,0,0,0,0,0,0
AS3352,0,0,0,0,1,0,0,0,0,0,0,0,0,0,0,0,0,0,0,0
AS8151,0,0,0,0,1,0,0,0,0,0,0,0,0,0,0,0,0,0,0,0
AS3215,0,0,0,0,1,0,0,0,0,0,0,0,0,0,0,0,0,0,0,0
AS3209,0,0,0,0,1,0,0,0,0,0,0,0,0,0,0,0,0,0,0,0
AS7303,0,0,0,0,1,0,0,0,0,0,0,0,0,0,0,0,0,0,0,0
AS2856,0,0,0,0,1,0,0,0,0,0,0,0,0,0,0,0,0,0,0,0
AS5607,0,0,0,0,1,0,0,0,0,0,0,0,0,0,0,0,0,0,0,0
AS3320,0,0,0,0,1,0,0,0,0,0,0,0,0,0,0,0,0,0,0,0
AS17306,0,0,0,0,1,0,0,0,0,0,0,0,0,0,0,0,0,0,0,0
AS12083,0,0,0,0,1,0,0,0,0,0,0,0,0,0,0,0,0,0,0,0
AS133590,0,0,0,0,1,0,0,0,0,0,0,0,0,0,0,0,0,0,0,0
AS30036,0,0,0,0,1,0,0,0,0,0,0,0,0,0,0,0,0,0,0,0
AS5650,0,0,0,0,1,0,0,0,0,0,0,0,0,0,0,0,0,0,0,0
AS7311,0,0,0,0,1,0,0,0,0,0,0,0,0,0,0,0,0,0,0,0
AS395354,0,0,0,0,1,0,0,0,0,0,0,0,0,0,0,0,0,0,0,0
AS5742,0,0,0,0,1,0,0,0,0,0,0,0,0,0,0,0,0,0,0,0
AS20055,0,0,0,0,1,0,0,0,0,0,0,0,0,0,0,0,0,0,0,0
AS3356,0,0,0,0,1,0,0,0,0,0,0,0,0,0,0,0,0,0,0,0
AS174,0,0,0,0,1,0,0,0,0,0,0,0,0,0,0,0,0,0,0,0
AS2914,0,0,0,0,1,0,0,0,0,0,0,0,0,0,0,0,0,0,0,0
AS1299,0,0,0,0,1,0,0,0,0,0,0,0,0,0,0,0,0,0,0,0
AS3257,0,0,0,0,1,0,0,0,0,0,0,0,0,0,0,0,0,0,0,0
AS6762,0,0,0,0,1,0,0,0,0,0,0,0,0,0,0,0,0,0,0,0
AS6453,0,0,0,0,1,0,0,0,0,0,0,0,0,0,0,0,0,0,0,0
AS4134,0,0,0,0,1,0,1,0,0,0,0,0,0,0,0,0,0,0,0,0
AS5511,0,0,0,0,1,0,0,0,0,0,0,0,0,0,0,0,0,0,0,0
AS1221,0,0,0,0,1,0,0,0,0,0,0,0,0,0,0,0,0,0,0,0
AS12956,0,0,0,0,1,0,0,0,0,0,0,0,0,0,0,0,0,0,0,0
AS262589,0,0,0,0,1,0,1,0,0,0,0,0,0,0,0,0,0,0,0,0
AS52320,0,0,0,0,1,0,0,0,0,0,0,0,0,0,0,0,0,0,0,0
AS7049,0,0,0,0,1,0,0,0,0,0,0,0,0,0,0,0,0,0,0,0
AS13786,0,0,0,0,1,0,0,0,0,0,0,0,0,0,0,0,0,0,0,0
AS16735,0,0,0,0,1,0,0,0,0,0,0,0,0,0,0,0,0,0,0,0
AS9002,0,0,0,0,1,0,0,0,0,0,0,0,0,0,0,0,0,0,0,0
AS10021,0,0,0,0,1,0,0,0,0,0,0,0,0,0,0,0,0,0,0,0
AS31167,0,0,0,0,1,0,0,0,0,0,0,0,0,0,0,0,0,0,0,0
AS52361,0,0,0,0,1,0,1,0,0,0,0,0,0,0,0,0,0,0,0,0
AS9829,0,0,0,0,1,0,1,0,0,0,0,0,0,0,0,0,0,0,0,0
AS17557,0,0,0,0,1,0,1,0,0,0,0,0,0,0,0,0,0,0,0,0
AS20485,0,0,0,0,1,0,1,0,0,0,0,0,0,0,0,0,0,0,0,0
AS4230,0,0,0,0,1,0,0,0,0,0,0,0,0,0,0,0,0,0,0,0
AS4755,0,0,0,0,1,0,0,0,0,0,0,0,0,0,0,0,0,0,0,0
AS36873,0,0,0,0,1,0,0,0,0,0,0,0,0,0,0,0,0,0,0,0
AS12389,0,0,0,0,1,0,1,0,0,0,0,0,0,0,0,0,0,0,0,0
AS19429,0,0,0,0,1,0,0,0,0,0,0,0,0,0,0,0,0,0,0,0
AS6471,0,0,0,0,1,0,0,0,0,0,0,0,0,0,0,0,0,0,0,0
AS55836,0,0,0,0,1,0,0,0,0,0,0,0,0,0,0,0,0,0,0,0
AS22047,0,0,0,0,1,0,0,0,0,0,0,0,0,0,0,0,0,0,0,0
AS9808,0,0,0,0,1,0,1,0,0,0,0,0,0,0,0,0,0,0,0,0
AS28573,0,0,0,0,1,0,0,0,0,0,0,0,0,0,0,0,0,0,0,0
AS26615,0,0,0,0,1,0,0,0,0,0,0,0,0,0,0,0,0,0,0,0
AS11315,0,0,0,0,1,0,0,0,0,0,0,0,0,0,0,0,0,0,0,0
AS19422,0,0,0,0,1,0,0,0,0,0,0,0,0,0,0,0,0,0,0,0
AS14593,0,0,0,0,1,0,0,0,0,0,0,0,0,0,0,0,0,0,0,0
AS7155,0,0,0,0,1,0,0,0,0,0,0,0,0,0,0,0,0,0,0,0
AS34444,0,0,0,0,1,0,0,0,0,0,0,0,0,0,0,0,0,0,0,0
AS60725,0,0,0,0,1,0,0,0,0,0,0,0,0,0,0,0,0,0,0,0
AS31515,0,0,0,0,1,0,0,0,0,0,0,0,0,0,0,0,0,0,0,0
AS12440,0,0,0,0,1,0,0,0,0,0,0,0,0,0,0,0,0,0,0,0
AS22351,0,0,0,0,1,0,0,0,0,0,0,0,0,0,0,0,0,0,0,0
AS29286,0,0,0,0,1,0,0,0,0,0,0,0,0,0,0,0,0,0,0,0
AS39356,0,0,0,0,1,0,0,0,0,0,0,0,0,0,0,0,0,0,0,0
AS197991,0,0,0,0,1,0,0,0,0,0,0,0,0,0,0,0,0,0,0,0
AS53859,0,0,0,0,1,0,0,0,0,0,0,0,0,0,0,0,0,0,0,0
AS58127,0,0,0,0,1,0,0,0,0,0,0,0,0,0,0,0,0,0,0,0
AS721,0,0,0,0,0,0,1,0,0,0,0,0,0,0,0,0,0,0,0,0
AS7417,0,0,0,0,0,0,1,0,0,0,0,0,0,0,0,0,0,0,0,0
AS818,0,0,0,0,0,0,1,0,0,0,0,0,0,0,0,0,0,0,0,0
AS56105,0,0,0,0,0,0,1,0,0,0,0,0,0,0,0,0,0,0,0,0
AS55815,0,0,0,0,0,0,1,0,0,0,0,0,0,0,0,0,0,0,0,0
AS24313,0,0,0,0,0,0,1,0,0,0,0,0,0,0,0,0,0,0,0,0
AS10954,0,0,0,0,0,0,1,0,0,0,0,0,0,0,0,0,0,0,0,0
AS27961,0,0,0,0,0,0,1,0,0,0,0,0,0,0,0,0,0,0,0,0
AS35503,0,0,0,0,0,0,1,0,0,0,0,0,0,0,0,0,0,0,0,0
AS27967,0,0,0,0,0,0,1,0,0,0,0,0,0,0,0,0,0,0,0,0
AS26854,0,0,0,0,0,0,1,0,0,0,0,0,0,0,0,0,0,0,0,0
AS61448,0,0,0,0,0,0,1,0,0,0,0,0,0,0,0,0,0,0,0,0
AS269801,0,0,0,0,0,0,1,0,0,0,0,0,0,0,0,0,0,0,0,0
AS265651,0,0,0,0,0,0,1,0,0,0,0,0,0,0,0,0,0,0,0,0
AS271047,0,0,0,0,0,0,1,0,0,0,0,0,0,0,0,0,0,0,0,0
AS264313,0,0,0,0,0,0,1,0,0,0,0,0,0,0,0,0,0,0,0,0
AS273758,0,0,0,0,0,0,1,0,0,0,0,0,0,0,0,0,0,0,0,0
AS11109,0,0,0,0,0,0,1,0,0,0,0,0,0,0,0,0,0,0,0,0
AS62712,0,0,0,0,0,0,1,0,0,0,0,0,0,0,0,0,0,0,0,0
AS1798,0,0,0,0,0,0,1,0,0,0,0,0,0,0,0,0,0,0,0,0
AS14977,0,0,0,0,0,0,1,0,0,0,0,0,0,0,0,0,0,0,0,0
AS3498,0,0,0,0,0,0,1,0,0,0,0,0,0,0,0,0,0,0,0,0
AS264695,0,0,0,0,0,0,1,0,0,0,0,0,0,0,0,0,0,0,0,0
AS263241,0,0,0,0,0,0,1,0,0,0,0,0,0,0,0,0,0,0,0,0
AS28020,0,0,0,0,0,0,1,0,0,0,0,0,0,0,0,0,0,0,0,0
AS267801,0,0,0,0,0,0,1,0,0,0,0,0,0,0,0,0,0,0,0,0
AS265640,0,0,0,0,0,0,1,0,0,0,0,0,0,0,0,0,0,0,0,0
AS209608,0,0,0,0,0,0,1,0,0,0,0,0,0,0,0,0,0,0,0,0
AS12102,0,0,0,0,0,0,1,0,0,0,0,0,0,0,0,0,0,0,0,0
AS16569,0,0,0,0,0,0,1,0,0,0,0,0,0,0,0,0,0,0,0,0
AS19827,0,0,0,0,0,0,1,0,0,0,0,0,0,0,0,0,0,0,0,0
AS266700,0,0,0,0,0,0,1,0,0,0,0,0,0,0,0,0,0,0,0,0
AS269086,0,0,0,0,0,0,1,0,0,0,0,0,0,0,0,0,0,0,0,0
AS398290,0,0,0,0,0,0,1,0,0,0,0,0,0,0,0,0,0,0,0,0
AS45442,0,0,0,0,0,0,1,0,0,0,0,0,0,0,0,0,0,0,0,0
AS141195,0,0,0,0,0,0,1,0,0,0,0,0,0,0,0,0,0,0,0,0
AS29214,0,0,0,0,0,0,1,0,0,0,0,0,0,0,0,0,0,0,0,0
AS40721,0,0,0,0,0,0,1,0,0,0,0,0,0,0,0,0,0,0,0,0
AS40412,0,0,0,0,0,0,1,0,0,0,0,0,0,0,0,0,0,0,0,0
AS29860,0,0,0,0,0,0,1,0,0,0,0,0,0,0,0,0,0,0,0,0
AS271800,0,0,0,0,0,0,1,0,0,0,0,0,0,0,0,0,0,0,0,0
AS151645,0,0,0,0,0,0,1,0,0,0,0,0,0,0,0,0,0,0,0,0
AS58185,0,0,0,0,0,0,1,0,0,0,0,0,0,0,0,0,0,0,0,0
AS38438,0,0,0,0,0,0,1,0,0,0,0,0,0,0,0,0,0,0,0,0
AS23585,0,0,0,0,0,0,1,0,0,0,0,0,0,0,0,0,0,0,0,0
AS206629,0,0,0,0,0,0,1,0,0,0,0,0,0,0,0,0,0,0,0,0
AS15130,0,0,0,0,0,0,1,0,0,0,0,0,0,0,0,0,0,0,0,0
AS52997,0,0,0,0,0,0,1,0,0,0,0,0,0,0,0,0,0,0,0,0
AS263889,0,0,0,0,0,0,1,0,0,0,0,0,0,0,0,0,0,0,0,0
AS263639,0,0,0,0,0,0,1,0,0,0,0,0,0,0,0,0,0,0,0,0
AS265450,0,0,0,0,0,0,1,0,0,0,0,0,0,0,0,0,0,0,0,0
AS265375,0,0,0,0,0,0,1,0,0,0,0,0,0,0,0,0,0,0,0,0
AS64274,0,0,0,0,0,0,1,0,0,0,0,0,0,0,0,0,0,0,0,0
AS3719,0,0,0,0,0,0,1,0,0,0,0,0,0,0,0,0,0,0,0,0
AS27894,0,0,0,0,0,0,1,0,0,0,0,0,0,0,0,0,0,0,0,0
AS398757,0,0,0,0,0,0,1,0,0,0,0,0,0,0,0,0,0,0,0,0
AS327836,0,0,0,0,0,0,1,0,0,0,0,0,0,0,0,0,0,0,0,0
AS35160,0,0,0,0,0,0,1,0,0,0,0,0,0,0,0,0,0,0,0,0
AS1761,0,0,0,0,0,0,1,0,0,0,0,0,0,0,0,0,0,0,0,0
AS2536,0,0,0,0,0,0,1,0,0,0,0,0,0,0,0,0,0,0,0,0
AS203348,0,0,0,0,0,0,1,0,0,0,0,0,0,0,0,0,0,0,0,0
AS63094,0,0,0,0,0,0,1,0,0,0,0,0,0,0,0,0,0,0,0,0
AS328277,0,0,0,0,0,0,1,0,0,0,0,0,0,0,0,0,0,0,0,0
AS16701,0,0,0,0,0,0,1,0,0,0,0,0,0,0,0,0,0,0,0,0
AS37582,0,0,0,0,0,0,1,0,0,0,0,0,0,0,0,0,0,0,0,0
AS61656,0,0,0,0,0,0,1,0,0,0,0,0,0,0,0,0,0,0,0,0
AS267892,0,0,0,0,0,0,1,0,0,0,0,0,0,0,0,0,0,0,0,0
AS5438,0,0,0,0,0,0,1,0,0,0,0,0,0,0,0,0,0,0,0,0
AS52318,0,0,0,0,0,0,1,0,0,0,0,0,0,0,0,0,0,0,0,0
AS25373,0,0,0,0,0,0,1,0,0,0,0,0,0,0,0,0,0,0,0,0
AS266637,0,0,0,0,0,0,1,0,0,0,0,0,0,0,0,0,0,0,0,0
AS267882,0,0,0,0,0,0,1,0,0,0,0,0,0,0,0,0,0,0,0,0
AS3499,0,0,0,0,0,0,1,0,0,0,0,0,0,0,0,0,0,0,0,0
AS269850,0,0,0,0,0,0,1,0,0,0,0,0,0,0,0,0,0,0,0,0
AS24,0,0,0,0,0,0,1,0,0,0,0,0,0,0,0,0,0,0,0,0
AS264789,0,0,0,0,0,0,1,0,0,0,0,0,0,0,0,0,0,0,0,0
AS288,0,0,0,0,0,0,1,0,0,0,0,0,0,0,0,0,0,0,0,0
AS10671,0,0,0,0,0,0,1,0,0,0,0,0,0,0,0,0,0,0,0,0
AS8519,0,0,0,0,0,0,1,0,0,0,0,0,0,0,0,0,0,0,0,0
AS35542,0,0,0,0,0,0,1,0,0,0,0,0,0,0,0,0,0,0,0,0
AS804,0,0,0,0,0,0,1,0,0,0,0,0,0,0,0,0,0,0,0,0
AS9606,0,0,0,0,0,0,1,0,0,0,0,0,0,0,0,0,0,0,0,0
AS28089,0,1,0,0,0,0,1,0,0,0,0,0,0,0,0,0,0,0,0,0
AS27952,0,1,0,0,0,0,1,0,0,0,0,0,0,0,0,0,0,0,0,0
AS266775,0,1,0,0,0,0,1,0,0,0,0,0,0,0,0,0,0,0,0,0
AS22055,0,1,0,0,0,0,1,0,0,0,0,0,0,0,0,0,0,0,0,0
AS61314,0,1,0,0,0,0,1,0,0,0,0,0,0,0,0,0,0,0,0,0
AS59194,0,1,0,0,0,0,1,0,0,0,0,0,0,0,0,0,0,0,0,0
AS56561,0,1,0,0,0,0,1,0,0,0,0,0,0,0,0,0,0,0,0,0
AS51228,0,1,0,0,0,0,1,0,0,0,0,0,0,0,0,0,0,0,0,0
AS397382,0,1,0,0,0,0,1,0,0,0,0,0,0,0,0,0,0,0,0,0
AS37617,0,1,0,0,0,0,1,0,0,0,0,0,0,0,0,0,0,0,0,0
AS37452,0,1,0,0,0,0,1,0,0,0,0,0,0,0,0,0,0,0,0,0
AS37206,0,1,0,0,0,0,1,0,0,0,0,0,0,0,0,0,0,0,0,0
AS36929,0,1,0,0,0,0,1,0,0,0,0,0,0,0,0,0,0,0,0,0
AS328592,0,1,0,0,0,0,1,0,0,0,0,0,0,0,0,0,0,0,0,0
AS31614,0,1,0,0,0,0,1,0,0,0,0,0,0,0,0,0,0,0,0,0
AS215954,0,1,0,0,0,0,1,0,0,0,0,0,0,0,0,0,0,0,0,0
AS209374,0,1,0,0,0,0,1,0,0,0,0,0,0,0,0,0,0,0,0,0
AS10420,0,1,0,0,0,0,1,0,0,0,0,0,0,0,0,0,0,0,0,0
AS139616,0,1,0,0,0,0,1,0,0,0,0,0,0,0,0,0,0,0,0,0
AS11058,0,0,0,0,1,0,0,0,0,0,0,0,0,0,0,0,0,0,0,0
AS263044,0,0,0,0,1,0,0,0,0,0,0,0,0,0,0,0,0,0,0,0
AS8714,0,0,0,0,1,0,0,0,0,0,0,0,0,0,0,0,0,0,0,0
AS1200,0,0,0,0,1,0,0,0,0,0,0,0,0,0,0,0,0,0,0,0
AS6695,0,0,0,0,1,0,0,0,0,0,0,0,0,0,0,0,0,0,0,0
AS9304,0,0,0,0,1,0,0,0,0,0,0,0,0,0,0,0,0,0,0,0
AS4635,0,0,0,0,1,0,0,0,0,0,0,0,0,0,0,0,0,0,0,0
AS31034,0,0,0,0,1,0,0,0,0,0,0,0,0,0,0,0,0,0,0,0
AS64275,0,0,0,0,1,0,0,0,0,0,0,0,0,0,0,0,0,0,0,0
AS27919,0,0,0,0,1,0,0,0,0,0,0,0,0,0,0,0,0,0,0,0
AS268713,0,0,0,0,1,0,0,0,0,0,0,0,0,0,0,0,0,0,0,0
AS13474,0,1,0,0,0,0,0,0,0,0,0,0,0,0,0,0,0,0,0,0
AS22975,0,1,0,0,0,0,0,0,0,0,0,0,0,0,0,0,0,0,0,0
AS265670,0,1,0,0,0,0,0,0,0,0,0,0,0,0,0,0,0,0,0,0
AS27730,0,1,0,0,0,0,0,0,0,0,0,0,0,0,0,0,0,0,0,0
AS23128,0,1,0,0,0,0,0,0,0,0,0,0,0,0,0,0,0,0,0,0
AS15256,0,1,0,0,0,0,0,0,0,0,0,0,0,0,0,0,0,0,0,0
AS35135,0,1,0,0,0,0,0,0,0,0,0,0,0,0,0,0,0,0,0,0
AS6674,0,1,0,0,0,0,1,0,0,0,0,0,0,0,0,0,0,0,0,0
AS328922,0,1,0,0,0,0,0,0,0,0,0,0,0,0,0,0,0,0,0,0
AS399409,0,1,0,0,0,0,0,0,0,0,0,0,0,0,0,0,0,0,0,0
AS8179,0,1,0,0,0,0,0,0,0,0,0,0,0,0,0,0,0,0,0,0
AS8104,0,1,0,0,0,0,0,0,0,0,0,0,0,0,0,0,0,0,0,0
AS7820,0,1,0,0,0,0,0,0,0,0,0,0,0,0,0,0,0,0,0,0
AS63484,0,1,0,0,0,0,0,0,0,0,0,0,0,0,0,0,0,0,0,0
AS58828,0,1,0,0,0,0,0,0,0,0,0,0,0,0,0,0,0,0,0,0
AS55878,0,1,0,0,0,0,0,0,0,0,0,0,0,0,0,0,0,0,0,0
AS54442,0,1,0,0,0,0,0,0,0,0,0,0,0,0,0,0,0,0,0,0
AS54368,0,1,0,0,0,0,0,0,0,0,0,0,0,0,0,0,0,0,0,0
AS43410,0,1,0,0,0,0,0,0,0,0,0,0,0,0,0,0,0,0,0,0
AS7743,0,1,0,0,0,0,0,0,0,0,0,0,0,0,0,0,0,0,0,0
AS2559,0,1,0,0,0,0,0,0,0,0,0,0,0,0,0,0,0,0,0,0
AS6307,0,1,0,0,0,0,0,0,0,0,0,0,0,0,0,0,0,0,0,0
AS20331,0,1,0,0,0,0,0,0,0,0,0,0,0,0,0,0,0,0,0,0
AS4243,0,1,0,0,0,0,0,0,0,0,0,0,0,0,0,0,0,0,0,0
AS17012,0,1,0,0,0,0,0,0,0,0,0,0,0,0,0,0,0,0,0,0
AS50079,0,1,0,0,0,0,0,0,0,0,0,0,0,0,0,0,0,0,0,0
AS31747,0,1,0,0,0,0,0,0,0,0,0,0,0,0,0,0,0,0,0,0
AS395615,0,1,0,0,0,0,0,0,0,0,0,0,0,0,0,0,0,0,0,0
AS6973,0,1,0,0,0,0,0,0,0,0,0,0,0,0,0,0,0,0,0,0
AS9959,0,1,0,0,0,0,0,0,0,0,0,0,0,0,0,0,0,0,0,0
AS9590,0,1,0,0,0,0,0,0,0,0,0,0,0,0,0,0,0,0,0,0
AS21168,0,1,0,0,0,0,0,0,0,0,0,0,0,0,0,0,0,0,0,0
AS63147,0,0,0,0,0,0,1,0,0,0,0,0,0,0,0,0,0,0,0,0
AS264312,0,0,0,0,0,0,1,0,0,0,0,0,0,0,0,0,0,0,0,0
AS58681,0,0,0,0,0,0,1,0,0,0,0,0,0,0,0,0,0,0,0,0
AS198759,0,0,0,0,0,0,1,0,0,0,0,0,0,0,0,0,0,0,0,0
AS140878,0,0,0,0,0,0,1,0,0,0,0,0,0,0,0,0,0,0,0,0
AS263719,0,0,0,0,0,0,1,0,0,0,0,0,0,0,0,0,0,0,0,0
AS22515,0,0,0,0,0,0,1,0,0,0,0,0,0,0,0,0,0,0,0,0
AS53615,0,0,0,0,0,0,1,0,0,0,0,0,0,0,0,0,0,0,0,0
AS4756,0,0,0,0,0,0,1,0,0,0,0,0,0,0,0,0,0,0,0,0
AS41888,0,0,0,0,0,0,1,0,0,0,0,0,0,0,0,0,0,0,0,0
AS24561,0,0,0,0,0,0,1,0,0,0,0,0,0,0,0,0,0,0,0,0
AS33138,0,0,0,0,0,0,1,0,0,0,0,0,0,0,0,0,0,0,0,0
AS399722,0,0,0,1,0,0,0,0,0,0,0,0,0,0,0,0,0,0,0,0
AS52459,0,0,0,1,0,0,1,0,0,0,0,0,0,0,0,0,0,0,0,0
AS30345,0,0,0,1,0,0,0,0,0,0,0,0,0,0,0,0,0,0,0,0
AS54289,0,0,0,1,0,0,0,0,0,0,0,0,0,0,0,0,0,0,0,0
AS45375,0,0,0,1,0,0,0,0,0,0,0,0,0,0,0,0,0,0,0,0
AS22678,0,0,0,1,0,0,0,0,0,0,0,0,0,0,0,0,0,0,0,0
AS7163,0,0,0,1,0,0,0,0,0,0,0,0,0,0,0,0,0,0,0,0
AS57116,0,0,0,1,0,0,0,0,0,0,0,0,0,0,0,0,0,0,0,0
AS205622,0,0,0,1,0,0,0,0,0,0,0,0,0,0,0,0,0,0,0,0
AS137422,0,0,0,1,0,0,0,0,0,0,0,0,0,0,0,0,0,0,0,0
AS26723,0,0,0,1,0,0,0,0,0,0,0,0,0,0,0,0,0,0,0,0
AS395750,0,0,0,1,0,0,0,0,0,0,0,0,0,0,0,0,0,0,0,0
AS14790,0,0,0,1,0,0,0,0,0,0,0,0,0,0,0,0,0,0,0,0
AS393550,0,0,0,1,0,0,0,0,0,0,0,0,0,0,0,0,0,0,0,0
AS46483,0,0,0,1,0,0,0,0,0,0,0,0,0,0,0,0,0,0,0,0
AS61880,0,0,0,1,0,0,0,0,0,0,0,0,0,0,0,0,0,0,0,0
AS55010,0,0,0,1,0,0,0,0,0,0,0,0,0,0,0,0,0,0,0,0
AS328011,0,0,0,1,0,0,0,0,0,0,0,0,0,0,0,0,0,0,0,0
AS328776,0,0,0,1,0,0,0,0,0,0,0,0,0,0,0,0,0,0,0,0
AS32858,0,0,0,1,0,0,0,0,0,0,0,0,0,0,0,0,0,0,0,0
AS132093,0,0,0,1,0,0,0,0,0,0,0,0,0,0,0,0,0,0,0,0
AS59645,0,0,1,0,0,0,0,0,0,0,0,0,0,0,0,0,0,0,0,0
AS58280,0,0,1,0,0,0,0,0,0,0,0,0,0,0,0,0,0,0,0,0
AS206924,0,0,1,0,0,0,0,0,0,0,0,0,0,0,0,0,0,0,0,0
AS42615,0,0,1,0,0,0,0,0,0,0,0,0,0,0,0,0,0,0,0,0
AS210312,0,0,1,0,0,0,0,0,0,0,0,0,0,0,0,0,0,0,0,0
AS44421,0,0,1,0,0,0,0,0,0,0,0,0,0,0,0,0,0,0,0,0
AS202418,0,0,1,0,0,0,0,0,0,0,0,0,0,0,0,0,0,0,0,0
AS49933,0,0,1,0,0,0,0,0,0,0,0,0,0,0,0,0,0,0,0,0
AS57782,0,0,1,0,0,0,0,0,0,0,0,0,0,0,0,0,0,0,0,0
AS204543,0,0,1,0,0,0,0,0,0,0,0,0,0,0,0,0,0,0,0,0
AS216454,0,0,1,0,0,0,0,0,0,0,0,0,0,0,0,0,0,0,0,0
AS63103,0,0,0,1,0,0,0,0,0,0,0,0,0,0,0,0,0,0,0,0
AS133386,0,1,0,1,0,0,0,0,0,0,0,0,0,0,0,0,0,0,0,0
AS204901,0,0,1,0,0,0,0,0,0,0,0,0,0,0,0,0,0,0,0,0
AS28048,0,0,0,0,1,0,1,0,0,0,0,0,0,0,0,0,0,0,0,0
AS267854,0,1,0,0,0,0,1,0,0,0,0,0,0,0,0,0,0,0,0,0
AS56036,0,0,0,0,1,0,0,0,0,0,0,0,0,0,0,0,0,0,0,0
AS197733,0,0,0,0,1,0,0,0,0,0,0,0,0,0,0,0,0,0,0,0
AS213364,0,0,1,0,0,0,0,0,0,0,0,0,0,0,0,0,0,0,0,0
AS24389,0,0,0,0,1,0,1,0,0,0,0,0,0,0,0,0,0,0,0,0
AS20595,0,1,0,0,0,0,0,0,0,0,0,0,0,0,0,0,0,0,0,0
AS7670,0,0,0,0,1,0,0,0,0,0,0,0,0,0,0,0,0,0,0,0
AS55001,0,0,0,0,1,0,0,0,0,0,0,0,0,0,0,0,0,0,0,0
AS905,0,0,0,0,0,0,1,0,0,0,0,0,0,0,0,0,0,0,0,0
AS58446,0,0,0,0,0,0,1,0,0,0,0,0,0,0,0,0,0,0,0,0
AS40863,0,0,0,0,0,0,1,0,0,0,0,0,0,0,0,0,0,0,0,0
AS401194,0,0,0,0,0,0,1,0,0,0,0,0,0,0,0,0,0,0,0,0
AS400085,0,0,0,0,0,0,1,0,0,0,0,0,0,0,0,0,0,0,0,0
AS397711,0,0,0,0,0,0,1,0,0,0,0,0,0,0,0,0,0,0,0,0
AS395317,0,0,0,0,0,0,1,0,0,0,0,0,0,0,0,0,0,0,0,0
AS393998,0,0,0,0,0,0,1,0,0,0,0,0,0,0,0,0,0,0,0,0
AS393995,0,0,0,0,0,0,1,0,0,0,0,0,0,0,0,0,0,0,0,0
AS36553,0,0,0,0,0,0,1,0,0,0,0,0,0,0,0,0,0,0,0,0
AS25992,0,0,0,0,0,0,1,0,0,0,0,0,0,0,0,0,0,0,0,0
AS201904,0,0,0,0,0,0,1,0,0,0,0,0,0,0,0,0,0,0,0,0
AS201524,0,0,0,0,0,0,1,0,0,0,0,0,0,0,0,0,0,0,0,0
AS15205,0,0,0,0,0,0,1,0,0,0,0,0,0,0,0,0,0,0,0,0
AS151973,0,0,0,0,0,0,1,0,0,0,0,0,0,0,0,0,0,0,0,0
AS139237,0,0,0,0,0,0,1,0,0,0,0,0,0,0,0,0,0,0,0,0
AS138215,0,0,0,0,0,0,1,0,0,0,0,0,0,0,0,0,0,0,0,0
AS135835,0,0,0,0,0,0,1,0,0,0,0,0,0,0,0,0,0,0,0,0
AS133477,0,0,0,0,0,0,1,0,0,0,0,0,0,0,0,0,0,0,0,0
AS132619,0,0,0,0,0,0,1,0,0,0,0,0,0,0,0,0,0,0,0,0
AS1070,0,0,0,0,0,0,1,0,0,0,0,0,0,0,0,0,0,0,0,0
AS263718,0,0,0,0,0,0,1,0,0,0,0,0,0,0,0,0,0,0,0,0
AS212377,0,0,0,0,0,0,1,0,0,0,0,0,0,0,0,0,0,0,0,0
AS48782,0,0,0,0,0,0,1,0,0,0,0,0,0,0,0,0,0,0,0,0
AS27030,0,0,0,0,0,0,1,0,0,0,0,0,0,0,0,0,0,0,0,0
AS137415,0,0,0,0,0,0,1,0,0,0,0,0,0,0,0,0,0,0,0,0
AS8291,0,0,0,0,0,0,1,0,0,0,0,0,0,0,0,0,0,0,0,0
AS43797,0,0,0,0,0,0,1,0,0,0,0,0,0,0,0,0,0,0,0,0
AS42121,0,0,0,0,0,0,1,0,0,0,0,0,0,0,0,0,0,0,0,0
AS17147,0,0,0,0,0,0,1,0,0,0,0,0,0,0,0,0,0,0,0,0
AS52240,0,0,0,0,0,0,1,0,0,0,0,0,0,0,0,0,0,0,0,0
AS27949,0,0,0,0,0,0,1,0,0,0,0,0,0,0,0,0,0,0,0,0
AS262249,0,0,0,0,0,0,1,0,0,0,0,0,0,0,0,0,0,0,0,0
AS61585,0,0,0,0,0,0,1,0,0,0,0,0,0,0,0,0,0,0,0,0
AS52315,0,0,0,0,0,0,1,0,0,0,0,0,0,0,0,0,0,0,0,0
AS33248,0,0,0,0,0,0,1,0,0,0,0,0,0,0,0,0,0,0,0,0
AS61471,0,0,0,0,0,0,1,0,0,0,0,0,0,0,0,0,0,0,0,0
AS39940,0,1,0,0,0,0,0,0,0,0,0,0,0,0,0,0,0,0,0,0
AS28581,0,1,0,0,0,0,0,0,0,0,0,0,0,0,0,0,0,0,0,0
AS266960,0,1,0,0,0,0,0,0,0,0,0,0,0,0,0,0,0,0,0,0
AS44044,0,1,0,0,0,0,0,0,0,0,0,0,0,0,0,0,0,0,0,0
AS41567,0,1,0,0,0,0,0,0,0,0,0,0,0,0,0,0,0,0,0,0
AS39133,0,1,0,0,0,0,0,0,0,0,0,0,0,0,0,0,0,0,0,0
AS16780,0,1,0,0,0,0,0,0,0,0,0,0,0,0,0,0,0,0,0,0
AS19688,0,1,0,0,0,0,0,0,0,0,0,0,0,0,0,0,0,0,0,0
AS10794,0,1,0,0,0,0,0,0,0,0,0,0,0,0,0,0,0,0,0,0
AS9960,0,1,0,0,0,0,0,0,0,0,0,0,0,0,0,0,0,0,0,0
AS9776,0,1,0,0,0,0,0,0,0,0,0,0,0,0,0,0,0,0,0,0
AS9772,0,1,0,0,0,0,0,0,0,0,0,0,0,0,0,0,0,0,0,0
AS9703,0,1,0,0,0,0,0,0,0,0,0,0,0,0,0,0,0,0,0,0
AS9702,0,1,0,0,0,0,0,0,0,0,0,0,0,0,0,0,0,0,0,0
AS9641,0,1,0,0,0,0,0,0,0,0,0,0,0,0,0,0,0,0,0,0
AS9570,0,1,0,0,0,0,0,0,0,0,0,0,0,0,0,0,0,0,0,0
AS9520,0,1,0,0,0,0,0,0,0,0,0,0,0,0,0,0,0,0,0,0
AS9276,0,1,0,0,0,0,0,0,0,0,0,0,0,0,0,0,0,0,0,0
AS9261,0,1,0,0,0,0,1,0,0,0,0,0,0,0,0,0,0,0,0,0
AS9128,0,1,0,0,0,0,0,0,0,0,0,0,0,0,0,0,0,0,0,0
AS9016,0,1,0,0,0,0,0,0,0,0,0,0,0,0,0,0,0,0,0,0
AS8904,0,1,0,0,0,0,1,0,0,0,0,0,0,0,0,0,0,0,0,0
AS8373,0,1,0,0,0,0,0,0,0,0,0,0,0,0,0,0,0,0,0,0
AS8012,0,1,0,0,0,0,0,0,0,0,0,0,0,0,0,0,0,0,0,0
AS7734,0,1,0,0,0,0,0,0,0,0,0,0,0,0,0,0,0,0,0,0
AS7646,0,1,0,0,0,0,0,0,0,0,0,0,0,0,0,0,0,0,0,0
AS7466,0,1,0,0,0,0,1,0,0,0,0,0,0,0,0,0,0,0,0,0
AS7306,0,1,0,0,0,0,0,0,0,0,0,0,0,0,0,0,0,0,0,0
AS6817,0,1,0,0,0,0,0,0,0,0,0,0,0,0,0,0,0,0,0,0
AS6816,0,1,0,0,0,0,0,0,0,0,0,0,0,0,0,0,0,0,0,0
AS6815,0,1,0,0,0,0,0,0,0,0,0,0,0,0,0,0,0,0,0,0
AS64065,0,1,0,0,0,0,0,0,0,0,0,0,0,0,0,0,0,0,0,0
AS64046,0,1,0,0,0,0,0,0,0,0,0,0,0,0,0,0,0,0,0,0
AS22798,0,1,0,0,0,0,0,0,0,0,0,0,0,0,0,0,0,0,0,0
AS265806,0,1,0,0,0,0,0,0,0,0,0,0,0,0,0,0,0,0,0,0
AS33000,0,0,0,0,1,0,0,0,0,0,0,0,0,0,0,0,0,0,0,0
AS212330,0,0,0,0,1,0,0,0,0,0,0,0,0,0,0,0,0,0,0,0
AS211100,0,0,0,0,1,0,0,0,0,0,0,0,0,0,0,0,0,0,0,0
AS49459,0,0,0,0,1,0,0,0,0,0,0,0,0,0,0,0,0,0,0,0
AS328398,0,0,0,0,1,0,0,0,0,0,0,0,0,0,0,0,0,0,0,0
AS57127,0,0,0,0,1,0,0,0,0,0,0,0,0,0,0,0,0,0,0,0
AS210580,0,0,0,0,1,0,0,0,0,0,0,0,0,0,0,0,0,0,0,0
AS271885,0,0,0,0,1,0,0,0,0,0,0,0,0,0,0,0,0,0,0,0
AS56507,0,0,0,0,1,0,0,0,0,0,0,0,0,0,0,0,0,0,0,0
AS33519,0,1,0,0,0,0,0,0,0,0,0,0,0,0,0,0,0,0,0,0
AS397736,0,1,0,0,0,0,0,0,0,0,0,0,0,0,0,0,0,0,0,0
AS15101,0,1,0,0,0,0,0,0,0,0,0,0,0,0,0,0,0,0,0,0
AS21764,0,1,0,0,0,0,0,0,0,0,0,0,0,0,0,0,0,0,0,0
AS11894,0,1,0,0,0,0,0,0,0,0,0,0,0,0,0,0,0,0,0,0
AS13475,0,1,0,0,0,0,0,0,0,0,0,0,0,0,0,0,0,0,0,0
AS395410,0,1,0,0,0,0,0,0,0,0,0,0,0,0,0,0,0,0,0,0
AS22769,0,1,0,0,0,0,0,0,0,0,0,0,0,0,0,0,0,0,0,0
AS36456,0,1,0,0,0,0,0,0,0,0,0,0,0,0,0,0,0,0,0,0
AS262201,0,1,0,0,0,0,0,0,0,0,0,0,0,0,0,0,0,0,0,0
AS70,0,0,0,1,0,0,1,0,0,0,0,0,0,0,0,0,0,0,0,0
AS26810,0,0,0,1,0,0,1,0,0,0,0,0,0,0,0,0,0,0,0,0
AS61738,0,0,0,0,0,0,1,0,0,0,0,0,0,0,0,0,0,0,0,0
AS33343,0,0,0,0,0,0,1,0,0,0,0,0,0,0,0,0,0,0,0,0
AS41548,0,0,0,0,0,0,1,0,0,0,0,0,0,0,0,0,0,0,0,0
AS12891,0,0,0,0,0,0,1,0,0,0,0,0,0,0,0,0,0,0,0,0
AS2799,0,0,0,0,0,0,1,0,0,0,0,0,0,0,0,0,0,0,0,0
AS15147,0,0,0,0,0,0,1,0,0,0,0,0,0,0,0,0,0,0,0,0
AS134099,0,0,0,0,0,0,1,0,0,0,0,0,0,0,0,0,0,0,0,0
AS27674,0,0,0,0,0,0,1,0,0,0,0,0,0,0,0,0,0,0,0,0
AS138424,0,0,0,0,0,0,1,0,0,0,0,0,0,0,0,0,0,0,0,0
AS13506,0,1,0,0,0,0,1,0,0,0,0,0,0,0,0,0,0,0,0,0
AS54521,0,0,0,0,0,0,1,0,0,0,0,0,0,0,0,0,0,0,0,0
AS29992,0,0,0,0,0,0,1,0,0,0,0,0,0,0,0,0,0,0,0,0
AS13611,0,0,0,1,0,0,1,0,0,0,0,0,0,0,0,0,0,0,0,0
AS23888,0,0,0,0,1,0,1,0,0,0,0,0,0,0,0,0,0,0,0,0
AS25996,0,0,0,0,0,0,1,0,0,0,0,0,0,0,0,0,0,0,0,0
AS11724,0,0,0,0,0,0,1,0,0,0,0,0,0,0,0,0,0,0,0,0
AS13788,0,0,0,0,0,0,1,0,0,0,0,0,0,0,0,0,0,0,0,0
AS5663,0,0,0,0,0,0,1,0,0,0,0,0,0,0,0,0,0,0,0,0
AS3635,0,1,0,0,0,0,1,0,0,0,0,0,0,0,0,0,0,0,0,0
AS30313,0,0,0,0,0,0,1,0,0,0,0,0,0,0,0,0,0,0,0,0
AS5744,0,0,0,0,0,0,1,0,0,0,0,0,0,0,0,0,0,0,0,0
AS15991,0,0,0,0,0,0,1,0,0,0,0,0,0,0,0,0,0,0,0,0
AS3705,0,0,0,0,0,0,1,0,0,0,0,0,0,0,0,0,0,0,0,0
AS5766,0,0,0,1,0,0,1,0,0,0,0,0,0,0,0,0,0,0,0,0
AS5774,0,0,0,0,0,0,1,0,0,0,0,0,0,0,0,0,0,0,0,0
AS11985,0,0,0,0,0,0,1,0,0,0,0,0,0,0,0,0,0,0,0,0
AS5852,0,0,0,0,0,0,1,0,0,0,0,0,0,0,0,0,0,0,0,0
AS12037,0,1,0,0,0,0,1,0,0,0,0,0,0,0,0,0,0,0,0,0
AS22284,0,0,0,0,0,0,1,0,0,0,0,0,0,0,0,0,0,0,0,0
AS200521,0,0,0,0,0,0,1,0,0,0,0,0,0,0,0,0,0,0,0,0
AS6026,0,0,0,0,0,0,1,0,0,0,0,0,0,0,0,0,0,0,0,0
AS14298,0,0,0,0,0,0,1,0,0,0,0,0,0,0,0,0,0,0,0,0
AS132634,0,0,0,0,0,0,1,0,0,0,0,0,0,0,0,0,0,0,0,0
AS202024,0,0,0,0,0,0,1,0,0,0,0,0,0,0,0,0,0,0,0,0
AS42894,0,0,0,0,0,0,1,0,0,0,0,0,0,0,0,0,0,0,0,0
AS58488,0,0,0,0,0,0,1,0,0,0,0,0,0,0,0,0,0,0,0,0
AS12564,0,0,0,0,0,0,1,0,0,0,0,0,0,0,0,0,0,0,0,0
AS21096,0,0,0,0,0,0,1,0,0,0,0,0,0,0,0,0,0,0,0,0
AS139442,0,0,0,0,0,0,1,0,0,0,0,0,0,0,0,0,0,0,0,0
AS264705,0,0,0,0,0,0,1,0,0,0,0,0,0,0,0,0,0,0,0,0
AS136061,0,0,0,0,0,0,1,0,0,0,0,0,0,0,0,0,0,0,0,0
AS137313,0,1,0,0,0,0,1,0,0,0,0,0,0,0,0,0,0,0,0,0
AS63826,0,0,0,0,0,0,1,0,0,0,0,0,0,0,0,0,0,0,0,0
AS17564,0,0,0,0,0,0,1,0,0,0,0,0,0,0,0,0,0,0,0,0
AS131352,0,0,0,0,0,0,1,0,0,0,0,0,0,0,0,0,0,0,0,0
AS42186,0,0,0,0,0,0,1,0,0,0,0,0,0,0,0,0,0,0,0,0
AS150703,0,1,0,0,0,0,1,0,0,0,0,0,0,0,0,0,0,0,0,0
AS38764,0,0,0,0,0,0,1,0,0,0,0,0,0,0,0,0,0,0,0,0
AS202553,0,0,0,0,0,0,1,0,0,0,0,0,0,0,0,0,0,0,0,0
AS30885,0,1,0,0,0,0,1,0,0,0,0,0,0,0,0,0,0,0,0,0
AS203396,0,0,0,0,0,0,1,0,0,0,0,0,0,0,0,0,0,0,0,0
AS198395,0,1,0,0,0,0,1,0,0,0,0,0,0,0,0,0,0,0,0,0
AS24595,0,1,0,0,0,0,1,0,0,0,0,0,0,0,0,0,0,0,0,0
AS39279,0,0,0,0,0,0,1,0,0,0,0,0,0,0,0,0,0,0,0,0
AS47672,0,0,0,0,0,0,1,0,0,0,0,0,0,0,0,0,0,0,0,0
AS197388,0,0,0,0,0,0,1,0,0,0,0,0,0,0,0,0,0,0,0,0
AS56811,0,1,0,0,0,0,1,0,0,0,0,0,0,0,0,0,0,0,0,0
AS13134,0,0,0,0,0,0,1,0,0,0,0,0,0,0,0,0,0,0,0,0
AS34339,0,0,0,0,0,0,1,0,0,0,0,0,0,0,0,0,0,0,0,0
AS44586,0,0,0,0,0,0,1,0,0,0,0,0,0,0,0,0,0,0,0,0
AS5576,0,0,0,0,0,0,1,0,0,0,0,0,0,0,0,0,0,0,0,0
AS46018,0,0,0,0,0,0,1,0,0,0,0,0,0,0,0,0,0,0,0,0
AS48037,0,0,0,0,0,0,1,0,0,0,0,0,0,0,0,0,0,0,0,0
AS56236,0,0,0,0,0,0,1,0,0,0,0,0,0,0,0,0,0,0,0,0
AS13011,0,0,0,0,0,0,1,0,0,0,0,0,0,0,0,0,0,0,0,0
AS141201,0,0,0,0,0,0,1,0,0,0,0,0,0,0,0,0,0,0,0,0
AS202277,0,0,0,0,0,0,1,0,0,0,0,0,0,0,0,0,0,0,0,0
AS31313,0,0,0,0,0,0,1,0,0,0,0,0,0,0,0,0,0,0,0,0
AS5408,0,0,0,0,0,0,1,0,0,0,0,0,0,0,0,0,0,0,0,0
AS820,0,0,0,0,0,0,1,0,0,0,0,0,0,0,0,0,0,0,0,0
AS2665,0,0,0,0,0,0,1,0,0,0,0,0,0,0,0,0,0,0,0,0
AS51437,0,0,0,0,0,0,1,0,0,0,0,0,0,0,0,0,0,0,0,0
AS43188,0,0,0,0,0,0,1,0,0,0,0,0,0,0,0,0,0,0,0,0
AS20548,0,0,0,0,0,0,1,0,0,0,0,0,0,0,0,0,0,0,0,0
AS34073,0,0,0,0,0,0,1,0,0,0,0,0,0,0,0,0,0,0,0,0
AS206362,0,0,0,0,1,0,1,0,0,0,0,0,0,0,0,0,0,0,0,0
AS35506,0,0,0,0,0,0,1,0,0,0,0,0,0,0,0,0,0,0,0,0
AS50893,0,0,0,0,0,0,1,0,0,0,0,0,0,0,0,0,0,0,0,0
AS31581,0,0,0,0,0,0,1,0,0,0,0,0,0,0,0,0,0,0,0,0
AS3219,0,0,0,0,0,0,1,0,0,0,0,0,0,0,0,0,0,0,0,0
AS15383,0,0,0,0,0,0,1,0,0,0,0,0,0,0,0,0,0,0,0,0
AS1955,0,0,0,0,0,0,1,0,0,0,0,0,0,0,0,0,0,0,0,0
AS48298,0,0,0,0,0,0,1,0,0,0,0,0,0,0,0,0,0,0,0,0
AS2513,0,0,0,0,0,0,1,0,0,0,0,0,0,0,0,0,0,0,0,0
AS6127,0,0,0,0,0,0,1,0,0,0,0,0,0,0,0,0,0,0,0,0
AS31065,0,0,0,0,0,0,1,0,0,0,0,0,0,0,0,0,0,0,0,0
AS135956,0,0,0,0,0,0,1,0,0,0,0,0,0,0,0,0,0,0,0,0
AS135008,0,0,0,0,0,0,1,0,0,0,0,0,0,0,0,0,0,0,0,0
AS3923,0,0,0,0,0,0,1,0,0,0,0,0,0,0,0,0,0,0,0,0
AS45353,0,0,0,0,0,0,1,0,0,0,0,0,0,0,0,0,0,0,0,0
AS135428,0,0,0,0,0,0,1,0,0,0,0,0,0,0,0,0,0,0,0,0
AS133826,0,0,0,0,0,0,1,0,0,0,0,0,0,0,0,0,0,0,0,0
AS10754,0,1,0,0,0,0,1,0,0,0,0,0,0,0,0,0,0,0,0,0
AS38027,0,0,0,0,0,0,1,0,0,0,0,0,0,0,0,0,0,0,0,0
AS45320,0,0,0,0,0,0,1,0,0,0,0,0,0,0,0,0,0,0,0,0
AS1999,0,0,0,0,0,0,1,0,0,0,0,0,0,0,0,0,0,0,0,0
AS37937,0,0,0,0,0,0,1,0,0,0,0,0,0,0,0,0,0,0,0,0
AS140750,0,0,0,0,0,0,1,0,0,0,0,0,0,0,0,0,0,0,0,0
AS8798,0,0,0,0,0,0,1,0,0,0,0,0,0,0,0,0,0,0,0,0
AS198561,0,1,0,0,0,0,1,0,0,0,0,0,0,0,0,0,0,0,0,0
AS1009,0,0,0,0,0,0,1,0,0,0,0,0,0,0,0,0,0,0,0,0
AS4152,0,0,0,0,0,0,1,0,0,0,0,0,0,0,0,0,0,0,0,0
AS55597,0,0,0,1,0,0,1,0,0,0,0,0,0,0,0,0,0,0,0,0
AS131799,0,0,0,1,0,0,1,0,0,0,0,0,0,0,0,0,0,0,0,0
AS45972,0,0,0,0,0,0,1,0,0,0,0,0,0,0,0,0,0,0,0,0
AS45408,0,0,0,0,0,0,1,0,0,0,0,0,0,0,0,0,0,0,0,0
AS9974,0,0,0,0,0,0,1,0,0,0,0,0,0,0,0,0,0,0,0,0
AS10183,0,0,0,0,0,0,1,0,0,0,0,0,0,0,0,0,0,0,0,0
AS45990,0,0,0,1,0,0,1,0,0,0,0,0,0,0,0,0,0,0,0,0
AS7557,0,1,0,0,0,0,1,0,0,0,0,0,0,0,0,0,0,0,0,0
AS38708,0,1,0,0,0,0,1,0,0,0,0,0,0,0,0,0,0,0,0,0
AS3608,0,0,0,0,0,0,1,0,0,0,0,0,0,0,0,0,0,0,0,0
AS10186,0,0,0,1,0,0,1,0,0,0,0,0,0,0,0,0,0,0,0,0
AS9707,0,0,0,0,0,0,1,0,0,0,0,0,0,0,0,0,0,0,0,0
AS9455,0,0,0,0,0,0,1,0,0,0,0,0,0,0,0,0,0,0,0,0
AS17584,0,0,0,0,0,0,1,0,0,0,0,0,0,0,0,0,0,0,0,0
AS18310,0,0,0,0,1,0,1,0,0,0,0,0,0,0,0,0,0,0,0,0
AS38388,0,0,0,0,0,0,1,0,0,0,0,0,0,0,0,0,0,0,0,0
AS55613,0,0,0,0,0,0,1,0,0,0,0,0,0,0,0,0,0,0,0,0
AS55604,0,0,0,0,0,0,1,0,0,0,0,0,0,0,0,0,0,0,0,0
AS9487,0,1,0,0,0,0,1,0,0,0,0,0,0,0,0,0,0,0,0,0
AS38112,0,0,0,0,0,0,1,0,0,0,0,0,0,0,0,0,0,0,0,0
AS45397,0,0,0,0,0,0,1,0,0,0,0,0,0,0,0,0,0,0,0,0
AS17841,0,0,0,0,0,0,1,0,0,0,0,0,0,0,0,0,0,0,0,0
AS9275,0,0,0,0,0,0,1,0,0,0,0,0,0,0,0,0,0,0,0,0
AS9458,0,0,0,0,0,0,1,0,0,0,0,0,0,0,0,0,0,0,0,0
AS9854,0,0,0,0,0,0,1,0,0,0,0,0,0,0,0,0,0,0,0,0
AS45973,0,1,0,0,0,0,1,0,0,0,0,0,0,0,0,0,0,0,0,0
AS45998,0,0,0,1,0,0,1,0,0,0,0,0,0,0,0,0,0,0,0,0
AS10161,0,0,0,0,0,0,1,0,0,0,0,0,0,0,0,0,0,0,0,0
AS17582,0,1,0,0,0,0,1,0,0,0,0,0,0,0,0,0,0,0,0,0
AS9685,0,0,0,0,0,0,1,0,0,0,0,0,0,0,0,0,0,0,0,0
AS17574,0,0,0,0,0,0,1,0,0,0,0,0,0,0,0,0,0,0,0,0
AS9860,0,0,0,1,0,0,1,0,0,0,0,0,0,0,0,0,0,0,0,0
AS45384,0,0,0,0,0,0,1,0,0,0,0,0,0,0,0,0,0,0,0,0
AS9633,0,0,0,0,0,0,1,0,0,0,0,0,0,0,0,0,0,0,0,0
AS17865,0,0,0,0,0,0,1,0,0,0,0,0,0,0,0,0,0,0,0,0
AS17844,0,1,0,0,0,0,1,0,0,0,0,0,0,0,0,0,0,0,0,0
AS10044,0,0,0,0,0,0,1,0,0,0,0,0,0,0,0,0,0,0,0,0
AS131097,0,0,0,0,0,0,1,0,0,0,0,0,0,0,0,0,0,0,0,0
AS270674,0,0,0,0,1,0,0,0,0,0,0,0,0,0,0,0,0,0,0,0
AS262385,0,0,0,0,1,0,0,0,0,0,0,0,0,0,0,0,0,0,0,0
AS269014,0,0,0,0,1,0,0,0,0,0,0,0,0,0,0,0,0,0,0,0
AS264900,0,0,0,0,1,0,0,0,0,0,0,0,0,0,0,0,0,0,0,0
AS269491,0,0,0,0,1,0,0,0,0,0,0,0,0,0,0,0,0,0,0,0
AS398230,0,0,0,0,1,0,0,0,0,0,0,0,0,0,0,0,0,0,0,0
AS203421,0,0,0,0,1,0,0,0,0,0,0,0,0,0,0,0,0,0,0,0
AS271466,0,0,0,0,1,0,0,0,0,0,0,0,0,0,0,0,0,0,0,0
AS50224,0,0,1,0,0,0,0,0,0,0,0,0,0,0,0,0,0,0,0,0
AS198498,0,0,0,0,1,0,0,0,0,0,0,0,0,0,0,0,0,0,0,0
AS202975,0,0,0,0,1,0,0,0,0,0,0,0,0,0,0,0,0,0,0,0
AS268525,0,0,0,0,1,0,0,0,0,0,0,0,0,0,0,0,0,0,0,0
AS264153,0,0,0,0,1,0,0,0,0,0,0,0,0,0,0,0,0,0,0,0
AS205279,0,0,0,0,1,0,0,0,0,0,0,0,0,0,0,0,0,0,0,0
AS269673,0,0,0,0,1,0,0,0,0,0,0,0,0,0,0,0,0,0,0,0
AS265740,0,0,1,0,0,0,0,0,0,0,0,0,0,0,0,0,0,0,0,0
AS25094,0,0,0,0,0,0,1,0,0,0,0,0,0,0,0,0,0,0,0,0
AS202886,0,0,1,0,0,0,0,0,0,0,0,0,0,0,0,0,0,0,0,0
AS133968,0,0,0,0,1,0,0,0,0,0,0,0,0,0,0,0,0,0,0,0
AS38755,0,0,0,0,0,0,1,0,0,0,0,0,0,0,0,0,0,0,0,0
AS48850,0,0,0,0,1,0,0,0,0,0,0,0,0,0,0,0,0,0,0,0
AS135775,0,0,0,0,1,0,0,0,0,0,0,0,0,0,0,0,0,0,0,0
AS152756,0,0,0,0,1,0,0,0,0,0,0,0,0,0,0,0,0,0,0,0
AS199995,0,0,0,0,1,0,0,0,0,0,0,0,0,0,0,0,0,0,0,0
AS263584,0,0,0,0,1,0,0,0,0,0,0,0,0,0,0,0,0,0,0,0
AS24789,0,0,0,0,1,0,1,0,0,0,0,0,0,0,0,0,0,0,0,0
AS270581,0,0,0,0,1,0,0,0,0,0,0,0,0,0,0,0,0,0,0,0
AS271626,0,0,0,0,1,0,0,0,0,0,0,0,0,0,0,0,0,0,0,0
AS10352,0,0,0,0,1,0,0,0,0,0,0,0,0,0,0,0,0,0,0,0
AS206072,0,0,1,0,0,0,0,0,0,0,0,0,0,0,0,0,0,0,0,0
AS200857,0,0,1,0,0,0,0,0,0,0,0,0,0,0,0,0,0,0,0,0
AS139450,0,0,0,0,1,0,0,0,0,0,0,0,0,0,0,0,0,0,0,0
AS10104,0,0,1,0,0,0,0,0,0,0,0,0,0,0,0,0,0,0,0,0
AS38011,0,0,0,0,1,0,0,0,0,0,0,0,0,0,0,0,0,0,0,0
AS262312,0,0,0,0,1,0,0,0,0,0,0,0,0,0,0,0,0,0,0,0
AS37576,0,0,0,0,1,0,0,0,0,0,0,0,0,0,0,0,0,0,0,0
AS60524,0,0,0,0,0,0,1,0,0,0,0,0,0,0,0,0,0,0,0,0
AS266009,0,0,0,0,1,0,0,0,0,0,0,0,0,0,0,0,0,0,0,0
AS28349,0,0,0,0,1,0,0,0,0,0,0,0,0,0,0,0,0,0,0,0
AS134654,0,0,0,0,1,0,0,0,0,0,0,0,0,0,0,0,0,0,0,0
AS135244,0,0,0,0,1,0,0,0,0,0,0,0,0,0,0,0,0,0,0,0
AS15706,0,0,0,0,1,0,0,0,0,0,0,0,0,0,0,0,0,0,0,0
AS201680,0,0,0,0,0,0,1,0,0,0,0,0,0,0,0,0,0,0,0,0
AS199338,0,0,0,0,1,0,0,0,0,0,0,0,0,0,0,0,0,0,0,0
AS140399,0,0,0,0,1,0,0,0,0,0,0,0,0,0,0,0,0,0,0,0
AS53049,0,0,0,0,1,0,0,0,0,0,0,0,0,0,0,0,0,0,0,0
AS268146,0,0,0,0,1,0,0,0,0,0,0,0,0,0,0,0,0,0,0,0
AS199104,0,1,0,0,0,0,0,0,0,0,0,0,0,0,0,0,0,0,0,0
AS37663,0,0,0,0,1,0,0,0,0,0,0,0,0,0,0,0,0,0,0,0
AS30373,0,0,0,0,1,0,0,0,0,0,0,0,0,0,0,0,0,0,0,0
AS271694,0,0,0,0,1,0,0,0,0,0,0,0,0,0,0,0,0,0,0,0
AS327932,0,0,0,0,1,0,0,0,0,0,0,0,0,0,0,0,0,0,0,0
AS140457,0,0,0,0,1,0,0,0,0,0,0,0,0,0,0,0,0,0,0,0
AS40992,0,1,0,0,0,0,0,0,0,0,0,0,0,0,0,0,0,0,0,0
AS273024,0,0,0,0,1,0,0,0,0,0,0,0,0,0,0,0,0,0,0,0
AS17547,0,0,0,0,1,0,0,0,0,0,0,0,0,0,0,0,0,0,0,0
AS35871,0,0,0,0,1,0,0,0,0,0,0,0,0,0,0,0,0,0,0,0
AS207684,0,0,0,0,1,0,0,0,0,0,0,0,0,0,0,0,0,0,0,0
AS44901,0,0,0,0,1,0,0,0,0,0,0,0,0,0,0,0,0,0,0,0
AS25133,0,0,0,0,1,0,0,0,0,0,0,0,0,0,0,0,0,0,0,0
AS263126,0,0,0,0,1,0,0,0,0,0,0,0,0,0,0,0,0,0,0,0
AS264857,0,0,0,0,1,0,0,0,0,0,0,0,0,0,0,0,0,0,0,0
AS146847,0,0,0,0,1,0,0,0,0,0,0,0,0,0,0,0,0,0,0,0
AS48487,0,0,0,0,1,0,0,0,0,0,0,0,0,0,0,0,0,0,0,0
AS267320,0,0,0,0,1,0,0,0,0,0,0,0,0,0,0,0,0,0,0,0
AS38200,0,0,0,0,1,0,0,0,0,0,0,0,0,0,0,0,0,0,0,0
AS63212,0,0,0,0,1,0,0,0,0,0,0,0,0,0,0,0,0,0,0,0
AS329174,0,0,0,0,1,0,0,0,0,0,0,0,0,0,0,0,0,0,0,0
AS48987,0,0,1,0,0,0,0,0,0,0,0,0,0,0,0,0,0,0,0,0
AS269064,0,0,0,0,1,0,0,0,0,0,0,0,0,0,0,0,0,0,0,0
AS271595,0,0,0,0,1,0,0,0,0,0,0,0,0,0,0,0,0,0,0,0
AS263524,0,0,0,0,1,0,0,0,0,0,0,0,0,0,0,0,0,0,0,0
AS59155,0,0,0,0,1,0,0,0,0,0,0,0,0,0,0,0,0,0,0,0
AS199837,0,0,0,0,1,0,0,0,0,0,0,0,0,0,0,0,0,0,0,0
AS200556,0,0,1,0,0,0,0,0,0,0,0,0,0,0,0,0,0,0,0,0
AS267905,0,0,0,0,1,0,0,0,0,0,0,0,0,0,0,0,0,0,0,0
AS265672,0,0,0,0,1,0,0,0,0,0,0,0,0,0,0,0,0,0,0,0
AS197075,0,0,0,0,1,0,0,0,0,0,0,0,0,0,0,0,0,0,0,0
AS35940,0,0,0,0,1,0,0,0,0,0,0,0,0,0,0,0,0,0,0,0
AS37682,0,0,0,0,1,0,0,0,0,0,0,0,0,0,0,0,0,0,0,0
AS149251,0,0,0,0,1,0,0,0,0,0,0,0,0,0,0,0,0,0,0,0
AS263922,0,0,0,0,1,0,0,0,0,0,0,0,0,0,0,0,0,0,0,0
AS269258,0,0,0,0,1,0,0,0,0,0,0,0,0,0,0,0,0,0,0,0
AS812,0,0,0,0,1,0,0,0,0,0,0,0,0,0,0,0,0,0,0,0
AS203529,0,0,1,0,0,0,0,0,0,0,0,0,0,0,0,0,0,0,0,0
AS63602,0,0,0,0,1,0,0,0,0,0,0,0,0,0,0,0,0,0,0,0
AS210882,0,0,1,0,0,0,0,0,0,0,0,0,0,0,0,0,0,0,0,0
AS272061,0,0,0,0,1,0,0,0,0,0,0,0,0,0,0,0,0,0,0,0
AS24889,0,0,0,0,1,0,0,0,0,0,0,0,0,0,0,0,0,0,0,0
AS46032,0,0,0,0,1,0,0,0,0,0,0,0,0,0,0,0,0,0,0,0
AS47559,0,0,0,0,1,0,0,0,0,0,0,0,0,0,0,0,0,0,0,0
AS149854,0,0,0,0,1,0,0,0,0,0,0,0,0,0,0,0,0,0,0,0
AS210654,0,1,0,0,0,0,0,0,0,0,0,0,0,0,0,0,0,0,0,0
AS263103,0,0,0,0,1,0,0,0,0,0,0,0,0,0,0,0,0,0,0,0
AS35104,0,0,0,0,1,0,0,0,0,0,0,0,0,0,0,0,0,0,0,0
AS142115,0,0,0,0,1,0,0,0,0,0,0,0,0,0,0,0,0,0,0,0
AS26621,0,0,1,0,0,0,0,0,0,0,0,0,0,0,0,0,0,0,0,0
AS199449,0,0,0,0,1,0,0,0,0,0,0,0,0,0,0,0,0,0,0,0
AS58369,0,0,0,0,1,0,0,0,0,0,0,0,0,0,0,0,0,0,0,0
AS200779,0,0,0,0,1,0,0,0,0,0,0,0,0,0,0,0,0,0,0,0
AS28181,0,0,0,0,1,0,0,0,0,0,0,0,0,0,0,0,0,0,0,0
AS263378,0,0,0,0,1,0,0,0,0,0,0,0,0,0,0,0,0,0,0,0
AS265851,0,0,0,0,1,0,0,0,0,0,0,0,0,0,0,0,0,0,0,0
AS42437,0,0,0,0,1,0,1,0,0,0,0,0,0,0,0,0,0,0,0,0
AS272268,0,0,0,0,1,0,0,0,0,0,0,0,0,0,0,0,0,0,0,0
AS269314,0,0,0,0,1,0,0,0,0,0,0,0,0,0,0,0,0,0,0,0
AS12479,0,0,0,0,1,0,0,0,0,0,0,0,0,0,0,0,0,0,0,0
AS269714,0,0,0,0,1,0,0,0,0,0,0,0,0,0,0,0,0,0,0,0
AS28130,0,0,0,0,1,0,0,0,0,0,0,0,0,0,0,0,0,0,0,0
AS264550,0,0,0,0,1,0,0,0,0,0,0,0,0,0,0,0,0,0,0,0
AS269354,0,0,0,0,1,0,0,0,0,0,0,0,0,0,0,0,0,0,0,0
AS38644,0,0,0,0,1,0,0,0,0,0,0,0,0,0,0,0,0,0,0,0
AS64131,0,0,0,0,1,0,0,0,0,0,0,0,0,0,0,0,0,0,0,0
AS264886,0,0,0,0,1,0,0,0,0,0,0,0,0,0,0,0,0,0,0,0
AS202199,0,0,1,0,0,0,0,0,0,0,0,0,0,0,0,0,0,0,0,0
AS271673,0,0,0,0,1,0,0,0,0,0,0,0,0,0,0,0,0,0,0,0
AS3300,0,0,0,0,1,0,0,0,0,0,0,0,0,0,0,0,0,0,0,0
AS210091,0,0,0,0,1,0,0,0,0,0,0,0,0,0,0,0,0,0,0,0
AS40193,0,0,0,0,1,0,0,0,0,0,0,0,0,0,0,0,0,0,0,0
AS269918,0,0,0,0,1,0,0,0,0,0,0,0,0,0,0,0,0,0,0,0
AS136530,0,0,0,0,1,0,0,0,0,0,0,0,0,0,0,0,0,0,0,0
AS273890,0,0,0,0,1,0,0,0,0,0,0,0,0,0,0,0,0,0,0,0
AS200730,0,0,1,0,0,0,0,0,0,0,0,0,0,0,0,0,0,0,0,0
AS269631,0,0,0,0,1,0,0,0,0,0,0,0,0,0,0,0,0,0,0,0
AS327875,0,0,0,0,1,0,0,0,0,0,0,0,0,0,0,0,0,0,0,0
AS17773,0,0,0,0,1,0,0,0,0,0,0,0,0,0,0,0,0,0,0,0
AS137669,0,0,0,0,1,0,0,0,0,0,0,0,0,0,0,0,0,0,0,0
AS49368,0,0,0,0,1,0,0,0,0,0,0,0,0,0,0,0,0,0,0,0
AS267567,0,0,0,0,1,0,0,0,0,0,0,0,0,0,0,0,0,0,0,0
AS136377,0,0,0,0,1,0,0,0,0,0,0,0,0,0,0,0,0,0,0,0
AS141870,0,0,0,0,1,0,0,0,0,0,0,0,0,0,0,0,0,0,0,0
AS51402,0,0,0,0,1,0,0,0,0,0,0,0,0,0,0,0,0,0,0,0
AS266430,0,0,0,0,1,0,0,0,0,0,0,0,0,0,0,0,0,0,0,0
AS24689,0,0,0,0,1,0,0,0,0,0,0,0,0,0,0,0,0,0,0,0
AS37154,0,0,0,0,1,0,1,0,0,0,0,0,0,0,0,0,0,0,0,0
AS266655,0,0,0,0,1,0,0,0,0,0,0,0,0,0,0,0,0,0,0,0
AS270065,0,0,0,0,1,0,0,0,0,0,0,0,0,0,0,0,0,0,0,0
AS266995,0,0,0,0,1,0,0,0,0,0,0,0,0,0,0,0,0,0,0,0
AS35575,0,0,0,0,1,0,0,0,0,0,0,0,0,0,0,0,0,0,0,0
AS31069,0,0,0,0,1,0,0,0,0,0,0,0,0,0,0,0,0,0,0,0
AS147066,0,0,0,0,1,0,0,0,0,0,0,0,0,0,0,0,0,0,0,0
AS216430,0,0,1,0,0,0,0,0,0,0,0,0,0,0,0,0,0,0,0,0
AS199599,0,0,0,0,1,0,0,0,0,0,0,0,0,0,0,0,0,0,0,0
AS42991,0,0,0,0,1,0,0,0,0,0,0,0,0,0,0,0,0,0,0,0
AS136311,0,0,0,0,1,0,0,0,0,0,0,0,0,0,0,0,0,0,0,0
AS150237,0,0,0,0,1,0,0,0,0,0,0,0,0,0,0,0,0,0,0,0
AS134707,0,0,0,0,1,0,0,0,0,0,0,0,0,0,0,0,0,0,0,0
AS263586,0,0,0,0,1,0,0,0,0,0,0,0,0,0,0,0,0,0,0,0
AS268222,0,0,0,0,1,0,0,0,0,0,0,0,0,0,0,0,0,0,0,0
AS12576,0,0,0,0,1,0,0,0,0,0,0,0,0,0,0,0,0,0,0,0
AS150286,0,0,0,0,1,0,0,0,0,0,0,0,0,0,0,0,0,0,0,0
AS131465,0,0,0,0,1,0,0,0,0,0,0,0,0,0,0,0,0,0,0,0
AS34554,0,0,0,0,1,0,0,0,0,0,0,0,0,0,0,0,0,0,0,0
AS262595,0,0,0,0,1,0,0,0,0,0,0,0,0,0,0,0,0,0,0,0
AS137184,0,0,0,0,1,0,0,0,0,0,0,0,0,0,0,0,0,0,0,0
AS200899,0,0,0,0,1,0,0,0,0,0,0,0,0,0,0,0,0,0,0,0
AS199439,0,0,0,0,1,0,0,0,0,0,0,0,0,0,0,0,0,0,0,0
AS1320,0,0,0,0,0,0,1,0,0,0,0,0,0,0,0,0,0,0,0,0
AS55077,0,0,0,0,1,0,0,0,0,0,0,0,0,0,0,0,0,0,0,0
AS138629,0,0,0,0,1,0,0,0,0,0,0,0,0,0,0,0,0,0,0,0
AS209188,0,0,1,0,0,0,0,0,0,0,0,0,0,0,0,0,0,0,0,0
AS271949,0,0,0,0,1,0,0,0,0,0,0,0,0,0,0,0,0,0,0,0
AS137018,0,0,0,0,1,0,0,0,0,0,0,0,0,0,0,0,0,0,0,0
AS35559,0,0,1,0,0,0,0,0,0,0,0,0,0,0,0,0,0,0,0,0
AS25698,0,0,0,0,1,0,0,0,0,0,0,0,0,0,0,0,0,0,0,0
AS139009,0,0,0,0,1,0,0,0,0,0,0,0,0,0,0,0,0,0,0,0
AS138038,0,0,1,0,0,0,0,0,0,0,0,0,0,0,0,0,0,0,0,0
AS52788,0,0,0,0,1,0,0,0,0,0,0,0,0,0,0,0,0,0,0,0
AS135407,0,0,0,0,1,0,0,0,0,0,0,0,0,0,0,0,0,0,0,0
AS270442,0,0,0,0,1,0,0,0,0,0,0,0,0,0,0,0,0,0,0,0
AS25309,0,0,0,0,1,0,0,0,0,0,0,0,0,0,0,0,0,0,0,0
AS42476,0,0,0,0,1,0,0,0,0,0,0,0,0,0,0,0,0,0,0,0
AS31210,0,0,0,0,1,0,0,0,0,0,0,0,0,0,0,0,0,0,0,0
AS49634,0,0,0,0,1,0,0,0,0,0,0,0,0,0,0,0,0,0,0,0
AS2593,0,0,0,0,1,0,0,0,0,0,0,0,0,0,0,0,0,0,0,0
AS24457,0,0,0,0,1,0,0,0,0,0,0,0,0,0,0,0,0,0,0,0
AS55518,0,0,0,0,1,0,0,0,0,0,0,0,0,0,0,0,0,0,0,0
AS55822,0,0,0,0,1,0,0,0,0,0,0,0,0,0,0,0,0,0,0,0
AS6777,0,0,0,0,1,0,0,0,0,0,0,0,0,0,0,0,0,0,0,0
AS24736,0,0,0,0,1,0,0,0,0,0,0,0,0,0,0,0,0,0,0,0
AS393523,0,0,0,0,1,0,0,0,0,0,0,0,0,0,0,0,0,0,0,0
AS13770,0,0,0,0,1,0,0,0,0,0,0,0,0,0,0,0,0,0,0,0
AS63028,0,0,0,0,1,0,0,0,0,0,0,0,0,0,0,0,0,0,0,0
AS62502,0,0,0,0,1,0,0,0,0,0,0,0,0,0,0,0,0,0,0,0
AS8695,0,0,0,0,1,0,0,0,0,0,0,0,0,0,0,0,0,0,0,0
AS394594,0,0,0,0,1,0,0,0,0,0,0,0,0,0,0,0,0,0,0,0
AS49917,0,0,0,0,1,0,0,0,0,0,0,0,0,0,0,0,0,0,0,0
AS15669,0,0,0,0,1,0,0,0,0,0,0,0,0,0,0,0,0,0,0,0
AS20530,0,0,0,0,1,0,0,0,0,0,0,0,0,0,0,0,0,0,0,0
AS37324,0,0,0,0,1,0,0,0,0,0,0,0,0,0,0,0,0,0,0,0
AS48586,0,0,0,0,1,0,0,0,0,0,0,0,0,0,0,0,0,0,0,0
AS23169,0,0,0,0,1,0,0,0,0,0,0,0,0,0,0,0,0,0,0,0
AS37780,0,0,0,0,1,0,0,0,0,0,0,0,0,0,0,0,0,0,0,0
AS41882,0,0,0,0,1,0,0,0,0,0,0,0,0,0,0,0,0,0,0,0
AS13094,0,0,0,0,1,0,0,0,0,0,0,0,0,0,0,0,0,0,0,0
AS37386,0,0,0,0,1,0,0,0,0,0,0,0,0,0,0,0,0,0,0,0
AS37224,0,0,0,0,1,0,0,0,0,0,0,0,0,0,0,0,0,0,0,0
AS44896,0,0,0,0,1,0,0,0,0,0,0,0,0,0,0,0,0,0,0,0
AS45093,0,0,0,0,1,0,0,0,0,0,0,0,0,0,0,0,0,0,0,0
AS56931,0,0,0,0,1,0,0,0,0,0,0,0,0,0,0,0,0,0,0,0
AS53649,0,0,0,0,1,0,0,0,0,0,0,0,0,0,0,0,0,0,0,0
AS54033,0,0,0,0,1,0,0,0,0,0,0,0,0,0,0,0,0,0,0,0
AS20759,0,0,0,0,1,0,0,0,0,0,0,0,0,0,0,0,0,0,0,0
AS33495,0,0,0,0,1,0,0,0,0,0,0,0,0,0,0,0,0,0,0,0
AS62819,0,0,0,0,1,0,0,0,0,0,0,0,0,0,0,0,0,0,0,0
AS58146,0,0,0,0,1,0,0,0,0,0,0,0,0,0,0,0,0,0,0,0
AS23899,0,0,0,0,1,0,0,0,0,0,0,0,0,0,0,0,0,0,0,0
AS23540,0,0,0,0,1,0,0,0,0,0,0,0,0,0,0,0,0,0,0,0
AS49624,0,0,0,0,1,0,0,0,0,0,0,0,0,0,0,0,0,0,0,0
AS43268,0,0,0,0,1,0,0,0,0,0,0,0,0,0,0,0,0,0,0,0
AS48443,0,0,0,0,1,0,0,0,0,0,0,0,0,0,0,0,0,0,0,0
AS24470,0,0,0,0,1,0,0,0,0,0,0,0,0,0,0,0,0,0,0,0
AS24508,0,0,0,0,1,0,0,0,0,0,0,0,0,0,0,0,0,0,0,0
AS7481,0,0,0,0,1,0,0,0,0,0,0,0,0,0,0,0,0,0,0,0
AS26468,0,0,0,0,1,0,0,0,0,0,0,0,0,0,0,0,0,0,0,0
AS62484,0,0,0,0,1,0,0,0,0,0,0,0,0,0,0,0,0,0,0,0
AS270849,0,0,0,0,1,0,0,0,0,0,0,0,0,0,0,0,0,0,0,0
AS271801,0,0,0,0,1,0,0,0,0,0,0,0,0,0,0,0,0,0,0,0
AS39607,0,0,0,0,1,0,0,0,0,0,0,0,0,0,0,0,0,0,0,0
AS399280,0,0,0,0,1,0,0,0,0,0,0,0,0,0,0,0,0,0,0,0
AS56393,0,0,0,0,1,0,0,0,0,0,0,0,0,0,0,0,0,0,0,0
AS57106,0,0,0,0,1,0,0,0,0,0,0,0,0,0,0,0,0,0,0,0
AS59510,0,0,0,0,1,0,0,0,0,0,0,0,0,0,0,0,0,0,0,0
AS210925,0,0,0,0,1,0,0,0,0,0,0,0,0,0,0,0,0,0,0,0
AS211181,0,0,0,0,1,0,0,0,0,0,0,0,0,0,0,0,0,0,0,0
AS210461,0,0,0,0,1,0,0,0,0,0,0,0,0,0,0,0,0,0,0,0
AS207800,0,0,0,0,1,0,0,0,0,0,0,0,0,0,0,0,0,0,0,0
AS34840,0,0,0,0,1,0,0,0,0,0,0,0,0,0,0,0,0,0,0,0
AS37728,0,0,0,0,1,0,0,0,0,0,0,0,0,0,0,0,0,0,0,0
AS272136,0,0,0,0,1,0,0,0,0,0,0,0,0,0,0,0,0,0,0,0
AS47584,0,0,0,0,1,0,0,0,0,0,0,0,0,0,0,0,0,0,0,0
AS272852,0,0,0,0,1,0,0,0,0,0,0,0,0,0,0,0,0,0,0,0
AS9446,0,0,0,0,1,0,0,0,0,0,0,0,0,0,0,0,0,0,0,0
AS211764,0,0,0,0,1,0,0,0,0,0,0,0,0,0,0,0,0,0,0,0
AS150190,0,0,0,0,1,0,0,0,0,0,0,0,0,0,0,0,0,0,0,0
AS150528,0,0,0,0,1,0,0,0,0,0,0,0,0,0,0,0,0,0,0,0
AS146757,0,0,0,0,1,0,0,0,0,0,0,0,0,0,0,0,0,0,0,0
AS9437,0,0,0,0,1,0,0,0,0,0,0,0,0,0,0,0,0,0,0,0
AS36090,0,0,0,0,1,0,0,0,0,0,0,0,0,0,0,0,0,0,0,0
AS152007,0,0,0,0,1,0,0,0,0,0,0,0,0,0,0,0,0,0,0,0
AS273881,0,0,0,0,1,0,0,0,0,0,0,0,0,0,0,0,0,0,0,0
AS401485,0,0,0,0,1,0,0,0,0,0,0,0,0,0,0,0,0,0,0,0
AS16395,0,0,0,0,1,0,0,0,0,0,0,0,0,0,0,0,0,0,0,0
AS57463,0,0,0,0,1,0,0,0,0,0,0,0,0,0,0,0,0,0,0,0
AS53339,0,0,0,0,1,0,0,0,0,0,0,0,0,0,0,0,0,0,0,0
AS49638,0,0,0,0,1,0,0,0,0,0,0,0,0,0,0,0,0,0,0,0
AS37431,0,0,0,0,1,0,0,0,0,0,0,0,0,0,0,0,0,0,0,0
AS37474,0,0,0,0,1,0,0,0,0,0,0,0,0,0,0,0,0,0,0,0
AS198391,0,0,0,0,1,0,0,0,0,0,0,0,0,0,0,0,0,0,0,0
AS327821,0,0,0,0,1,0,0,0,0,0,0,0,0,0,0,0,0,0,0,0
AS39107,0,0,0,0,1,0,0,0,0,0,0,0,0,0,0,0,0,0,0,0
AS37700,0,0,0,0,1,0,0,0,0,0,0,0,0,0,0,0,0,0,0,0
AS37701,0,0,0,0,1,0,0,0,0,0,0,0,0,0,0,0,0,0,0,0
AS37699,0,0,0,0,1,0,0,0,0,0,0,0,0,0,0,0,0,0,0,0
AS37668,0,0,0,0,1,0,0,0,0,0,0,0,0,0,0,0,0,0,0,0
AS28681,0,0,0,0,1,0,0,0,0,0,0,0,0,0,0,0,0,0,0,0
AS136754,0,0,0,0,1,0,0,0,0,0,0,0,0,0,0,0,0,0,0,0
AS46210,0,0,0,0,1,0,0,0,0,0,0,0,0,0,0,0,0,0,0,0
AS14086,0,0,0,0,1,0,0,0,0,0,0,0,0,0,0,0,0,0,0,0
AS58137,0,0,0,0,1,0,0,0,0,0,0,0,0,0,0,0,0,0,0,0
AS60082,0,0,0,0,1,0,0,0,0,0,0,0,0,0,0,0,0,0,0,0
AS37776,0,0,0,0,1,0,0,0,0,0,0,0,0,0,0,0,0,0,0,0
AS23676,0,0,0,0,1,0,0,0,0,0,0,0,0,0,0,0,0,0,0,0
AS396515,0,0,0,0,1,0,0,0,0,0,0,0,0,0,0,0,0,0,0,0
AS17482,0,0,0,0,1,0,0,0,0,0,0,0,0,0,0,0,0,0,0,0
AS39160,0,0,0,0,1,0,0,0,0,0,0,0,0,0,0,0,0,0,0,0
AS27228,0,0,0,0,1,0,0,0,0,0,0,0,0,0,0,0,0,0,0,0
AS61600,0,0,0,0,1,0,0,0,0,0,0,0,0,0,0,0,0,0,0,0
AS139875,0,0,0,0,1,0,0,0,0,0,0,0,0,0,0,0,0,0,0,0
AS14694,0,0,0,0,1,0,0,0,0,0,0,0,0,0,0,0,0,0,0,0
AS139136,0,0,0,0,1,0,0,0,0,0,0,0,0,0,0,0,0,0,0,0
AS62866,0,0,0,0,1,0,0,0,0,0,0,0,0,0,0,0,0,0,0,0
AS50263,0,0,0,0,1,0,0,0,0,0,0,0,0,0,0,0,0,0,0,0
AS328998,0,0,0,0,1,0,0,0,0,0,0,0,0,0,0,0,0,0,0,0
AS18155,0,0,0,0,1,0,0,0,0,0,0,0,0,0,0,0,0,0,0,0
AS273575,0,0,0,0,1,0,0,0,0,0,0,0,0,0,0,0,0,0,0,0
AS56584,0,0,0,0,1,0,0,0,0,0,0,0,0,0,0,0,0,0,0,0
AS60812,0,0,0,0,1,0,0,0,0,0,0,0,0,0,0,0,0,0,0,0
AS152735,0,0,0,0,1,0,0,0,0,0,0,0,0,0,0,0,0,0,0,0
AS215157,0,0,0,0,1,0,0,0,0,0,0,0,0,0,0,0,0,0,0,0
AS214591,0,0,0,0,1,0,0,0,0,0,0,0,0,0,0,0,0,0,0,0
AS152063,0,0,0,0,1,0,0,0,0,0,0,0,0,0,0,0,0,0,0,0
AS52055,0,0,0,0,1,0,0,0,0,0,0,0,0,0,0,0,0,0,0,0
AS12684,0,0,0,0,1,0,0,0,0,0,0,0,0,0,0,0,0,0,0,0
AS6621,0,0,0,0,1,0,0,0,0,0,0,0,0,0,0,0,0,0,0,0
AS201935,0,0,0,0,1,0,0,0,0,0,0,0,0,0,0,0,0,0,0,0
AS9229,0,0,0,0,1,0,0,0,0,0,0,0,0,0,0,0,0,0,0,0
AS38456,0,0,0,0,1,0,0,0,0,0,0,0,0,0,0,0,0,0,0,0
AS26593,0,0,0,0,1,0,0,0,0,0,0,0,0,0,0,0,0,0,0,0
AS38891,0,0,0,0,1,0,0,0,0,0,0,0,0,0,0,0,0,0,0,0
AS63951,0,0,0,0,1,0,0,0,0,0,0,0,0,0,0,0,0,0,0,0
AS15802,0,0,0,0,1,0,1,0,0,0,0,0,0,0,0,0,0,0,0,0
AS15757,0,0,0,0,1,0,0,0,0,0,0,0,0,0,0,0,0,0,0,0
AS20764,0,0,0,0,1,0,0,0,0,0,0,0,0,0,0,0,0,0,0,0
AS37472,0,0,0,0,1,0,1,0,0,0,0,0,0,0,0,0,0,0,0,0
AS141721,0,0,0,0,1,0,0,0,0,0,0,0,0,0,0,0,0,0,0,0
AS9605,0,0,0,0,1,0,0,0,0,0,0,0,0,0,0,0,0,0,0,0
AS41697,0,0,0,0,1,0,0,0,0,0,0,0,0,0,0,0,0,0,0,0
AS9158,0,0,0,0,1,0,1,0,0,0,0,0,0,0,0,0,0,0,0,0
AS24499,0,0,0,0,1,0,1,0,0,0,0,0,0,0,0,0,0,0,0,0
AS328306,0,0,0,0,1,0,0,0,0,0,0,0,0,0,0,0,0,0,0,0
AS800,0,0,0,0,1,0,0,0,0,0,0,0,0,0,0,0,0,0,0,0
AS328724,0,0,0,0,1,0,0,0,0,0,0,0,0,0,0,0,0,0,0,0
AS395263,0,0,0,0,1,0,0,0,0,0,0,0,0,0,0,0,0,0,0,0
AS37463,0,0,0,0,1,0,0,0,0,0,0,0,0,0,0,0,0,0,0,0
AS29465,0,0,0,0,1,0,0,0,0,0,0,0,0,0,0,0,0,0,0,0
AS30992,0,0,0,0,1,0,0,0,0,0,0,0,0,0,0,0,0,0,0,0
AS16637,0,0,0,0,1,0,0,0,0,0,0,0,0,0,0,0,0,0,0,0
AS36962,0,0,0,0,1,0,0,0,0,0,0,0,0,0,0,0,0,0,0,0
AS132471,0,0,0,0,1,0,0,0,0,0,0,0,0,0,0,0,0,0,0,0
AS37424,0,0,0,0,1,0,0,0,0,0,0,0,0,0,0,0,0,0,0,0
AS36974,0,0,0,0,1,0,0,0,0,0,0,0,0,0,0,0,0,0,0,0
AS15805,0,0,0,0,1,0,0,0,0,0,0,0,0,0,0,0,0,0,0,0
AS36890,0,0,0,0,1,0,0,0,0,0,0,0,0,0,0,0,0,0,0,0
AS20294,0,0,0,0,1,0,0,0,0,0,0,0,0,0,0,0,0,0,0,0
AS27822,0,0,0,0,1,0,0,0,0,0,0,0,0,0,0,0,0,0,0,0
AS32806,0,0,0,0,1,0,0,0,0,0,0,0,0,0,0,0,0,0,0,0
AS27277,0,0,0,0,1,0,0,0,0,0,0,0,0,0,0,0,0,0,0,0
AS7474,0,0,0,0,1,0,1,0,0,0,0,0,0,0,0,0,0,0,0,0
AS6830,0,0,0,0,1,0,0,0,0,0,0,0,0,0,0,0,0,0,0,0
AS3491,0,0,0,0,1,0,0,0,0,0,0,0,0,0,0,0,0,0,0,0
AS6461,0,0,0,0,1,0,0,0,0,0,0,0,0,0,0,0,0,0,0,0
AS4809,0,0,0,0,1,0,1,0,0,0,0,0,0,0,0,0,0,0,0,0
AS4837,0,0,0,0,1,0,1,0,0,0,0,0,0,0,0,0,0,0,0,0
AS7473,0,0,0,0,1,0,1,0,0,0,0,0,0,0,0,0,0,0,0,0
AS6939,0,0,0,0,1,0,0,0,0,0,0,0,0,0,0,0,0,0,0,0
AS1273,0,0,0,0,1,0,0,0,0,0,0,0,0,0,0,0,0,0,0,0
AS2828,0,0,0,0,1,0,0,0,0,0,0,0,0,0,0,0,0,0,0,0
AS4637,0,0,0,0,1,0,0,0,0,0,0,0,0,0,0,0,0,0,0,0
AS11406,0,0,0,1,0,0,0,0,0,0,0,0,0,0,0,0,0,0,0,0
AS13348,0,0,0,1,0,0,0,0,0,0,0,0,0,0,0,0,0,0,0,0
AS10879,0,0,0,1,0,0,0,0,0,0,0,0,0,0,0,0,0,0,0,0
AS36092,0,0,0,1,0,0,0,0,0,0,0,0,0,0,0,0,0,0,0,0
AS328772,0,0,0,1,0,0,0,0,0,0,0,0,0,0,0,0,0,0,0,0
AS55366,0,0,0,1,0,0,0,0,0,0,0,0,0,0,0,0,0,0,0,0
AS132097,0,0,0,1,0,0,0,0,0,0,0,0,0,0,0,0,0,0,0,0
AS22593,0,0,0,1,0,0,0,0,0,0,0,0,0,0,0,0,0,0,0,0
AS45264,0,0,0,1,0,0,0,0,0,0,0,0,0,0,0,0,0,0,0,0
AS137938,0,0,0,1,0,0,0,0,0,0,0,0,0,0,0,0,0,0,0,0
AS33110,0,0,0,1,0,0,0,0,0,0,0,0,0,0,0,0,0,0,0,0
AS122,0,0,0,1,0,0,0,0,0,0,0,0,0,0,0,0,0,0,0,0
AS27370,0,0,0,0,0,0,1,0,0,0,0,0,0,0,0,0,0,0,0,0
AS132205,0,0,0,0,0,0,1,0,0,0,0,0,0,0,0,0,0,0,0,0
AS27202,0,0,0,0,0,0,1,0,0,0,0,0,0,0,0,0,0,0,0,0
AS23457,0,0,0,0,0,0,1,0,0,0,0,0,0,0,0,0,0,0,0,0
AS930,0,0,0,0,0,0,1,0,0,0,0,0,0,0,0,0,0,0,0,0
AS62022,0,0,0,0,0,0,1,0,0,0,0,0,0,0,0,0,0,0,0,0
AS397883,0,0,0,0,0,0,1,0,0,0,0,0,0,0,0,0,0,0,0,0
AS23038,0,0,0,0,0,0,1,0,0,0,0,0,0,0,0,0,0,0,0,0
AS36750,0,0,0,0,0,0,1,0,0,0,0,0,0,0,0,0,0,0,0,0
AS33515,0,0,0,0,0,0,1,0,0,0,0,0,0,0,0,0,0,0,0,0
AS62648,0,0,0,0,0,0,1,0,0,0,0,0,0,0,0,0,0,0,0,0
AS395627,0,0,0,0,0,0,1,0,0,0,0,0,0,0,0,0,0,0,0,0
AS400512,0,0,0,0,0,0,1,0,0,0,0,0,0,0,0,0,0,0,0,0
AS32365,0,0,0,0,0,0,1,0,0,0,0,0,0,0,0,0,0,0,0,0
AS394366,0,0,0,0,0,0,1,0,0,0,0,0,0,0,0,0,0,0,0,0
AS3401,0,0,0,0,0,0,1,0,0,0,0,0,0,0,0,0,0,0,0,0
AS46692,0,0,0,0,0,0,1,0,0,0,0,0,0,0,0,0,0,0,0,0
AS46590,0,0,0,0,0,0,1,0,0,0,0,0,0,0,0,0,0,0,0,0
AS15562,0,0,1,0,0,0,0,0,0,0,0,0,0,0,0,0,0,0,0,0
AS269906,0,0,0,0,1,0,0,0,0,0,0,0,0,0,0,0,0,0,0,0
AS52373,0,0,0,0,1,0,0,0,0,0,0,0,0,0,0,0,0,0,0,0
AS269766,0,0,0,0,0,0,1,0,0,0,0,0,0,0,0,0,0,0,0,0
AS267816,0,0,0,0,0,0,1,0,0,0,0,0,0,0,0,0,0,0,0,0
AS270044,0,0,0,0,1,0,1,0,0,0,0,0,0,0,0,0,0,0,0,0
AS263791,0,0,0,0,1,0,1,0,0,0,0,0,0,0,0,0,0,0,0,0
AS264808,0,0,0,0,0,0,1,0,0,0,0,0,0,0,0,0,0,0,0,0
AS263774,0,0,0,0,1,0,1,0,0,0,0,0,0,0,0,0,0,0,0,0
AS262222,0,0,0,0,0,0,1,0,0,0,0,0,0,0,0,0,0,0,0,0
AS267820,0,0,0,0,1,0,1,0,0,0,0,0,0,0,0,0,0,0,0,0
AS265687,0,0,0,0,1,0,1,0,0,0,0,0,0,0,0,0,0,0,0,0
AS264848,0,0,0,0,0,0,1,0,0,0,0,0,0,0,0,0,0,0,0,0
AS52293,0,0,0,0,0,0,1,0,0,0,0,0,0,0,0,0,0,0,0,0
AS266768,0,0,0,0,1,0,0,0,0,0,0,0,0,0,0,0,0,0,0,0
AS7195,0,0,0,0,1,0,0,0,0,0,0,0,0,0,0,0,0,0,0,0
AS21738,0,0,0,0,1,0,0,0,0,0,0,0,0,0,0,0,0,0,0,0
AS47152,0,0,0,0,1,0,1,0,0,0,0,0,0,0,0,0,0,0,0,0
AS34927,0,0,0,0,1,0,0,0,0,0,0,0,0,0,0,0,0,0,0,0
AS41095,0,0,0,0,1,0,0,0,0,0,0,0,0,0,0,0,0,0,0,0
AS1239,0,0,0,0,1,0,0,0,0,0,0,0,0,0,0,0,0,0,0,0
AS286,0,0,0,0,1,0,0,0,0,0,0,0,0,0,0,0,0,0,0,0
AS7713,0,0,0,0,1,0,1,0,0,0,0,0,0,0,0,0,0,0,0,0
AS34549,0,0,0,0,1,0,0,0,0,0,0,0,0,0,0,0,0,0,0,0
AS4766,0,0,0,0,1,0,0,0,0,0,0,0,0,0,0,0,0,0,0,0
AS2497,0,0,0,0,1,0,0,0,0,0,0,0,0,0,0,0,0,0,0,0
AS2516,0,0,0,0,1,0,0,0,0,0,0,0,0,0,0,0,0,0,0,0
AS23947,0,0,0,0,1,0,0,0,0,0,0,0,0,0,0,0,0,0,0,0
AS3462,0,0,0,0,1,0,0,0,0,0,0,0,0,0,0,0,0,0,0,0
AS38930,0,0,0,0,1,0,0,0,0,0,0,0,0,0,0,0,0,0,0,0
AS33891,0,0,0,0,1,0,0,0,0,0,0,0,0,0,0,0,0,0,0,0
AS41327,0,0,0,0,1,0,0,0,0,0,0,0,0,0,0,0,0,0,0,0
AS24482,0,0,0,0,1,0,0,0,0,0,0,0,0,0,0,0,0,0,0,0
AS9121,0,0,0,0,1,0,0,0,0,0,0,0,0,0,0,0,0,0,0,0
AS6663,0,0,0,0,1,0,0,0,0,0,0,0,0,0,0,0,0,0,0,0
AS63644,0,0,0,1,0,0,1,0,0,0,0,0,0,0,0,0,0,0,0,0
AS17676,0,0,0,0,1,0,0,0,0,0,0,0,0,0,0,0,0,0,0,0
AS394741,0,1,0,0,0,0,0,0,0,0,0,0,0,0,0,0,0,0,0,0
AS61690,0,1,0,0,0,0,0,0,0,0,0,0,0,0,0,0,0,0,0,0
AS60813,0,1,0,0,0,0,0,0,0,0,0,0,0,0,0,0,0,0,0,0
AS61513,0,1,0,0,0,0,0,0,0,0,0,0,0,0,0,0,0,0,0,0
AS60290,0,1,0,0,0,0,0,0,0,0,0,0,0,0,0,0,0,0,0,0
AS41708,0,1,0,0,0,0,0,0,0,0,0,0,0,0,0,0,0,0,0,0
AS35519,0,1,0,0,0,0,0,0,0,0,0,0,0,0,0,0,0,0,0,0
AS328440,0,1,0,0,0,0,0,0,0,0,0,0,0,0,0,0,0,0,0,0
AS328283,0,1,0,0,0,0,0,0,0,0,0,0,0,0,0,0,0,0,0,0
AS328274,0,1,0,0,0,0,0,0,0,0,0,0,0,0,0,0,0,0,0,0
AS328273,0,1,0,0,0,0,0,0,0,0,0,0,0,0,0,0,0,0,0,0
AS328165,0,1,0,0,0,0,0,0,0,0,0,0,0,0,0,0,0,0,0,0
AS28672,0,1,0,0,0,0,0,0,0,0,0,0,0,0,0,0,0,0,0,0
AS28631,0,1,0,0,0,0,0,0,0,0,0,0,0,0,0,0,0,0,0,0
AS28586,0,1,0,0,0,0,0,0,0,0,0,0,0,0,0,0,0,0,0,0
AS28304,0,1,0,0,0,0,0,0,0,0,0,0,0,0,0,0,0,0,0,0
AS28248,0,1,0,0,0,0,0,0,0,0,0,0,0,0,0,0,0,0,0,0
AS28196,0,1,0,0,0,0,0,0,0,0,0,0,0,0,0,0,0,0,0,0
AS28112,0,1,0,0,0,0,0,0,0,0,0,0,0,0,0,0,0,0,0,0
AS28074,0,1,0,0,0,0,0,0,0,0,0,0,0,0,0,0,0,0,0,0
AS28070,0,1,0,0,0,0,0,0,0,0,0,0,0,0,0,0,0,0,0,0
AS28069,0,1,0,0,0,0,0,0,0,0,0,0,0,0,0,0,0,0,0,0
AS28059,0,1,0,0,0,0,0,0,0,0,0,0,0,0,0,0,0,0,0,0
AS28055,0,1,0,0,0,0,0,0,0,0,0,0,0,0,0,0,0,0,0,0
AS28035,0,1,0,0,0,0,0,0,0,0,0,0,0,0,0,0,0,0,0,0
AS28033,0,1,0,0,0,0,0,0,0,0,0,0,0,0,0,0,0,0,0,0
AS28012,0,1,0,0,0,0,0,0,0,0,0,0,0,0,0,0,0,0,0,0
AS27999,0,1,0,0,0,0,0,0,0,0,0,0,0,0,0,0,0,0,0,0
AS27957,0,1,0,0,0,0,0,0,0,0,0,0,0,0,0,0,0,0,0,0
AS27910,0,1,0,0,0,0,0,0,0,0,0,0,0,0,0,0,0,0,0,0
AS27905,0,1,0,0,0,0,0,0,0,0,0,0,0,0,0,0,0,0,0,0
AS27862,0,1,0,0,0,0,0,0,0,0,0,0,0,0,0,0,0,0,0,0
AS27812,0,1,0,0,0,0,0,0,0,0,0,0,0,0,0,0,0,0,0,0
AS27811,0,1,0,0,0,0,0,0,0,0,0,0,0,0,0,0,0,0,0,0
AS27785,0,1,0,0,0,0,0,0,0,0,0,0,0,0,0,0,0,0,0,0
AS27764,0,1,0,0,0,0,0,0,0,0,0,0,0,0,0,0,0,0,0,0
AS27687,0,1,0,0,0,0,0,0,0,0,0,0,0,0,0,0,0,0,0,0
AS27649,0,1,0,0,0,0,0,0,0,0,0,0,0,0,0,0,0,0,0,0
AS274010,0,1,0,0,0,0,0,0,0,0,0,0,0,0,0,0,0,0,0,0
AS273987,0,1,0,0,0,0,0,0,0,0,0,0,0,0,0,0,0,0,0,0
AS273749,0,1,0,0,0,0,0,0,0,0,0,0,0,0,0,0,0,0,0,0
AS273688,0,1,0,0,0,0,0,0,0,0,0,0,0,0,0,0,0,0,0,0
AS273513,0,1,0,0,0,0,0,0,0,0,0,0,0,0,0,0,0,0,0,0
AS273038,0,1,0,0,0,0,0,0,0,0,0,0,0,0,0,0,0,0,0,0
AS265859,0,1,0,0,0,0,0,0,0,0,0,0,0,0,0,0,0,0,0,0
AS265807,0,1,0,0,0,0,0,0,0,0,0,0,0,0,0,0,0,0,0,0
AS13774,0,1,0,0,0,0,0,0,0,0,0,0,0,0,0,0,0,0,0,0
AS26599,0,0,0,0,1,0,0,0,0,0,0,0,0,0,0,0,0,0,0,0
AS22394,0,0,0,0,1,0,0,0,0,0,0,0,0,0,0,0,0,0,0,0
AS4713,0,0,0,0,1,0,0,0,0,0,0,0,0,0,0,0,0,0,0,0
AS6713,0,0,0,0,1,0,1,0,0,0,0,0,0,0,0,0,0,0,0,0
AS26611,0,0,0,0,1,0,0,0,0,0,0,0,0,0,0,0,0,0,0,0
AS37069,0,0,0,0,1,0,0,0,0,0,0,0,0,0,0,0,0,0,0,0
AS36992,0,0,0,0,1,0,1,0,0,0,0,0,0,0,0,0,0,0,0,0
AS20057,0,0,0,0,1,0,0,0,0,0,0,0,0,0,0,0,0,0,0,0
AS9644,0,0,0,0,1,0,0,0,0,0,0,0,0,0,0,0,0,0,0,0
AS197207,0,0,0,0,1,0,1,0,0,0,0,0,0,0,0,0,0,0,0,0
AS15557,0,0,0,0,1,0,0,0,0,0,0,0,0,0,0,0,0,0,0,0
AS12322,0,0,0,0,1,0,0,0,0,0,0,0,0,0,0,0,0,0,0,0
AS12430,0,0,0,0,1,0,0,0,0,0,0,0,0,0,0,0,0,0,0,0
AS35819,0,0,0,0,1,0,0,0,0,0,0,0,0,0,0,0,0,0,0,0
AS6057,0,0,0,0,1,0,1,0,0,0,0,0,0,0,0,0,0,0,0,0
AS37468,0,0,0,0,1,0,1,0,0,0,0,0,0,0,0,0,0,0,0,0
AS9498,0,0,0,0,1,0,0,0,0,0,0,0,0,0,0,0,0,0,0,0
AS3216,0,0,0,0,1,0,0,0,0,0,0,0,0,0,0,0,0,0,0,0
AS397276,0,0,0,0,0,0,1,0,0,0,0,0,0,0,0,0,0,0,0,0
AS269861,0,0,0,0,0,0,1,0,0,0,0,0,0,0,0,0,0,0,0,0
AS17172,0,0,0,0,0,0,1,0,0,0,0,0,0,0,0,0,0,0,0,0
AS61569,0,0,0,0,0,0,1,0,0,0,0,0,0,0,0,0,0,0,0,0
AS53159,0,0,0,0,0,0,1,0,0,0,0,0,0,0,0,0,0,0,0,0
AS52996,0,0,0,0,0,0,1,0,0,0,0,0,0,0,0,0,0,0,0,0
AS52867,0,0,0,0,0,0,1,0,0,0,0,0,0,0,0,0,0,0,0,0
AS52649,0,0,0,0,0,0,1,0,0,0,0,0,0,0,0,0,0,0,0,0
AS52628,0,0,0,0,0,0,1,0,0,0,0,0,0,0,0,0,0,0,0,0
AS52622,0,0,0,0,0,0,1,0,0,0,0,0,0,0,0,0,0,0,0,0
AS52569,0,0,0,0,0,0,1,0,0,0,0,0,0,0,0,0,0,0,0,0
AS274670,0,0,0,0,0,0,1,0,0,0,0,0,0,0,0,0,0,0,0,0
AS273641,0,0,0,0,0,0,1,0,0,0,0,0,0,0,0,0,0,0,0,0
AS273395,0,0,0,0,0,0,1,0,0,0,0,0,0,0,0,0,0,0,0,0
AS272576,0,0,0,0,0,0,1,0,0,0,0,0,0,0,0,0,0,0,0,0
AS272215,0,0,0,0,0,0,1,0,0,0,0,0,0,0,0,0,0,0,0,0
AS271213,0,0,0,0,0,0,1,0,0,0,0,0,0,0,0,0,0,0,0,0
AS270681,0,0,0,0,0,0,1,0,0,0,0,0,0,0,0,0,0,0,0,0
AS269209,0,0,0,0,0,0,1,0,0,0,0,0,0,0,0,0,0,0,0,0
AS268639,0,0,0,0,0,0,1,0,0,0,0,0,0,0,0,0,0,0,0,0
AS268441,0,0,0,0,0,0,1,0,0,0,0,0,0,0,0,0,0,0,0,0
AS268293,0,0,0,0,0,0,1,0,0,0,0,0,0,0,0,0,0,0,0,0
AS268178,0,0,0,0,0,0,1,0,0,0,0,0,0,0,0,0,0,0,0,0
AS268014,0,0,0,0,0,0,1,0,0,0,0,0,0,0,0,0,0,0,0,0
AS267626,0,0,0,0,0,0,1,0,0,0,0,0,0,0,0,0,0,0,0,0
AS267534,0,0,0,0,0,0,1,0,0,0,0,0,0,0,0,0,0,0,0,0
AS267525,0,0,0,0,0,0,1,0,0,0,0,0,0,0,0,0,0,0,0,0
AS267509,0,0,0,0,0,0,1,0,0,0,0,0,0,0,0,0,0,0,0,0
AS267485,0,0,0,0,0,0,1,0,0,0,0,0,0,0,0,0,0,0,0,0
AS267230,0,0,0,0,0,0,1,0,0,0,0,0,0,0,0,0,0,0,0,0
AS267001,0,0,0,0,0,0,1,0,0,0,0,0,0,0,0,0,0,0,0,0
AS266432,0,0,0,0,0,0,1,0,0,0,0,0,0,0,0,0,0,0,0,0
AS266411,0,0,0,0,0,0,1,0,0,0,0,0,0,0,0,0,0,0,0,0
AS266068,0,0,0,0,0,0,1,0,0,0,0,0,0,0,0,0,0,0,0,0
AS265939,0,0,0,0,0,0,1,0,0,0,0,0,0,0,0,0,0,0,0,0
AS265449,0,0,0,0,0,0,1,0,0,0,0,0,0,0,0,0,0,0,0,0
AS265431,0,0,0,0,0,0,1,0,0,0,0,0,0,0,0,0,0,0,0,0
AS265212,0,0,0,0,0,0,1,0,0,0,0,0,0,0,0,0,0,0,0,0
AS63281,0,0,0,0,0,0,1,0,0,0,0,0,0,0,0,0,0,0,0,0
AS397480,0,0,0,0,0,0,1,0,0,0,0,0,0,0,0,0,0,0,0,0
AS55057,0,0,0,0,0,0,1,0,0,0,0,0,0,0,0,0,0,0,0,0
AS399957,0,0,0,0,0,0,1,0,0,0,0,0,0,0,0,0,0,0,0,0
AS398118,0,0,0,0,0,0,1,0,0,0,0,0,0,0,0,0,0,0,0,0
AS3924,0,0,0,0,0,0,1,0,0,0,0,0,0,0,0,0,0,0,0,0
AS32099,0,0,0,0,0,0,1,0,0,0,0,0,0,0,0,0,0,0,0,0
AS54949,0,0,0,0,0,0,1,0,0,0,0,0,0,0,0,0,0,0,0,0
AS3495,0,0,0,0,0,0,1,0,0,0,0,0,0,0,0,0,0,0,0,0
AS22178,0,0,0,0,0,0,1,0,0,0,0,0,0,0,0,0,0,0,0,0
AS263816,0,0,0,0,0,0,1,0,0,0,0,0,0,0,0,0,0,0,0,0
AS28629,0,0,0,0,0,0,1,0,0,0,0,0,0,0,0,0,0,0,0,0
AS271961,0,0,0,0,0,0,1,0,0,0,0,0,0,0,0,0,0,0,0,0
AS264670,0,0,0,0,0,0,1,0,0,0,0,0,0,0,0,0,0,0,0,0
AS208789,0,0,0,0,0,0,1,0,0,0,0,0,0,0,0,0,0,0,0,0
AS35006,0,0,0,0,0,0,1,0,0,0,0,0,0,0,0,0,0,0,0,0
AS10897,0,0,0,0,0,0,1,0,0,0,0,0,0,0,0,0,0,0,0,0
AS52608,0,0,0,0,0,0,1,0,0,0,0,0,0,0,0,0,0,0,0,0
AS266407,0,0,0,0,0,0,1,0,0,0,0,0,0,0,0,0,0,0,0,0
AS54811,0,1,0,0,0,0,0,0,0,0,0,0,0,0,0,0,0,0,0,0
AS54715,0,1,0,0,0,0,0,0,0,0,0,0,0,0,0,0,0,0,0,0
AS54572,0,1,0,0,0,0,0,0,0,0,0,0,0,0,0,0,0,0,0,0
AS54263,0,1,0,0,0,0,0,0,0,0,0,0,0,0,0,0,0,0,0,0
AS54136,0,1,0,0,0,0,0,0,0,0,0,0,0,0,0,0,0,0,0,0
AS49329,0,1,0,0,0,0,0,0,0,0,0,0,0,0,0,0,0,0,0,0
AS33584,0,1,0,0,0,0,0,0,0,0,0,0,0,0,0,0,0,0,0,0
AS32568,0,1,0,0,0,0,0,0,0,0,0,0,0,0,0,0,0,0,0,0
AS22246,0,1,0,0,0,0,0,0,0,0,0,0,0,0,0,0,0,0,0,0
AS206627,0,1,0,0,0,0,0,0,0,0,0,0,0,0,0,0,0,0,0,0
AS20309,0,1,0,0,0,0,0,0,0,0,0,0,0,0,0,0,0,0,0,0
AS19069,0,1,0,0,0,0,0,0,0,0,0,0,0,0,0,0,0,0,0,0
AS16115,0,1,0,0,0,0,0,0,0,0,0,0,0,0,0,0,0,0,0,0
AS14495,0,1,0,0,0,0,0,0,0,0,0,0,0,0,0,0,0,0,0,0
AS13836,0,1,0,0,0,0,0,0,0,0,0,0,0,0,0,0,0,0,0,0
AS133017,0,1,0,0,0,0,0,0,0,0,0,0,0,0,0,0,0,0,0,0
AS12740,0,1,0,0,0,0,0,0,0,0,0,0,0,0,0,0,0,0,0,0
AS11952,0,1,0,0,0,0,0,0,0,0,0,0,0,0,0,0,0,0,0,0
AS11723,0,1,0,0,0,0,0,0,0,0,0,0,0,0,0,0,0,0,0,0
AS61268,0,1,0,0,0,0,0,0,0,0,0,0,0,0,0,0,0,0,0,0
AS49104,0,1,0,0,0,0,0,0,0,0,0,0,0,0,0,0,0,0,0,0
AS49090,0,1,0,0,0,0,0,0,0,0,0,0,0,0,0,0,0,0,0,0
AS37565,0,1,0,0,0,0,0,0,0,0,0,0,0,0,0,0,0,0,0,0
AS328645,0,1,0,0,0,0,0,0,0,0,0,0,0,0,0,0,0,0,0,0
AS29575,0,1,0,0,0,0,0,0,0,0,0,0,0,0,0,0,0,0,0,0
AS24190,0,1,0,0,0,0,0,0,0,0,0,0,0,0,0,0,0,0,0,0
AS215094,0,1,0,0,0,0,0,0,0,0,0,0,0,0,0,0,0,0,0,0
AS211081,0,1,0,0,0,0,0,0,0,0,0,0,0,0,0,0,0,0,0,0
AS207524,0,1,0,0,0,0,0,0,0,0,0,0,0,0,0,0,0,0,0,0
AS207511,0,1,0,0,0,0,0,0,0,0,0,0,0,0,0,0,0,0,0,0
AS4788,0,0,0,0,1,0,1,0,0,0,0,0,0,0,0,0,0,0,0,0
AS52468,0,0,0,0,1,0,0,0,0,0,0,0,0,0,0,0,0,0,0,0
AS30844,0,0,0,0,1,0,0,0,0,0,0,0,0,0,0,0,0,0,0,0
AS8529,0,0,0,0,1,0,1,0,0,0,0,0,0,0,0,0,0,0,0,0
AS7738,0,0,0,0,1,0,0,0,0,0,0,0,0,0,0,0,0,0,0,0
AS37662,0,0,0,0,1,0,0,0,0,0,0,0,0,0,0,0,0,0,0,0
AS23520,0,0,0,0,1,0,0,0,0,0,0,0,0,0,0,0,0,0,0,0
AS37613,0,0,0,0,1,0,0,0,0,0,0,0,0,0,0,0,0,0,0,0
AS327708,0,0,0,0,1,0,0,0,0,0,0,0,0,0,0,0,0,0,0,0
AS8966,0,0,0,0,1,0,1,0,0,0,0,0,0,0,0,0,0,0,0,0
AS5713,0,0,0,0,1,0,1,0,0,0,0,0,0,0,0,0,0,0,0,0
AS37100,0,0,0,0,1,0,0,0,0,0,0,0,0,0,0,0,0,0,0,0
AS3549,0,0,0,0,1,0,0,0,0,0,0,0,0,0,0,0,0,0,0,0
AS39386,0,0,0,0,1,0,1,0,0,0,0,0,0,0,0,0,0,0,0,0
AS31133,0,0,0,0,1,0,0,0,0,0,0,0,0,0,0,0,0,0,0,0
AS52803,0,0,0,0,1,0,0,0,0,0,0,0,0,0,0,0,0,0,0,0
AS22093,0,0,0,1,0,0,0,0,0,0,0,0,0,0,0,0,0,0,0,0
AS10050,1,0,0,0,0,0,0,0,0,0,0,0,0,0,0,0,0,0,0,0
AS10055,0,0,0,0,0,0,1,0,1,0,0,0,0,0,0,0,0,0,0,0
AS10166,0,0,0,0,0,0,1,0,0,1,0,0,0,0,0,0,0,0,0,0
AS1030,0,0,0,0,1,0,0,0,0,0,0,0,0,0,0,0,0,0,0,0
AS10405,0,0,0,0,0,0,0,0,1,0,0,0,0,0,0,0,0,0,0,0
AS10747,0,0,0,0,1,0,0,0,0,0,0,0,0,0,0,0,0,0,0,0
AS109,0,0,0,0,1,1,0,0,0,0,0,0,0,0,0,0,0,0,0,0
AS10906,0,0,0,0,1,0,0,0,0,0,0,0,0,0,0,0,0,0,0,0
AS11284,0,0,0,0,1,0,0,0,0,0,0,0,0,0,0,0,0,0,0,0
AS11431,0,0,0,0,1,0,0,0,0,0,0,0,0,0,0,0,0,0,0,0
AS11529,0,0,0,0,0,0,1,0,0,1,0,0,0,0,0,0,0,0,0,0
AS11643,0,0,0,0,0,0,0,1,0,0,0,0,0,0,0,0,0,0,0,0
AS11644,0,0,0,0,1,0,0,0,0,0,0,0,0,0,0,0,0,0,0,0
AS11888,0,0,0,0,1,0,0,0,0,0,0,0,0,0,0,0,0,0,0,0
AS12008,0,0,0,0,1,0,0,0,0,0,0,0,0,0,0,0,0,0,0,0
AS12136,0,0,0,0,1,0,0,0,0,0,0,0,0,0,0,0,0,0,0,0
AS12196,0,0,0,0,0,0,0,1,0,0,0,0,0,0,0,0,0,0,0,0
AS12269,0,0,0,0,0,0,0,1,0,0,0,0,0,0,0,0,0,0,0,0
AS125,0,0,0,0,1,1,0,0,0,0,0,0,0,0,0,0,0,0,0,0
AS13057,0,0,0,0,0,0,0,0,1,0,0,0,0,0,0,0,0,0,0,0
AS131486,0,0,0,0,1,0,0,1,1,0,0,0,0,0,0,0,0,0,0,0
AS131820,0,0,0,0,0,0,0,0,1,0,0,0,0,0,0,0,0,0,0,0
AS131931,0,0,0,0,1,0,0,0,0,0,0,0,0,0,0,0,0,0,0,0
AS131944,0,0,0,0,1,0,0,0,0,0,0,0,0,0,0,0,0,0,0,0
AS132048,0,0,0,0,1,0,0,0,0,0,0,0,0,0,0,0,0,0,0,0
AS132203,0,0,0,0,1,0,0,0,0,0,0,0,0,0,0,0,0,0,0,0
AS132221,0,0,0,0,1,0,0,0,0,0,0,0,0,0,0,0,0,0,0,0
AS132394,0,0,0,0,1,0,0,0,0,0,0,0,0,0,0,0,0,0,0,0
AS132425,0,0,0,0,1,0,0,0,0,0,0,0,0,0,0,0,0,0,0,0
AS132825,0,0,0,0,0,0,0,1,0,0,0,0,0,0,0,0,0,0,0,0
AS132978,0,0,0,0,1,0,0,0,0,0,0,0,0,0,0,0,0,0,0,0
AS13302,0,0,0,0,1,0,0,0,0,0,0,0,0,0,0,0,0,0,0,0
AS133217,0,1,0,0,1,0,0,0,0,0,0,0,0,0,0,0,0,0,0,0
AS133253,0,0,0,0,1,0,0,0,0,0,0,0,0,0,0,0,0,0,0,0
AS13335,0,0,0,0,1,0,0,0,0,0,0,0,0,0,0,0,0,0,0,0
AS133616,0,0,0,0,1,0,0,0,0,0,0,0,0,0,0,0,0,0,0,0
AS133869,0,0,0,0,1,0,0,0,0,0,0,0,0,0,0,0,0,0,0,0
AS134138,0,0,0,0,1,0,0,0,0,0,0,0,0,0,0,0,0,0,0,0
AS13424,0,0,0,0,1,0,0,0,0,0,0,0,0,0,0,0,0,0,0,0
AS135228,0,0,0,0,1,0,0,0,0,0,0,0,0,0,0,0,0,0,0,0
AS135301,0,0,0,0,1,0,0,0,0,0,0,0,0,0,0,0,0,0,0,0
AS135378,0,1,0,0,0,0,0,0,0,0,0,0,0,0,0,0,0,0,0,0
AS135629,0,0,0,0,1,0,0,0,0,0,0,0,0,0,0,0,0,0,0,0
AS135655,0,0,0,0,0,0,0,0,0,1,0,0,0,0,0,0,0,0,0,0
AS136907,0,0,0,0,1,0,0,0,0,0,0,0,0,0,0,0,0,0,0,0
AS137087,0,0,0,0,1,0,0,0,0,0,0,0,0,0,0,0,0,0,0,0
AS137280,0,0,0,0,1,0,0,0,0,0,0,0,0,0,0,0,0,0,0,0
AS137753,0,0,0,0,1,0,0,1,1,0,0,0,0,0,0,0,0,0,0,0
AS13781,0,0,0,0,1,0,0,0,0,1,0,0,0,0,0,0,0,0,0,0
AS138040,0,0,0,0,1,0,0,0,0,0,0,0,0,0,0,0,0,0,0,0
AS138456,0,0,0,0,1,0,0,0,0,0,0,0,0,0,0,0,0,0,0,0
AS138654,0,0,0,0,0,1,0,0,0,0,0,0,0,0,0,0,0,0,0,0
AS138699,0,0,0,0,1,0,0,0,0,0,0,0,0,0,0,0,0,0,0,0
AS13884,0,0,0,0,1,0,0,0,0,0,0,0,0,0,0,0,0,0,0,0
AS139174,0,0,0,0,0,1,0,0,1,0,0,0,0,0,0,0,0,0,0,0
AS139175,0,0,0,0,0,1,0,0,1,0,0,0,0,0,0,0,0,0,0,0
AS139876,0,0,0,0,0,0,0,0,1,0,0,0,0,0,0,0,0,0,0,0
AS14061,0,0,0,0,1,0,0,0,0,0,0,0,0,0,0,0,0,0,0,0
AS141180,0,0,0,0,1,0,0,0,0,0,0,0,0,0,0,0,0,0,0,0
AS141362,0,0,0,0,1,0,0,0,0,0,0,0,0,0,0,0,0,0,0,0
AS141617,0,1,0,0,0,0,0,0,0,0,0,0,0,0,0,0,0,0,0,0
AS141773,0,0,0,0,1,0,0,0,0,0,0,0,0,0,0,0,0,0,0,0
AS142596,0,0,0,0,1,0,0,0,0,0,0,0,0,0,0,0,0,0,0,0
AS14502,0,0,0,0,0,0,0,0,1,0,0,0,0,0,0,0,0,0,0,0
AS14509,1,0,0,0,1,0,0,0,0,0,0,0,0,0,0,0,0,0,0,0
AS14618,0,1,0,0,1,1,0,1,1,0,0,0,0,0,0,0,0,0,0,0
AS14627,0,0,0,0,1,0,0,0,0,0,0,0,0,0,0,0,0,0,0,0
AS14650,0,0,0,0,1,0,0,0,0,0,0,0,0,0,0,0,0,0,0,0
AS147152,0,0,0,0,1,0,0,0,0,0,0,0,0,0,0,0,0,0,0,0
AS149353,0,0,0,0,1,0,0,0,0,0,0,0,0,0,0,0,0,0,0,0
AS149640,0,0,0,0,1,0,0,0,0,0,0,0,0,0,0,0,0,0,0,0
AS149771,0,0,0,0,1,0,0,0,0,0,0,0,0,0,0,0,0,0,0,0
AS15033,1,0,0,0,0,0,0,0,0,0,0,0,0,0,0,0,0,0,0,0
AS150570,0,0,0,0,1,0,0,0,0,0,0,0,0,0,0,0,0,0,0,0
AS150686,0,0,0,0,0,0,1,0,1,0,0,0,0,0,0,0,0,0,0,0
AS15072,0,0,0,0,1,0,0,0,0,0,0,0,0,0,0,0,0,0,0,0
AS15133,0,0,0,0,1,0,0,0,0,0,0,0,0,0,0,0,0,0,0,0
AS151334,0,0,0,0,0,0,1,0,0,0,0,0,0,0,0,0,0,0,0,0
AS151358,0,1,0,0,0,0,0,0,0,0,0,0,0,0,0,0,0,0,0,0
AS15169,0,0,0,0,1,0,0,0,0,0,0,0,0,0,0,0,0,0,0,0
AS151704,0,0,0,0,1,0,0,0,0,0,0,0,0,0,0,0,0,0,0,0
AS152080,0,0,0,0,1,0,0,0,0,0,0,0,0,0,0,0,0,0,0,0
AS152302,0,0,0,0,0,0,1,0,0,0,0,0,0,0,0,0,0,0,0,0
AS15319,0,0,0,0,0,0,0,0,1,0,0,0,0,0,0,0,0,0,0,0
AS15423,0,0,0,0,0,0,0,0,1,0,0,0,0,0,0,0,0,0,0,0
AS15497,0,0,0,0,1,0,0,0,0,0,0,0,0,0,0,0,0,0,0,0
AS15937,0,0,0,0,0,0,1,0,0,0,0,0,0,0,0,0,0,0,0,0
AS15966,0,0,0,0,1,0,0,0,0,0,0,0,0,0,0,0,0,0,0,0
AS16276,0,0,0,0,1,0,0,0,0,0,0,0,0,0,0,0,0,0,0,0
AS16509,0,0,0,0,1,0,0,1,0,0,0,0,0,0,0,0,0,0,0,0
AS16532,0,0,0,0,1,0,0,0,0,0,0,0,0,0,0,0,0,0,0,0
AS16552,0,0,0,0,1,0,0,0,0,0,0,0,0,0,0,0,0,0,0,0
AS16591,0,0,0,0,1,0,0,0,0,0,0,0,0,0,0,0,0,0,0,0
AS16684,0,0,0,0,0,0,0,0,1,0,0,0,0,0,0,0,0,0,0,0
AS16686,0,0,0,0,1,0,0,0,0,0,0,0,0,0,0,0,0,0,0,0
AS17139,0,0,0,0,1,0,0,0,0,0,0,0,0,0,0,0,0,0,0,0
AS17374,0,0,0,0,0,0,0,1,0,0,0,0,0,0,0,0,0,0,0,0
AS17390,0,0,0,0,1,0,0,0,0,0,0,0,0,0,0,0,0,0,0,0
AS17516,0,0,0,0,1,0,0,0,0,0,0,0,0,0,0,0,0,0,0,0
AS18041,0,0,0,0,1,0,0,0,0,0,0,0,0,0,0,0,0,0,0,0
AS18241,0,0,0,0,0,0,0,0,0,1,0,0,0,0,0,0,0,0,0,0
AS1828,0,0,0,0,1,0,0,0,0,0,0,0,0,0,0,0,0,0,0,0
AS18300,0,0,0,0,0,0,1,0,0,1,0,0,0,0,0,0,0,0,0,0
AS18568,0,0,0,0,1,0,0,0,0,0,0,0,0,0,0,0,0,0,0,0
AS18733,1,0,0,0,1,0,0,0,0,0,0,0,0,0,0,0,0,0,0,0
AS18779,0,0,0,0,1,0,0,0,0,0,0,0,0,0,0,0,0,0,0,0
AS19527,0,0,0,0,1,0,0,0,0,0,0,0,0,0,0,0,0,0,0,0
AS19551,0,0,0,0,1,0,0,0,0,0,0,0,0,0,0,0,0,0,0,0
AS196745,0,0,0,0,1,0,0,0,0,0,0,0,0,0,0,0,0,0,0,0
AS197131,0,0,0,0,1,0,0,0,0,0,0,0,0,0,0,0,0,0,0,0
AS197795,0,0,0,0,1,0,0,0,0,0,0,0,0,0,0,0,0,0,0,0
AS198184,0,0,0,0,1,0,0,0,0,0,0,0,0,0,0,0,0,0,0,0
AS198468,0,0,0,0,1,0,0,0,0,0,0,0,0,0,0,0,0,0,0,0
AS198647,0,0,0,0,0,0,0,0,1,0,0,0,0,0,0,0,0,0,0,0
AS198831,0,0,0,0,1,0,0,0,0,0,0,0,0,0,0,0,0,0,0,0
AS199064,0,0,0,0,1,0,0,0,0,0,0,0,0,0,0,0,0,0,0,0
AS199364,0,0,0,0,1,0,0,0,0,0,0,0,0,0,0,0,0,0,0,0
AS199976,0,0,0,0,1,0,0,0,0,0,0,0,0,0,0,0,0,0,0,0
AS200052,0,0,0,0,1,0,0,0,0,0,0,0,0,0,0,0,0,0,0,0
AS200303,0,0,0,0,1,0,0,0,0,0,0,0,0,0,0,0,0,0,0,0
AS200325,0,0,0,0,1,0,0,0,0,0,0,0,0,0,0,0,0,0,0,0
AS200350,0,0,0,0,1,0,0,0,0,0,0,0,0,0,0,0,0,0,0,0
AS200777,0,0,0,0,1,0,1,0,0,0,0,0,0,0,0,0,0,0,0,0
AS201026,0,0,0,0,0,0,0,1,0,0,0,0,0,0,0,0,0,0,0,0
AS201273,0,0,0,0,1,0,0,0,0,0,0,0,0,0,0,0,0,0,0,0
AS201547,1,0,0,0,0,0,0,0,0,0,0,0,0,0,0,0,0,0,0,0
AS2022,0,0,0,0,0,1,0,0,0,0,0,0,0,0,0,0,0,0,0,0
AS202373,0,0,0,0,0,0,0,0,0,1,0,0,0,0,0,0,0,0,0,0
AS2024,0,0,0,0,0,0,0,0,0,1,0,0,0,0,0,0,0,0,0,0
AS202662,0,0,0,0,1,0,0,0,0,0,0,0,0,0,0,0,0,0,0,0
AS203391,0,0,0,0,1,0,0,0,0,0,0,0,0,0,0,0,0,0,0,0
AS204445,0,0,0,0,1,0,0,0,0,0,0,0,0,0,0,0,0,0,0,0
AS204588,0,1,0,0,0,0,0,0,0,0,0,0,0,0,0,0,0,0,0,0
AS204720,0,0,0,0,1,0,0,0,0,0,0,0,0,0,0,0,0,0,0,0
AS20473,0,0,0,0,1,0,0,0,0,0,0,0,0,0,0,0,0,0,0,0
AS20491,0,0,0,0,1,0,0,0,0,0,0,0,0,0,0,0,0,0,0,0
AS205675,0,0,0,0,1,0,0,0,0,0,0,0,0,0,0,0,0,0,0,0
AS206035,0,0,0,0,0,0,0,0,0,1,0,0,0,0,0,0,0,0,0,0
AS206063,0,0,0,1,1,0,0,0,0,0,0,0,0,0,0,0,0,0,0,0
AS206361,0,0,0,0,1,0,0,0,0,0,0,0,0,0,0,0,0,0,0,0
AS206446,0,0,0,0,1,0,0,0,0,0,0,0,0,0,0,0,0,0,0,0
AS20650,0,0,0,0,1,0,0,0,0,0,0,0,0,0,0,0,0,0,0,0
AS207609,0,0,0,0,1,0,0,0,0,0,0,0,0,0,0,0,0,0,0,0
AS20868,0,0,0,0,1,0,0,0,0,0,0,0,0,0,0,0,0,0,0,0
AS209092,0,0,0,0,1,0,1,0,0,0,0,0,0,0,0,0,0,0,0,0
AS209242,0,0,0,0,1,0,0,0,0,0,0,0,0,0,0,0,0,0,0,0
AS209336,0,0,0,0,1,0,0,0,0,0,0,0,0,0,0,0,0,0,0,0
AS20940,0,0,0,0,1,0,0,0,0,0,0,0,0,0,0,0,0,0,0,0
AS209513,0,0,0,0,0,0,0,0,0,1,0,0,0,0,0,0,0,0,0,0
AS210213,0,0,0,0,1,0,0,0,0,0,0,0,0,0,0,0,0,0,0,0
AS210464,0,0,0,0,1,0,0,0,0,0,0,0,0,0,0,0,0,0,0,0
AS211058,0,0,0,0,1,0,0,0,0,0,0,0,0,0,0,0,0,0,0,0
AS211407,0,0,0,0,1,0,0,0,0,0,0,0,0,0,0,0,0,0,0,0
AS211750,0,0,0,0,1,0,0,0,0,0,0,0,0,0,0,0,0,0,0,0
AS21203,0,0,0,0,0,0,0,0,1,0,0,0,0,0,0,0,0,0,0,0
AS212606,0,1,0,0,0,0,0,0,0,0,0,0,0,0,0,0,0,0,0,0
AS212794,0,0,0,0,1,0,0,0,0,0,0,0,0,0,0,0,0,0,0,0
AS212815,0,0,0,0,1,0,0,0,0,0,0,0,0,0,0,0,0,0,0,0
AS21296,0,1,0,0,0,0,0,0,0,0,0,0,0,0,0,0,0,0,0,0
AS213002,0,0,0,0,1,0,0,0,0,0,0,0,0,0,0,0,0,0,0,0
AS213216,0,0,0,0,1,0,0,0,0,0,0,0,0,0,0,0,0,0,0,0
AS21342,0,0,0,0,1,0,0,0,0,0,0,0,0,0,0,0,0,0,0,0
AS213683,0,0,0,0,1,0,0,0,0,0,0,0,0,0,0,0,0,0,0,0
AS214498,0,0,0,0,0,1,0,0,0,0,0,0,0,0,0,0,0,0,0,0
AS21472,0,0,0,0,1,0,0,0,0,0,0,0,0,0,0,0,0,0,0,0
AS215680,0,0,0,0,1,0,0,0,0,0,0,0,0,0,0,0,0,0,0,0
AS215743,0,0,0,0,1,0,0,0,0,0,0,0,0,0,0,0,0,0,0,0
AS21598,0,0,0,0,0,0,0,0,0,1,0,0,0,0,0,0,0,0,0,0
AS216360,0,0,0,0,1,0,0,0,0,0,0,0,0,0,0,0,0,0,0,0
AS21981,0,0,0,0,0,0,0,0,0,1,0,0,0,0,0,0,0,0,0,0
AS22177,0,0,0,0,1,0,0,0,0,0,0,0,0,0,0,0,0,0,0,0
AS22180,0,0,0,0,0,1,0,0,0,0,0,0,0,0,0,0,0,0,0,0
AS22772,0,0,0,0,1,0,0,0,0,0,0,0,0,0,0,0,0,0,0,0
AS22822,0,0,0,0,1,0,0,0,0,0,0,0,0,0,0,0,0,0,0,0
AS22987,0,0,0,0,0,0,0,0,0,1,0,0,0,0,0,0,0,0,0,0
AS23033,0,0,0,0,1,0,0,0,0,0,0,0,0,0,0,0,0,0,0,0
AS23059,0,0,0,0,1,0,0,0,0,0,0,0,0,0,0,0,0,0,0,0
AS23258,0,0,0,0,1,0,0,0,0,0,0,0,0,0,0,0,0,0,0,0
AS23286,0,0,0,0,1,0,0,0,0,0,0,0,0,0,0,0,0,0,0,0
AS23344,0,0,0,0,1,0,0,0,0,0,0,0,0,0,0,0,0,0,0,0
AS23454,0,0,0,0,1,0,0,0,0,0,0,0,0,0,0,0,0,0,0,0
AS23507,0,0,0,0,1,0,0,0,0,0,0,0,0,0,0,0,0,0,0,0
AS23707,0,0,0,0,1,0,0,0,0,0,0,0,0,0,0,0,0,0,0,0
AS23708,0,0,0,0,1,0,0,0,0,0,0,0,0,0,0,0,0,0,0,0
AS23709,0,0,0,0,1,0,0,0,0,0,0,0,0,0,0,0,0,0,0,0
AS23710,0,0,0,0,1,0,0,0,0,0,0,0,0,0,0,0,0,0,0,0
AS23711,0,0,0,0,1,0,0,0,0,0,0,0,0,0,0,0,0,0,0,0
AS23712,0,0,0,0,1,0,0,0,0,0,0,0,0,0,0,0,0,0,0,0
AS23713,0,0,0,0,1,0,0,0,0,0,0,0,0,0,0,0,0,0,0,0
AS23735,0,0,0,0,1,0,0,0,0,0,0,0,0,0,0,0,0,0,0,0
AS23987,0,0,0,0,1,0,0,0,0,0,0,0,0,0,0,0,0,0,0,0
AS24047,0,0,0,0,1,0,0,0,0,0,0,0,0,0,0,0,0,0,0,0
AS24048,0,0,0,0,1,0,0,0,0,0,0,0,0,0,0,0,0,0,0,0
AS24050,0,0,0,0,1,0,0,0,0,0,0,0,0,0,0,0,0,0,0,0
AS24051,0,0,0,0,1,0,0,0,0,0,0,0,0,0,0,0,0,0,0,0
AS24122,0,0,0,0,1,0,0,0,0,0,0,0,0,0,0,0,0,0,0,0
AS24429,0,0,0,0,1,0,0,0,0,0,0,0,0,0,0,0,0,0,0,0
AS24657,0,0,0,0,1,0,0,0,0,0,0,0,0,0,0,0,0,0,0,0
AS2484,0,0,0,0,1,0,0,0,0,0,0,0,0,0,0,0,0,0,0,0
AS2485,0,0,0,0,1,0,0,0,0,0,0,0,0,0,0,0,0,0,0,0
AS2486,0,0,0,0,1,0,0,0,0,0,0,0,0,0,0,0,0,0,0,0
AS25237,0,0,0,0,0,0,0,0,1,0,0,0,0,0,0,0,0,0,0,0
AS2532,1,0,0,0,0,0,1,0,0,0,0,0,0,0,0,0,0,0,0,0
AS25425,0,0,0,0,0,0,0,0,1,0,0,0,0,0,0,0,0,0,0,0
AS25572,0,0,0,0,1,0,0,0,0,0,0,0,0,0,0,0,0,0,0,0
AS25735,0,0,0,0,1,0,0,0,0,0,0,0,0,0,0,0,0,0,0,0
AS25755,0,0,0,0,1,0,0,0,0,0,0,0,0,0,0,0,0,0,0,0
AS2576,0,0,0,0,0,0,1,0,0,0,0,0,0,0,0,0,0,0,0,0
AS25804,0,0,0,0,1,0,0,0,0,0,0,0,0,0,0,0,0,0,0,0
AS25888,0,0,0,0,1,1,0,0,0,0,0,0,0,0,0,0,0,0,0,0
AS262150,0,0,0,0,0,0,0,0,0,1,0,0,0,0,0,0,0,0,0,0
AS262186,0,0,0,0,1,0,0,0,0,0,0,0,0,0,0,0,0,0,0,0
AS262500,0,0,0,0,1,0,0,0,0,0,0,0,0,0,0,0,0,0,0,0
AS262928,0,0,0,0,1,0,0,0,0,0,0,0,0,0,0,0,0,0,0,0
AS262968,0,0,0,0,1,0,0,0,0,0,0,0,0,0,0,0,0,0,0,0
AS263248,0,0,0,0,1,0,0,0,0,0,0,0,0,0,0,0,0,0,0,0
AS26356,0,0,0,0,1,0,0,0,0,0,0,0,0,0,0,0,0,0,0,0
AS263702,0,0,0,0,1,0,0,0,0,0,0,0,0,0,0,0,0,0,0,0
AS264254,0,0,0,0,1,0,0,0,0,0,0,0,0,0,0,0,0,0,0,0
AS264409,0,0,0,0,1,0,0,0,0,0,0,0,0,0,0,0,0,0,0,0
AS26496,0,0,0,0,1,0,0,0,0,0,0,0,0,0,0,0,0,0,0,0
AS26554,0,0,0,0,1,0,0,0,0,0,0,0,0,0,0,0,0,0,0,0
AS265685,0,0,0,0,0,0,0,0,0,1,0,0,0,0,0,0,0,0,0,0
AS265792,0,0,0,1,1,0,0,0,0,0,0,0,0,0,0,0,0,0,0,0
AS266715,0,0,0,0,1,0,0,0,0,0,0,0,0,0,0,0,0,0,0,0
AS26762,0,0,0,0,1,0,0,0,0,0,0,0,0,0,0,0,0,0,0,0
AS267777,0,0,0,0,1,0,0,0,0,0,0,0,0,0,0,0,0,0,0,0
AS26956,0,0,0,0,0,0,0,0,1,0,0,0,0,0,0,0,0,0,0,0
AS270057,0,0,0,0,1,0,0,0,0,0,0,0,0,0,0,0,0,0,0,0
AS27016,0,0,0,0,0,0,1,0,0,0,0,0,0,0,0,0,0,0,0,0
AS271366,0,0,0,0,1,0,0,0,0,0,0,0,0,0,0,0,0,0,0,0
AS271780,0,0,0,0,1,0,0,0,0,0,0,0,0,0,0,0,0,0,0,0
AS272713,0,0,0,0,1,0,0,0,0,0,0,0,0,0,0,0,0,0,0,0
AS272834,0,0,0,0,0,0,0,0,0,1,0,0,0,0,0,0,0,0,0,0
AS272863,0,0,0,0,1,0,0,0,0,0,0,0,0,0,0,0,0,0,0,0
AS27318,0,0,0,0,1,0,0,0,0,0,0,0,0,0,0,0,0,0,0,0
AS27319,0,0,0,0,1,0,0,0,0,0,0,0,0,0,0,0,0,0,0,0
AS27320,0,0,0,0,1,0,0,0,0,0,0,0,0,0,0,0,0,0,0,0
AS27321,0,0,0,0,1,0,0,0,0,0,0,0,0,0,0,0,0,0,0,0
AS27322,0,0,0,0,1,0,0,0,0,0,0,0,0,0,0,0,0,0,0,0
AS273664,0,0,0,0,1,0,0,0,0,0,0,0,0,0,0,0,0,0,0,0
AS273794,0,0,0,0,1,0,0,0,0,0,0,0,0,0,0,0,0,0,0,0
AS27475,0,0,0,0,0,0,0,1,0,0,0,0,0,0,0,0,0,0,0,0
AS27678,0,0,0,0,1,0,0,0,0,0,0,0,0,0,0,0,0,0,0,0
AS27775,0,0,0,0,1,0,0,0,0,0,0,0,0,0,0,0,0,0,0,0
AS27797,0,0,0,0,1,0,0,0,0,0,0,0,0,0,0,0,0,0,0,0
AS27848,0,0,0,0,1,0,0,0,0,0,0,0,0,0,0,0,0,0,0,0
AS27859,0,0,0,0,1,0,0,0,0,0,0,0,0,0,0,0,0,0,0,0
AS27913,0,0,0,0,1,0,0,0,0,0,0,0,0,0,0,0,0,0,0,0
AS28052,0,0,0,0,1,0,0,0,0,0,0,0,0,0,0,0,0,0,0,0
AS28054,0,0,0,0,1,0,0,0,0,0,0,0,0,0,0,0,0,0,0,0
AS28114,0,0,0,0,1,0,0,0,0,0,0,0,0,0,0,0,0,0,0,0
AS2818,0,0,0,0,1,0,0,0,0,0,0,0,0,0,0,0,0,0,0,0
AS28468,0,0,0,0,1,0,0,0,0,0,0,0,0,0,0,0,0,0,0,0
AS28507,0,0,0,0,1,0,0,0,0,0,0,0,0,0,0,0,0,0,0,0
AS28517,0,0,0,0,1,0,0,0,0,0,0,0,0,0,0,0,0,0,0,0
AS28604,0,0,0,0,1,0,0,0,0,0,0,0,0,0,0,0,0,0,0,0
AS28637,0,0,0,0,0,0,1,0,0,0,0,0,0,0,0,0,0,0,0,0
AS28749,0,0,0,0,0,0,0,0,1,0,0,0,0,0,0,0,0,0,0,0
AS2906,0,0,0,0,1,0,0,0,0,0,0,0,0,0,0,0,0,0,0,0
AS29139,0,0,0,0,0,0,0,0,1,0,0,0,0,0,0,0,0,0,0,0
AS29242,0,0,0,0,1,0,0,0,0,0,0,0,0,0,0,0,0,0,0,0
AS29617,0,0,0,0,0,0,0,0,0,1,0,0,0,0,0,0,0,0,0,0
AS29791,0,0,0,0,1,0,0,0,0,0,0,0,0,0,0,0,0,0,0,0
AS29977,0,0,0,0,0,0,0,0,1,0,0,0,0,0,0,0,0,0,0,0
AS30081,0,0,0,0,1,0,0,0,0,0,0,0,0,0,0,0,0,0,0,0
AS30122,0,0,0,0,1,0,0,0,0,0,0,0,0,0,0,0,0,0,0,0
AS30123,0,0,0,0,1,0,0,0,0,0,0,0,0,0,0,0,0,0,0,0
AS30124,0,0,0,0,1,0,0,0,0,0,0,0,0,0,0,0,0,0,0,0
AS30125,0,0,0,0,1,0,0,0,0,0,0,0,0,0,0,0,0,0,0,0
AS30127,0,0,0,0,1,0,0,0,0,0,0,0,0,0,0,0,0,0,0,0
AS30128,0,0,0,0,1,0,0,0,0,0,0,0,0,0,0,0,0,0,0,0
AS30129,0,0,0,0,1,0,0,0,0,0,0,0,0,0,0,0,0,0,0,0
AS30130,0,0,0,0,1,0,0,0,0,0,0,0,0,0,0,0,0,0,0,0
AS30131,0,0,0,0,1,0,0,0,0,0,0,0,0,0,0,0,0,0,0,0
AS30132,0,0,0,0,1,0,0,0,0,0,0,0,0,0,0,0,0,0,0,0
AS30133,0,0,0,0,1,0,0,0,0,0,0,0,0,0,0,0,0,0,0,0
AS30134,0,0,0,0,1,0,0,0,0,0,0,0,0,0,0,0,0,0,0,0
AS30188,0,0,0,0,1,0,0,0,0,0,0,0,0,0,0,0,0,0,0,0
AS30453,0,0,0,0,0,0,0,0,1,0,0,0,0,0,0,0,0,0,0,0
AS30511,0,0,0,0,1,0,0,0,0,0,0,0,0,0,0,0,0,0,0,0
AS30636,0,0,0,0,1,0,0,0,0,0,0,0,0,0,0,0,0,0,0,0
AS30786,0,0,0,0,1,0,0,0,0,0,0,0,0,0,0,0,0,0,0,0
AS30971,0,0,0,0,1,0,0,0,0,0,0,0,0,0,0,0,0,0,0,0
AS31079,0,0,0,0,1,0,0,0,0,0,0,0,0,0,0,0,0,0,0,0
AS31122,0,0,0,0,1,0,0,0,0,0,0,0,0,0,0,0,0,0,0,0
AS31511,0,0,0,0,0,0,0,0,1,0,0,0,0,0,0,0,0,0,0,0
AS31621,0,0,0,0,0,0,0,1,0,0,0,0,0,0,0,0,0,0,0,0
AS31767,0,0,0,0,1,1,0,0,0,0,0,0,0,0,0,0,0,0,0,0
AS31898,0,0,0,0,1,0,0,0,0,0,0,0,0,0,0,0,0,0,0,0
AS31958,0,0,0,0,1,0,0,0,0,0,0,0,0,0,0,0,0,0,0,0
AS31981,0,0,0,0,1,0,0,0,0,0,0,0,0,0,0,0,0,0,0,0
AS32027,0,0,0,0,0,0,1,0,1,0,0,0,0,0,0,0,0,0,0,0
AS32612,1,0,0,0,0,0,0,0,0,0,0,0,0,0,0,0,0,0,0,0
AS3280,0,0,0,0,1,0,0,0,0,0,0,0,0,0,0,0,0,0,0,0
AS328126,0,0,0,0,1,0,0,0,0,0,0,0,0,0,0,0,0,0,0,0
AS328497,0,0,0,0,0,0,0,0,0,1,0,0,0,0,0,0,0,0,0,0
AS328526,0,0,0,0,1,0,0,0,0,0,0,0,0,0,0,0,0,0,0,0
AS328537,0,0,0,0,0,0,0,0,1,0,0,0,0,0,0,0,0,0,0,0
AS328608,0,0,0,0,1,0,0,0,0,0,0,0,0,0,0,0,0,0,0,0
AS328995,0,0,0,0,1,0,0,0,0,0,0,0,0,0,0,0,0,0,0,0
AS329166,0,0,0,0,1,0,0,0,0,0,0,0,0,0,0,0,0,0,0,0
AS32934,0,0,0,0,1,0,0,0,0,0,0,0,0,0,0,0,0,0,0,0
AS329432,0,0,0,0,0,0,0,0,1,0,0,0,0,0,0,0,0,0,0,0
AS329467,0,0,0,0,1,0,0,0,0,0,0,0,0,0,0,0,0,0,0,0
AS32982,0,0,0,0,0,0,1,0,0,0,0,0,0,0,0,0,0,0,0,0
AS33071,0,0,0,0,1,0,0,0,0,0,0,0,0,0,0,0,0,0,0,0
AS33072,0,0,0,0,1,0,0,0,0,0,0,0,0,0,0,0,0,0,0,0
AS33073,0,0,0,0,1,0,0,0,0,0,0,0,0,0,0,0,0,0,0,0
AS33074,0,0,0,0,1,0,0,0,0,0,0,0,0,0,0,0,0,0,0,0
AS33075,0,0,0,0,1,0,0,0,0,0,0,0,0,0,0,0,0,0,0,0
AS33076,0,0,0,0,1,0,0,0,0,0,0,0,0,0,0,0,0,0,0,0
AS33077,0,0,0,0,1,0,0,0,0,0,0,0,0,0,0,0,0,0,0,0
AS33078,0,0,0,0,1,0,0,0,0,0,0,0,0,0,0,0,0,0,0,0
AS33079,0,0,0,0,1,0,0,0,0,0,0,0,0,0,0,0,0,0,0,0
AS33080,0,0,0,0,1,0,0,0,0,0,0,0,0,0,0,0,0,0,0,0
AS33081,0,0,0,0,1,0,0,0,0,0,0,0,0,0,0,0,0,0,0,0
AS33082,0,0,0,0,1,0,0,0,0,0,0,0,0,0,0,0,0,0,0,0
AS33353,0,0,0,0,1,0,0,0,0,0,0,0,0,0,0,0,0,0,0,0
AS3337,0,0,0,0,0,1,0,0,0,0,0,0,0,0,0,0,0,0,0,0
AS33558,0,0,0,0,1,0,0,0,0,0,0,0,0,0,0,0,0,0,0,0
AS33696,0,0,0,0,1,0,0,0,0,0,0,0,0,0,0,0,0,0,0,0
AS33876,0,0,0,0,1,0,0,0,0,0,0,0,0,0,0,0,0,0,0,0
AS34344,0,0,0,0,0,0,0,0,1,0,0,0,0,0,0,0,0,0,0,0
AS35206,0,0,0,0,1,0,0,0,0,0,0,0,0,0,0,0,0,0,0,0
AS3557,0,0,0,0,1,0,0,0,0,0,0,0,0,0,0,0,0,0,0,0
AS3598,0,0,0,0,1,0,0,0,0,0,0,0,0,0,0,0,0,0,0,0
AS36040,0,0,0,0,1,0,0,0,0,0,0,0,0,0,0,0,0,0,0,0
AS36119,0,0,0,0,1,0,0,0,0,0,0,0,0,0,0,0,0,0,0,0
AS3614,0,0,0,0,1,1,0,0,0,0,0,0,0,0,0,0,0,0,0,0
AS36351,0,0,0,0,1,0,0,0,0,0,0,0,0,0,0,0,0,0,0,0
AS36673,0,0,0,0,0,0,0,0,0,1,0,0,0,0,0,0,0,0,0,0
AS37184,0,0,0,0,1,0,0,0,0,0,0,0,0,0,0,0,0,0,0,0
AS37412,0,0,0,0,1,0,0,0,0,0,0,0,0,0,0,0,0,0,0,0
AS37963,0,0,0,0,1,0,0,0,0,0,0,0,0,0,0,0,0,0,0,0
AS38064,0,0,0,0,1,0,0,0,0,0,0,0,0,0,0,0,0,0,0,0
AS38125,0,0,0,0,0,0,0,0,1,0,0,0,0,0,0,0,0,0,0,0
AS38136,0,0,0,0,1,0,0,0,0,0,0,0,0,0,0,0,0,0,0,0
AS38186,0,0,0,0,1,0,0,0,0,0,0,0,0,0,0,0,0,0,0,0
AS38191,0,0,0,0,1,0,0,0,0,0,0,0,0,0,0,0,0,0,0,0
AS38568,0,0,0,0,1,0,0,0,0,0,0,0,0,0,0,0,0,0,0,0
AS38621,0,0,0,0,1,0,0,0,0,0,0,0,0,0,0,0,0,0,0,0
AS38622,0,0,0,0,1,0,0,0,0,0,0,0,0,0,0,0,0,0,0,0
AS38693,0,0,0,0,0,0,1,0,0,0,0,0,0,0,0,0,0,0,0,0
AS38866,0,0,0,0,0,0,0,0,1,0,0,0,0,0,0,0,0,0,0,0
AS39202,0,0,0,0,1,0,0,0,0,0,0,0,0,0,0,0,0,0,0,0
AS393221,0,0,0,0,1,0,0,0,0,0,0,0,0,0,0,0,0,0,0,0
AS39397,0,0,0,0,1,0,0,0,0,0,0,0,0,0,0,0,0,0,0,0
AS394070,0,0,0,0,1,0,0,0,0,0,0,0,0,0,0,0,0,0,0,0
AS394132,0,0,0,0,0,1,0,0,0,0,0,0,0,0,0,0,0,0,0,0
AS394353,0,0,0,0,1,0,0,0,0,0,0,0,0,0,0,0,0,0,0,0
AS394704,0,0,0,0,1,0,0,0,0,0,0,0,0,0,0,0,0,0,0,0
AS395081,0,0,0,0,1,0,0,0,0,0,0,0,0,0,0,0,0,0,0,0
AS395217,0,0,0,0,1,0,0,0,0,0,0,0,0,0,0,0,0,0,0,0
AS395290,0,0,0,0,0,0,0,0,1,0,0,0,0,0,0,0,0,0,0,0
AS396098,0,0,0,0,0,0,1,0,0,0,0,0,0,0,0,0,0,0,0,0
AS396566,0,0,0,0,1,0,0,0,0,0,0,0,0,0,0,0,0,0,0,0
AS396982,0,0,0,0,1,0,0,0,0,0,0,0,0,0,0,0,0,0,0,0
AS397115,0,0,0,0,0,1,0,0,0,0,0,0,0,0,0,0,0,0,0,0
AS397213,0,0,0,0,1,0,0,0,0,0,0,0,0,0,0,0,0,0,0,0
AS397373,0,0,0,0,1,0,0,0,0,0,0,0,0,0,0,0,0,0,0,0
AS397481,0,0,0,0,0,0,0,1,0,0,0,0,0,0,0,0,0,0,0,0
AS398037,0,0,0,0,1,1,0,0,0,0,0,0,0,0,0,0,0,0,0,0
AS398079,0,0,0,0,0,1,0,1,0,0,0,0,0,0,0,0,0,0,0,0
AS399479,0,0,0,0,0,0,0,0,0,1,0,0,0,0,0,0,0,0,0,0
AS40009,0,0,0,0,1,0,0,0,0,0,0,0,0,0,0,0,0,0,0,0
AS400476,0,0,0,0,1,0,0,0,0,0,0,0,0,0,0,0,0,0,0,0
AS400517,0,0,0,0,1,0,0,0,0,0,0,0,0,0,0,0,0,0,0,0
AS4046,0,0,0,0,0,0,1,0,0,0,0,0,0,0,0,0,0,0,0,0
AS41075,0,0,0,0,1,0,0,0,0,0,0,0,0,0,0,0,0,0,0,0
AS41379,0,0,0,0,1,0,0,0,0,0,0,0,0,0,0,0,0,0,0,0
AS41424,0,0,0,0,0,0,1,0,0,0,0,0,0,0,0,0,0,0,0,0
AS41707,0,0,0,0,0,0,0,0,1,0,0,0,0,0,0,0,0,0,0,0
AS41751,0,0,0,0,0,1,0,1,0,0,0,0,0,0,0,0,0,0,0,0
AS42473,0,0,0,0,1,0,0,0,0,0,0,0,0,0,0,0,0,0,0,0
AS42656,0,0,0,0,0,0,0,1,0,0,0,0,0,0,0,0,0,0,0,0
AS42831,0,0,0,0,1,0,0,0,0,0,0,0,0,0,0,0,0,0,0,0
AS43205,0,0,0,0,1,0,0,0,0,0,0,0,0,0,0,0,0,0,0,0
AS43500,0,0,0,0,1,0,0,0,0,0,0,0,0,0,0,0,0,0,0,0
AS44273,0,0,0,0,1,0,0,0,0,0,0,0,0,0,0,0,0,0,0,0
AS44407,0,0,0,0,1,0,0,0,0,0,0,0,0,0,0,0,0,0,0,0
AS45102,0,0,0,0,1,0,0,1,0,0,0,0,0,0,0,0,0,0,0,0
AS45285,0,0,0,0,1,0,0,0,0,0,0,0,0,0,0,0,0,0,0,0
AS45396,0,0,0,0,1,0,0,0,0,0,0,0,0,0,0,0,0,0,0,0
AS4549,0,0,0,0,1,0,0,0,0,0,0,0,0,0,0,0,0,0,0,0
AS45999,0,0,0,0,0,0,1,0,1,0,0,0,0,0,0,0,0,0,0,0
AS46489,0,0,0,0,1,0,0,0,0,0,0,0,0,0,0,0,0,0,0,0
AS46630,0,0,0,0,0,0,0,0,1,0,0,0,0,0,0,0,0,0,0,0
AS4666,0,0,0,0,1,1,0,0,0,0,0,0,0,0,0,0,0,0,0,0
AS47147,0,0,0,0,1,0,0,0,0,0,0,0,0,0,0,0,0,0,0,0
AS47272,0,0,0,0,1,0,0,0,0,0,0,0,0,0,0,0,0,0,0,0
AS47302,0,0,0,0,1,0,0,0,0,0,0,0,0,0,0,0,0,0,0,0
AS47447,0,0,0,0,1,0,0,0,0,0,0,0,0,0,0,0,0,0,0,0
AS47524,0,0,0,0,1,0,0,0,0,1,0,0,0,0,0,0,0,0,0,0
AS4758,0,0,0,0,1,0,1,0,0,0,0,0,0,0,0,0,0,0,0,0
AS47583,0,0,0,0,1,0,0,0,0,0,0,0,0,0,0,0,0,0,0,0
AS47708,0,0,0,0,1,0,0,0,0,0,0,0,0,0,0,0,0,0,0,0
AS48288,0,0,0,0,1,0,0,0,0,0,0,0,0,0,0,0,0,0,0,0
AS48927,0,0,0,0,1,0,0,0,0,0,0,0,0,0,0,0,0,0,0,0
AS49142,0,0,0,0,1,0,0,0,0,0,0,0,0,0,0,0,0,0,0,0
AS49511,0,0,0,0,0,0,1,0,1,0,0,0,0,0,0,0,0,0,0,0
AS4983,0,0,0,0,1,1,0,0,0,0,0,0,0,0,0,0,0,0,0,0
AS4985,0,0,0,0,0,0,1,0,0,1,0,0,0,0,0,0,0,0,0,0
AS49911,0,0,0,0,1,0,0,0,0,0,0,0,0,0,0,0,0,0,0,0
AS50338,0,0,0,0,1,0,0,0,0,0,0,0,0,0,0,0,0,0,0,0
AS50863,0,0,0,0,0,1,0,0,1,0,0,0,0,0,0,0,0,0,0,0
AS51701,0,0,0,0,1,0,0,0,0,0,0,0,0,0,0,0,0,0,0,0
AS52250,0,0,0,0,1,0,1,0,0,0,0,0,0,0,0,0,0,0,0,0
AS52255,0,0,0,0,1,0,0,0,0,1,0,0,0,0,0,0,0,0,0,0
AS52274,0,0,0,0,1,0,0,0,0,0,0,0,0,0,0,0,0,0,0,0
AS52308,0,0,0,0,0,0,1,0,0,1,0,0,0,0,0,0,0,0,0,0
AS52756,0,0,0,0,1,1,0,0,0,0,0,0,0,0,0,0,0,0,0,0
AS53035,0,0,0,0,1,0,0,0,0,0,0,0,0,0,0,0,0,0,0,0
AS53249,0,0,0,0,0,0,1,0,0,0,0,0,0,0,0,0,0,0,0,0
AS53294,0,0,0,0,1,0,0,0,0,0,0,0,0,0,0,0,0,0,0,0
AS53353,0,0,0,0,0,0,0,0,1,0,0,0,0,0,0,0,0,0,0,0
AS53387,0,0,0,0,0,0,0,1,0,0,0,0,0,0,0,0,0,0,0,0
AS54058,0,0,0,0,0,0,0,1,0,0,0,0,0,0,0,0,0,0,0,0
AS54104,0,0,0,0,1,0,0,0,0,0,0,0,0,0,0,0,0,0,0,0
AS54113,0,0,0,0,1,0,0,0,0,0,0,0,0,0,0,0,0,0,0,0
AS54680,0,0,0,0,1,1,0,0,0,0,0,0,0,0,0,0,0,0,0,0
AS54994,0,0,0,0,1,0,0,0,0,0,0,0,0,0,0,0,0,0,0,0
AS55174,0,0,0,0,1,0,0,0,0,0,0,0,0,0,0,0,0,0,0,0
AS55259,0,0,0,0,1,0,0,0,0,0,0,0,0,0,0,0,0,0,0,0
AS55403,0,0,0,0,1,0,0,0,0,0,0,0,0,0,0,0,0,0,0,0
AS55429,0,0,0,0,1,0,0,0,0,0,0,0,0,0,0,0,0,0,0,0
AS55542,0,0,0,0,0,0,1,0,0,0,0,0,0,0,0,0,0,0,0,0
AS55731,0,0,0,0,1,0,0,0,0,0,0,0,0,0,0,0,0,0,0,0
AS5577,0,0,0,0,1,0,0,0,0,0,0,0,0,0,0,0,0,0,0,0
AS55957,0,0,0,0,1,0,0,0,0,0,0,0,0,0,0,0,0,0,0,0
AS55960,0,0,0,0,1,0,0,0,0,0,0,0,0,0,0,0,0,0,0,0
AS5642,0,0,0,0,1,0,0,0,0,0,0,0,0,0,0,0,0,0,0,0
AS5662,0,0,0,0,1,0,0,0,0,0,0,0,0,0,0,0,0,0,0,0
AS56654,0,0,0,0,1,0,0,0,0,0,0,0,0,0,0,0,0,0,0,0
AS57508,0,0,0,0,1,0,0,0,0,0,0,0,0,0,0,0,0,0,0,0
AS57584,0,0,0,0,1,0,0,0,0,0,0,0,0,0,0,0,0,0,0,0
AS57653,0,0,0,0,1,0,0,0,0,0,0,0,0,0,0,0,0,0,0,0
AS57720,0,0,0,0,0,0,0,0,1,0,0,0,0,0,0,0,0,0,0,0
AS57924,0,0,0,0,0,0,0,0,0,1,0,0,0,0,0,0,0,0,0,0
AS58282,0,0,0,0,1,0,1,0,0,0,0,0,0,0,0,0,0,0,0,0
AS58313,0,0,0,0,1,0,0,0,0,0,0,0,0,0,0,0,0,0,0,0
AS58436,0,0,0,0,1,0,0,0,0,0,0,0,0,0,0,0,0,0,0,0
AS58593,0,0,0,0,1,0,0,0,0,0,0,0,0,0,0,0,0,0,0,0
AS59067,0,0,0,0,1,0,0,0,0,0,0,0,0,0,0,0,0,0,0,0
AS59147,0,0,0,0,1,0,0,0,0,0,0,0,0,0,0,0,0,0,0,0
AS59195,0,1,0,0,0,0,0,0,0,1,0,0,0,0,0,0,0,0,0,0
AS59323,0,0,0,0,1,0,1,0,0,0,0,0,0,0,0,0,0,0,0,0
AS60068,0,0,0,0,1,0,0,0,0,0,0,0,0,0,0,0,0,0,0,0
AS60150,0,0,0,0,1,0,0,0,0,0,0,0,0,0,0,0,0,0,0,0
AS60174,0,0,0,0,0,0,1,0,0,1,0,0,0,0,0,0,0,0,0,0
AS60261,0,0,0,0,1,0,0,0,0,0,0,0,0,0,0,0,0,0,0,0
AS60653,0,0,0,0,1,0,0,0,0,0,0,0,0,0,0,0,0,0,0,0
AS60707,0,0,0,0,1,0,0,0,0,0,0,0,0,0,0,0,0,0,0,0
AS60855,0,0,0,0,1,0,1,0,0,0,0,0,0,0,0,0,0,0,0,0
AS6095,0,0,0,1,0,0,0,0,0,0,0,0,0,0,0,0,0,0,0,0
AS6102,0,0,0,0,1,0,0,0,0,0,0,0,0,0,0,0,0,0,0,0
AS61069,0,0,0,0,1,0,0,0,0,0,0,0,0,0,0,0,0,0,0,0
AS61317,0,0,0,0,1,0,0,0,0,0,0,0,0,0,0,0,0,0,0,0
AS61509,0,0,0,0,1,0,0,0,0,0,0,0,0,0,0,0,0,0,0,0
AS6167,0,0,0,0,1,0,0,0,0,0,0,0,0,0,0,0,0,0,0,0
AS6169,0,0,0,0,1,0,0,0,0,0,0,0,0,0,0,0,0,0,0,0
AS61785,0,0,0,0,1,0,0,0,0,0,0,0,0,0,0,0,0,0,0,0
AS6185,0,0,0,0,1,1,0,0,0,0,0,0,0,0,0,0,0,0,0,0
AS62035,0,0,0,0,1,0,0,0,0,0,0,0,0,0,0,0,0,0,0,0
AS62119,0,0,0,0,1,0,0,0,0,0,0,0,0,0,0,0,0,0,0,0
AS62128,0,0,0,0,0,0,0,0,1,0,0,0,0,0,0,0,0,0,0,0
AS62553,0,0,0,0,1,0,0,0,0,0,0,0,0,0,0,0,0,0,0,0
AS62597,0,0,0,0,1,0,0,0,0,0,0,0,0,0,0,0,0,0,0,0
AS62644,0,0,0,0,1,0,0,0,0,0,0,0,0,0,0,0,0,0,0,0
AS62679,0,0,0,0,0,0,0,1,0,0,0,0,0,0,0,0,0,0,0,0
AS62693,0,0,0,0,1,0,0,0,0,0,0,0,0,0,0,0,0,0,0,0
AS62826,1,0,0,0,1,0,0,0,0,0,0,0,0,0,0,0,0,0,0,0
AS62955,0,0,0,0,0,0,0,1,0,0,0,0,0,0,0,0,0,0,0,0
AS63051,0,0,0,0,1,0,0,0,0,0,0,0,0,0,0,0,0,0,0,0
AS63098,0,0,0,0,1,0,0,0,0,0,0,0,0,0,0,0,0,0,0,0
AS6315,0,0,0,0,1,0,0,0,0,0,0,0,0,0,0,0,0,0,0,0
AS63199,0,0,0,0,1,0,0,0,0,0,0,0,0,0,0,0,0,0,0,0
AS63347,0,0,0,0,0,0,0,0,1,0,0,0,0,0,0,0,0,0,0,0
AS63363,0,0,0,0,1,0,0,0,0,0,0,0,0,0,0,0,0,0,0,0
AS63408,0,0,0,0,0,0,0,1,0,0,0,0,0,0,0,0,0,0,0,0
AS6341,0,0,0,0,0,0,0,0,0,1,0,0,0,0,0,0,0,0,0,0
AS63457,0,0,0,0,1,0,0,0,0,0,0,0,0,0,0,0,0,0,0,0
AS63541,0,0,0,0,1,0,1,0,0,0,0,0,0,0,0,0,0,0,0,0
AS63635,0,0,0,0,1,0,1,0,0,0,0,0,0,0,0,0,0,0,0,0
AS63704,0,0,0,0,1,0,0,0,0,0,0,0,0,0,0,0,0,0,0,0
AS63776,0,0,0,0,0,0,0,1,0,0,0,0,0,0,0,0,0,0,0,0
AS63949,0,0,0,0,1,0,0,0,0,0,0,0,0,0,0,0,0,0,0,0
AS6540,0,0,0,0,1,0,0,0,0,0,0,0,0,0,0,0,0,0,0,0
AS6597,0,0,0,0,1,0,0,0,0,0,0,0,0,0,0,0,0,0,0,0
AS6619,0,0,0,0,1,0,0,0,0,0,0,0,0,0,0,0,0,0,0,0
AS6794,0,0,0,0,1,0,0,0,0,0,0,0,0,0,0,0,0,0,0,0
AS688,0,0,0,0,0,0,1,0,0,1,0,0,0,0,0,0,0,0,0,0
AS714,0,0,0,0,1,1,0,0,0,0,0,0,0,0,0,0,0,0,0,0
AS7160,0,0,0,0,1,0,0,0,0,0,0,0,0,0,0,0,0,0,0,0
AS7342,0,0,0,0,1,0,0,0,0,0,0,0,0,0,0,0,0,0,0,0
AS7792,0,0,0,0,1,1,0,0,0,0,0,0,0,0,0,0,0,0,0,0
AS7862,0,0,0,0,0,0,0,0,0,1,0,0,0,0,0,0,0,0,0,0
AS7922,0,0,0,0,1,0,0,0,0,0,0,0,0,0,0,0,0,0,0,0
AS8069,0,0,0,0,1,0,0,0,0,0,0,0,0,0,0,0,0,0,0,0
AS8070,0,0,0,0,1,0,0,0,0,0,0,0,0,0,0,0,0,0,0,0
AS8075,0,0,0,0,1,0,0,0,0,0,0,0,0,0,0,0,0,0,0,0
AS8194,0,0,0,0,1,0,1,0,0,0,0,0,0,0,0,0,0,0,0,0
AS8240,0,0,0,0,1,0,1,0,0,0,0,0,0,0,0,0,0,0,0,0
AS833,0,0,0,0,1,0,0,0,0,0,0,0,0,0,0,0,0,0,0,0
AS8403,0,0,0,0,1,0,0,0,0,0,0,0,0,0,0,0,0,0,0,0
AS8867,0,0,0,0,1,0,1,0,0,0,0,0,0,0,0,0,0,0,0,0
AS8987,0,0,0,0,1,0,0,0,0,0,0,0,0,0,0,0,0,0,0,0
AS9177,0,0,0,0,1,0,0,0,0,0,0,0,0,0,0,0,0,0,0,0
AS9215,0,0,0,0,1,0,0,0,0,0,0,0,0,0,0,0,0,0,0,0
AS9401,1,0,0,0,0,0,1,0,0,0,0,0,0,0,0,0,0,0,0,0
AS9463,0,0,0,0,0,0,0,0,0,1,0,0,0,0,0,0,0,0,0,0
AS9609,0,0,0,0,1,0,0,0,0,0,0,0,0,0,0,0,0,0,0,0
AS9735,0,0,0,0,1,0,1,0,0,0,0,0,0,0,0,0,0,0,0,0
AS9752,0,0,0,0,0,0,0,1,0,0,0,0,0,0,0,0,0,0,0,0
AS9857,0,0,0,0,0,0,1,0,0,1,0,0,0,0,0,0,0,0,0,0
AS9908,0,0,0,0,1,0,0,0,0,0,0,0,0,0,0,0,0,0,0,0
AS102,0,0,0,0,0,0,1,0,0,0,0,0,0,0,0,1,0,0,0,0
AS104,0,0,0,0,0,0,0,0,0,0,0,0,0,0,0,0,0,1,0,0
AS10411,0,0,0,0,1,0,0,0,0,0,0,0,0,0,0,1,0,0,0,0
AS10616,0,0,0,0,0,0,1,0,0,0,0,0,0,0,0,1,0,0,0,0
AS11,0,0,0,0,0,0,0,0,0,0,0,0,0,0,0,0,0,1,0,0
AS111,0,0,0,0,0,0,0,0,0,0,0,0,0,0,0,0,0,1,0,0
AS11164,0,0,0,0,1,0,0,0,0,0,0,0,0,0,0,0,0,0,0,0
AS1127,0,0,0,0,1,0,0,0,0,0,0,0,0,0,0,0,0,0,0,0
AS11340,0,0,0,0,0,0,0,0,0,0,0,0,0,0,0,0,0,1,0,0
AS11961,0,0,0,0,1,0,0,0,0,0,0,0,0,0,0,0,0,0,0,0
AS12,0,0,0,0,0,0,0,0,0,0,0,0,0,0,0,0,0,1,0,0
AS12187,0,0,0,0,0,0,1,0,1,0,0,0,0,0,0,0,0,0,0,0
AS1237,0,0,0,0,0,0,0,0,0,0,0,0,0,0,0,1,0,0,0,0
AS127,0,0,0,0,0,0,0,0,0,0,0,0,0,0,0,1,0,0,0,0
AS131795,0,0,0,0,0,0,0,0,0,0,0,0,0,0,0,1,0,0,0,0
AS131924,0,0,0,0,0,0,0,0,1,0,0,0,0,0,0,0,0,0,0,0
AS133498,0,0,0,0,0,0,0,0,0,0,0,0,0,0,0,0,0,1,0,0
AS135294,0,0,0,0,0,0,0,0,1,0,0,0,0,0,0,0,0,0,0,0
AS135403,0,0,0,0,0,0,0,0,1,0,0,0,0,0,0,0,0,0,0,0
AS135647,0,0,0,0,0,0,0,0,1,0,0,0,0,0,0,0,0,0,0,0
AS137064,0,0,0,0,1,0,0,0,0,0,0,0,0,0,0,0,0,0,0,0
AS137562,0,0,0,0,0,0,0,0,1,0,0,0,0,0,0,0,0,0,0,0
AS138685,0,0,0,0,0,0,0,0,0,0,0,0,0,0,0,0,0,1,0,0
AS14,0,0,0,0,0,0,0,0,0,0,0,0,0,0,0,0,0,1,0,0
AS140918,0,0,0,0,0,0,0,0,0,0,0,0,0,0,0,0,0,1,0,0
AS1416,0,0,0,0,0,0,0,0,0,0,0,0,0,0,0,0,0,1,0,0
AS14161,0,0,0,0,0,1,0,0,0,0,1,0,0,0,0,0,0,0,0,0
AS14222,0,1,0,0,0,0,0,0,0,0,0,0,0,0,0,0,0,0,0,0
AS14241,0,0,0,0,0,0,0,0,0,0,0,0,0,0,0,0,0,1,0,0
AS142576,0,0,0,0,1,0,0,0,0,0,0,0,0,0,0,0,0,0,0,0
AS14381,0,0,0,0,0,1,0,0,0,0,0,0,0,0,0,0,0,0,0,0
AS146951,0,0,0,0,1,0,0,0,0,0,0,0,0,0,0,0,0,0,0,0
AS146979,0,0,0,0,0,0,0,0,0,0,0,0,0,0,0,0,0,1,0,0
AS147025,0,0,0,0,1,0,0,0,0,0,0,0,0,0,0,0,0,0,0,0
AS148967,0,0,0,0,1,0,0,0,0,0,0,0,0,0,0,0,0,0,0,0
AS149365,0,0,0,0,1,0,0,0,0,0,0,0,0,0,0,0,0,0,0,0
AS149646,0,0,0,0,1,0,0,0,0,0,0,0,0,0,0,0,0,0,0,0
AS16,0,0,0,0,0,0,0,0,0,0,0,0,0,0,0,1,0,0,0,0
AS160,0,0,0,0,0,0,0,0,0,0,0,0,0,0,0,0,0,1,0,0
AS16065,0,0,0,0,1,0,0,0,0,0,0,0,0,0,0,0,0,0,0,0
AS16411,0,0,0,0,0,0,0,0,0,0,0,0,0,0,0,1,0,0,0,0
AS1653,0,0,0,0,1,0,0,0,0,0,0,0,0,0,0,1,0,0,0,0
AS1659,0,0,0,0,0,0,0,0,0,0,0,0,0,0,0,0,0,1,0,0
AS17579,0,0,0,0,0,0,0,0,0,0,0,0,0,0,0,1,0,0,0,0
AS17591,0,0,0,0,0,0,0,0,0,0,0,0,0,0,0,1,0,0,0,0
AS1766,0,0,0,0,0,1,0,0,0,0,0,1,0,0,0,0,0,0,0,0
AS1781,0,0,0,0,0,0,0,0,0,0,0,0,0,0,0,1,0,0,0,0
AS17851,0,0,0,0,0,0,0,0,0,0,0,1,0,0,0,0,0,0,0,0
AS1797,0,0,0,0,0,0,0,0,0,0,0,0,0,0,0,0,0,1,0,0
AS18062,0,0,0,0,1,0,0,0,0,0,0,0,0,0,0,0,0,0,0,0
AS18297,0,0,0,0,0,0,0,0,0,0,0,0,0,0,0,0,0,1,0,0
AS1835,0,0,0,0,0,0,0,0,0,0,0,0,0,0,0,1,0,1,0,0
AS18422,0,0,0,0,0,0,0,0,0,0,0,0,0,0,0,1,0,0,0,0
AS18592,0,0,0,0,0,0,0,0,0,0,0,0,0,0,0,0,0,1,0,0
AS1887,0,0,0,0,0,0,0,0,0,0,0,0,0,0,0,1,0,0,0,0
AS1916,0,0,0,0,1,0,0,0,0,0,0,0,0,0,0,0,0,0,0,0
AS1930,0,0,0,0,0,0,0,0,0,0,0,0,0,0,0,1,0,0,0,0
AS196778,0,0,0,0,0,0,0,0,1,0,0,0,0,0,0,0,0,0,0,0
AS196847,0,0,0,0,0,0,0,0,1,0,0,0,0,0,0,0,0,0,0,0
AS19722,0,0,0,0,0,0,0,0,1,0,0,0,0,0,0,0,0,0,0,0
AS197440,0,0,0,0,0,0,0,0,0,0,0,0,0,0,0,1,0,0,0,0
AS197565,0,0,0,0,1,0,0,0,0,0,0,0,0,0,0,0,0,0,0,0
AS198449,0,0,0,0,0,0,0,0,1,0,0,0,0,0,0,0,0,0,0,0
AS200259,0,0,0,0,0,0,0,0,0,0,0,0,0,0,0,0,0,1,0,0
AS2003,0,0,0,0,0,0,0,0,0,0,0,0,0,0,0,1,0,0,0,0
AS20144,0,0,0,0,1,0,0,0,0,0,0,0,0,0,0,0,0,0,0,0
AS2018,0,0,0,0,1,0,0,0,0,0,0,0,0,0,0,0,0,0,0,0
AS201969,0,0,0,0,1,0,0,0,0,0,0,0,0,0,0,0,0,0,0,0
AS202949,0,0,0,0,0,0,0,0,1,0,0,0,0,0,0,0,0,0,0,0
AS20344,0,0,0,0,0,0,0,0,0,0,0,0,0,0,0,0,0,1,0,0
AS203885,0,0,0,0,0,0,0,0,1,0,0,0,0,0,0,0,0,0,0,0
AS204930,0,0,0,0,0,0,0,0,0,0,0,0,0,0,0,0,0,1,0,0
AS205173,0,0,0,0,0,0,0,0,1,0,0,0,0,0,0,0,0,0,0,0
AS20545,0,0,0,0,0,0,0,0,0,0,0,0,0,0,0,1,0,0,0,0
AS205488,0,0,0,0,1,0,0,0,0,0,0,0,0,0,0,0,0,0,0,0
AS205555,0,0,0,0,0,0,0,0,1,0,0,0,0,0,0,0,0,0,0,0
AS20588,0,0,0,0,0,0,0,0,0,0,0,0,0,0,0,1,0,0,0,0
AS210762,0,0,0,0,1,0,0,0,0,0,0,0,0,0,0,0,0,0,0,0
AS210764,0,0,0,0,1,0,0,0,0,0,0,0,0,0,0,0,0,0,0,0
AS210765,0,0,0,0,1,0,0,0,0,0,0,0,0,0,0,0,0,0,0,0
AS211022,0,0,0,0,1,0,0,0,0,0,0,0,0,0,0,0,0,0,0,0
AS211048,0,0,0,0,1,0,0,0,0,0,0,0,0,0,0,0,0,0,0,0
AS211060,0,0,0,0,0,0,0,0,1,0,0,0,0,0,0,0,0,0,0,0
AS211282,0,0,0,0,1,0,0,0,0,0,0,0,0,0,0,0,0,0,0,0
AS211616,0,0,0,1,0,0,1,0,0,0,0,0,0,0,0,0,0,0,0,0
AS211834,0,0,0,0,1,0,0,0,0,0,0,0,0,0,0,0,0,0,0,0
AS21320,0,0,0,0,0,0,0,0,0,0,0,0,0,0,0,1,0,0,0,0
AS2152,0,0,0,0,0,0,0,0,0,0,0,0,0,0,0,1,0,0,0,0
AS215233,0,0,0,0,1,0,0,0,0,0,0,0,0,0,0,0,0,0,0,0
AS21924,0,0,0,0,0,0,0,0,0,0,0,0,0,0,0,0,0,1,0,0
AS22612,0,0,0,0,1,0,0,0,0,0,0,0,0,0,0,0,0,0,0,0
AS22834,0,0,0,0,0,0,0,0,0,0,0,0,0,0,0,0,0,1,0,0
AS22985,0,0,0,0,0,0,0,0,0,0,0,0,0,0,0,0,0,1,0,0
AS23074,0,0,0,0,0,0,0,0,0,0,0,1,0,0,0,0,0,0,0,0
AS23140,0,0,0,0,0,0,0,0,0,0,0,0,0,0,0,0,0,1,0,0
AS2385,0,0,0,0,0,0,0,0,0,0,0,0,0,0,0,1,0,0,0,0
AS23938,0,0,0,0,0,0,0,0,0,1,0,0,0,0,0,0,0,0,0,0
AS23978,0,0,0,0,0,0,0,0,1,0,0,0,0,0,0,0,0,0,0,0
AS25829,1,0,0,0,0,0,0,0,0,0,0,0,0,0,0,1,0,1,0,0
AS2597,0,0,0,0,0,0,0,0,0,0,0,0,0,0,0,1,0,0,0,0
AS2611,0,0,0,0,1,0,0,0,0,0,0,0,0,0,0,0,0,0,0,0
AS2648,0,0,0,0,0,0,1,0,0,0,0,0,0,0,0,1,0,0,0,0
AS265884,0,0,0,0,0,0,0,0,0,0,0,0,0,0,0,1,0,0,0,0
AS266836,0,0,0,0,0,0,0,0,0,1,0,0,0,0,0,0,0,0,0,0
AS267255,0,0,0,0,0,0,0,0,1,0,0,0,0,0,0,0,0,0,0,0
AS267630,0,0,0,0,0,0,0,0,0,0,0,0,0,0,0,0,0,1,0,0
AS268313,0,0,0,0,0,0,0,0,0,0,0,0,0,0,0,0,0,0,1,0
AS2698,0,0,0,0,0,0,0,0,0,0,0,0,0,0,0,0,0,1,0,0
AS272116,0,0,0,0,0,0,0,0,0,0,0,0,0,0,0,1,0,0,0,0
AS27655,0,0,0,0,0,1,0,0,0,0,0,1,0,0,0,0,0,0,0,0
AS27750,0,0,0,0,1,0,0,0,0,0,0,0,0,0,0,0,0,0,0,0
AS28027,0,0,0,0,0,0,0,0,0,0,0,0,0,0,0,0,0,1,0,0
AS28079,0,1,0,0,0,0,0,0,0,0,0,0,0,0,0,0,0,0,0,0
AS28100,0,0,0,0,0,0,0,0,0,1,0,0,0,0,0,0,0,0,0,0
AS2907,0,0,0,0,0,0,0,0,0,0,0,0,0,0,0,1,0,0,0,0
AS291,0,0,0,0,1,0,0,0,0,0,0,0,0,0,0,0,0,0,0,0
AS292,0,0,0,0,1,0,0,0,0,0,0,0,0,0,0,0,0,0,0,0
AS293,0,0,0,0,1,0,0,0,0,0,0,0,0,0,0,0,0,0,0,0
AS29325,0,0,0,0,0,0,0,0,1,0,0,0,0,0,0,0,0,0,0,0
AS29673,0,1,0,0,0,0,1,0,0,0,0,0,0,0,0,0,0,0,0,0
AS297,0,0,0,0,0,0,0,0,0,0,0,0,0,0,0,1,0,0,0,0
AS29848,0,0,0,0,0,0,0,0,0,0,0,0,0,0,0,0,0,1,0,0
AS29894,0,0,0,0,0,0,0,0,0,1,0,0,0,0,0,0,0,0,0,0
AS3,0,0,0,0,0,0,0,0,0,0,0,0,0,0,0,0,0,1,0,0
AS3132,0,0,0,0,0,0,0,0,0,0,0,0,0,0,0,1,0,0,0,0
AS3152,0,0,0,0,0,0,0,0,0,0,0,0,0,0,0,1,0,0,0,0
AS32071,0,0,0,0,0,0,0,0,0,0,0,0,0,0,0,0,0,1,0,0
AS3208,0,0,0,0,0,0,0,0,0,0,0,0,0,0,0,1,0,0,0,0
AS32082,0,0,0,0,0,0,0,0,0,0,0,0,0,0,0,0,0,1,0,0
AS327992,0,0,0,0,0,0,0,0,0,0,0,0,0,0,0,0,0,1,0,0
AS328419,0,0,0,0,0,0,0,0,0,0,0,0,0,0,0,0,0,1,0,0
AS33091,0,0,0,0,0,0,0,0,0,0,0,0,0,0,0,0,0,1,0,0
AS3338,0,0,0,0,0,0,0,0,0,0,0,0,0,0,0,1,0,0,0,0
AS34216,0,0,0,0,0,0,1,0,1,0,0,0,0,0,0,0,0,0,0,0
AS3428,0,0,0,0,1,0,1,0,0,0,0,0,0,0,0,1,0,0,0,0
AS3449,0,0,0,0,0,0,1,0,0,0,0,0,0,0,0,0,0,1,0,0
AS3477,0,0,0,0,0,0,1,0,0,0,0,0,0,0,0,1,0,0,0,0
AS3527,0,0,0,1,0,0,1,0,0,0,0,0,0,0,0,1,0,0,0,0
AS3582,0,0,0,0,0,0,0,0,0,0,0,0,0,0,0,0,0,1,0,0
AS3594,0,0,0,0,1,0,0,0,0,0,0,0,0,0,0,0,0,0,0,0
AS35955,0,0,0,0,0,0,0,0,1,0,0,0,0,1,0,0,0,0,0,0
AS35963,0,0,0,0,0,0,1,0,1,0,0,0,0,0,0,0,0,0,0,0
AS35998,0,0,0,0,0,0,0,0,0,0,0,0,0,0,0,0,0,1,0,0
AS36112,0,0,0,0,0,0,0,0,0,0,0,0,0,0,0,0,0,1,0,0
AS36289,0,0,0,0,0,0,0,0,0,0,0,0,0,0,0,0,0,1,0,0
AS3676,0,0,0,0,0,0,0,0,0,0,0,0,0,0,0,0,0,1,0,0
AS3677,0,0,0,0,0,0,0,0,0,0,0,0,0,0,0,0,0,1,0,0
AS36859,0,0,0,0,0,0,0,0,0,0,0,0,0,0,0,0,0,1,0,0
AS37074,0,0,0,0,0,0,0,0,0,0,0,0,0,0,0,0,0,1,0,0
AS37420,0,0,0,0,0,0,0,0,0,0,0,0,0,0,0,0,0,1,0,0
AS377,0,0,0,0,0,0,1,0,0,0,0,0,0,0,0,1,0,0,0,0
AS38280,0,0,0,0,0,0,0,0,0,0,0,0,0,0,0,0,0,1,0,0
AS38682,0,0,0,0,0,0,1,0,0,0,0,0,0,0,0,1,0,0,0,0
AS38892,0,0,0,0,0,0,0,0,1,0,0,0,0,0,0,0,0,0,0,0
AS393290,0,0,0,0,1,0,0,0,0,0,0,0,0,0,0,0,0,0,0,0
AS393876,0,0,0,0,0,0,1,0,1,0,0,0,0,0,0,0,0,0,0,0
AS393988,0,0,0,0,0,0,1,0,1,0,0,0,0,0,0,0,0,0,0,0
AS394271,0,0,0,0,0,0,0,0,0,0,0,0,0,0,0,0,0,1,0,0
AS394576,0,0,0,0,0,0,1,0,1,0,0,0,0,0,0,0,0,0,0,0
AS394916,0,0,0,0,0,0,1,0,1,0,0,0,0,0,0,0,0,0,0,0
AS394993,0,0,0,0,0,0,1,0,1,0,0,0,0,0,0,0,0,0,0,0
AS395400,0,0,0,0,0,0,1,0,0,0,0,0,0,0,0,0,0,1,0,0
AS395537,1,0,0,0,0,0,0,0,0,0,0,0,0,0,0,0,0,0,0,0
AS395658,0,0,0,0,0,0,0,0,0,1,0,0,0,0,0,0,0,0,0,0
AS395664,0,0,0,0,0,0,0,0,0,0,0,0,0,0,0,1,0,0,0,0
AS396161,0,0,0,0,0,0,1,0,1,0,0,0,0,0,0,0,0,0,0,0
AS396192,0,0,0,0,0,0,1,0,1,0,0,0,0,0,0,0,0,0,0,0
AS396320,0,0,0,0,0,0,1,0,1,0,0,0,0,0,0,0,0,0,0,0
AS396389,0,0,0,0,0,0,1,0,1,0,0,0,0,0,0,0,0,0,0,0
AS397508,0,0,0,0,0,0,1,0,1,0,0,0,0,0,0,0,0,0,0,0
AS397585,0,0,0,0,1,0,0,0,0,0,0,0,0,0,0,0,0,0,0,0
AS397607,0,0,0,0,0,0,0,0,0,0,0,0,0,0,0,0,0,1,0,0
AS397795,0,0,0,0,1,0,0,0,0,0,0,0,0,0,0,0,0,0,0,0
AS398026,0,0,0,0,0,0,1,0,1,0,0,0,0,0,0,0,0,0,0,0
AS398062,0,0,0,0,0,0,1,0,1,0,0,0,0,0,0,0,0,0,0,0
AS398158,0,0,0,0,0,0,1,0,1,0,0,0,0,0,0,0,0,0,0,0
AS398846,0,0,0,0,1,0,0,0,0,0,0,0,0,0,0,0,0,0,0,0
AS399023,0,0,0,0,0,0,0,0,0,1,0,0,0,0,0,0,0,0,0,0
AS39909,0,0,0,0,0,0,1,0,0,0,0,0,0,0,0,1,0,0,0,0
AS399263,0,0,0,0,0,0,0,0,0,1,0,0,0,0,0,0,0,0,0,0
AS399561,0,0,0,0,0,0,0,0,0,0,0,0,0,1,0,0,1,0,0,0
AS400091,0,0,0,0,1,0,0,0,0,0,0,0,0,0,0,0,0,0,0,0
AS400390,0,0,0,0,1,0,0,0,0,0,0,0,0,0,0,0,0,0,0,0
AS400939,0,0,0,0,1,0,0,0,0,0,0,0,0,0,0,0,0,0,0,0
AS401201,0,0,0,0,0,0,1,0,1,0,0,0,0,0,0,0,0,0,0,0
AS401264,0,0,0,0,0,0,0,0,0,0,0,0,0,0,0,0,0,1,0,0
AS40565,0,0,0,0,1,0,0,0,0,0,0,0,0,0,0,0,0,0,0,0
AS40808,0,0,0,0,0,0,1,0,1,0,0,0,0,0,0,0,0,0,0,0
AS40959,0,0,0,0,0,0,1,0,1,0,0,0,0,0,0,0,0,0,0,0
AS41706,0,0,0,0,0,0,0,0,0,0,0,1,0,0,0,0,0,0,0,0
AS4201,0,0,0,0,0,0,0,0,0,0,0,0,0,0,0,0,0,1,0,0
AS42379,0,0,0,0,0,0,0,0,1,0,0,0,0,0,0,0,0,0,0,0
AS42556,0,0,0,0,0,0,0,0,1,0,0,0,0,0,0,0,0,0,0,0
AS43,0,0,0,0,0,0,1,0,0,0,0,0,0,0,0,1,0,0,0,0
AS43104,0,0,0,0,0,0,1,0,1,0,0,0,0,0,0,0,0,0,0,0
AS43355,0,0,0,0,0,0,0,0,1,0,0,0,0,0,0,0,0,0,0,0
AS43857,0,0,0,0,0,0,0,0,1,0,0,0,0,0,0,0,0,0,0,0
AS44,0,0,0,0,0,0,1,0,0,0,0,0,0,0,0,1,0,0,0,0
AS44139,0,0,0,0,0,0,0,0,1,0,0,0,0,0,0,0,0,0,0,0
AS44718,0,0,0,0,0,0,0,0,1,0,0,0,0,0,0,0,0,0,0,0
AS45220,0,0,0,0,1,0,0,0,0,0,0,0,0,0,0,0,0,0,0,0
AS45304,0,0,0,0,0,0,0,0,0,0,0,0,0,0,0,0,0,1,0,0
AS45379,0,0,0,0,0,0,1,0,0,0,0,0,0,0,0,1,0,1,0,0
AS45773,0,0,0,0,1,0,0,0,0,0,0,0,0,0,0,0,0,0,0,0
AS45937,0,0,0,0,0,0,0,0,1,0,0,0,0,0,0,0,0,0,0,0
AS45984,0,0,0,1,0,0,0,0,0,0,0,0,0,0,0,1,0,0,0,0
AS46293,0,0,0,0,1,0,0,0,0,1,0,0,0,0,0,0,0,0,0,0
AS46383,0,0,0,0,0,0,0,0,1,0,0,0,0,0,0,0,0,0,0,0
AS46839,0,0,0,0,0,0,0,0,0,0,0,0,0,1,0,0,0,0,0,0
AS47623,0,0,0,0,0,0,1,0,0,0,0,0,0,0,0,1,0,0,0,0
AS49,0,0,0,0,0,0,1,0,0,0,0,0,0,0,0,1,0,0,0,0
AS49205,0,0,0,0,0,0,0,0,0,0,0,1,0,0,0,0,0,0,0,0
AS50,0,0,0,0,0,0,1,0,0,1,0,0,0,0,0,1,0,0,0,0
AS50061,0,1,0,0,0,0,0,0,0,0,0,0,0,0,0,1,0,0,0,0
AS50248,0,0,0,0,0,0,0,0,1,0,0,0,0,0,0,0,0,0,0,0
AS50561,0,0,0,0,0,0,1,0,0,0,0,0,0,0,0,0,0,1,0,0
AS5080,0,0,0,0,0,0,0,0,0,1,0,1,0,0,0,0,0,0,0,0
AS5101,0,0,0,0,0,0,0,0,0,0,0,0,0,0,0,0,0,1,0,0
AS51090,0,0,0,0,1,0,0,0,0,0,0,0,0,0,0,0,0,0,0,0
AS51679,0,0,0,1,0,0,0,0,0,0,0,0,0,0,0,0,0,0,0,0
AS52243,0,0,0,0,1,0,0,0,0,0,0,0,0,0,0,0,0,0,0,0
AS52271,0,0,0,0,0,0,0,0,0,1,0,0,0,0,0,0,0,0,0,0
AS52295,0,0,0,0,0,0,0,0,0,1,0,0,0,0,0,0,0,0,0,0
AS52303,0,0,0,0,0,0,0,0,0,1,0,0,0,0,0,0,0,0,0,0
AS52314,0,0,0,0,0,0,0,0,0,0,0,0,0,0,0,0,0,1,0,0
AS52323,0,0,0,0,1,0,0,0,0,0,0,0,0,0,0,0,0,0,0,0
AS52348,0,0,0,0,0,0,0,0,0,1,0,0,0,0,0,0,0,0,0,0
AS52350,0,0,0,0,0,0,0,0,0,1,0,0,0,0,0,0,0,0,0,0
AS52357,0,0,0,0,0,0,0,0,0,0,0,1,0,0,0,0,0,0,0,0
AS52364,0,0,0,0,1,0,0,0,0,0,0,0,0,0,0,0,0,0,1,0
AS52372,0,0,0,0,0,0,0,0,0,1,0,0,0,0,0,0,0,0,0,0
AS52381,0,0,0,0,0,0,0,0,0,1,0,0,0,0,0,0,0,0,0,0
AS52383,0,0,0,0,0,0,0,0,0,1,0,0,0,0,0,0,0,0,0,0
AS52387,0,0,0,0,0,0,0,0,0,1,0,0,0,0,0,0,0,0,0,0
AS52432,0,0,0,0,0,0,0,0,0,1,0,0,0,0,0,0,0,0,0,0
AS52440,0,0,0,0,0,0,1,0,0,0,0,0,0,0,0,0,0,1,0,0
AS52447,0,0,0,0,1,0,0,0,0,0,0,0,0,0,0,0,0,0,0,0
AS52473,0,0,0,0,1,0,0,0,0,0,0,0,0,0,0,0,0,0,0,0
AS52474,0,0,0,0,0,0,0,0,0,1,0,0,0,0,0,0,0,0,0,0
AS52486,0,0,0,0,0,0,0,0,0,1,0,0,0,0,0,0,0,0,0,0
AS52490,0,0,0,0,0,0,0,0,0,1,0,0,0,0,0,0,0,0,0,0
AS52491,0,0,0,0,0,0,0,0,0,1,0,0,0,0,0,0,0,0,0,0
AS52496,0,0,0,0,1,0,0,0,0,1,0,0,0,0,0,0,0,0,0,0
AS53296,0,0,0,0,0,0,0,0,0,0,0,0,0,0,0,0,0,1,0,0
AS53357,0,0,0,0,0,0,0,0,0,0,0,0,0,0,0,0,0,1,0,0
AS53399,0,0,0,0,0,0,0,0,0,0,0,0,0,0,0,0,0,1,0,0
AS53406,0,0,0,0,0,0,0,0,0,0,0,0,0,0,0,0,0,1,0,0
AS53421,0,0,0,0,0,0,0,0,0,0,0,0,0,0,0,0,0,1,0,0
AS53446,0,0,0,1,0,0,0,0,0,0,0,0,0,0,0,0,0,1,0,0
AS53459,0,0,0,0,1,0,0,0,0,0,0,0,0,0,0,0,0,0,0,0
AS53469,0,0,0,0,0,0,0,0,0,0,0,0,0,0,0,0,0,1,0,0
AS53518,0,0,0,0,1,0,0,0,0,0,0,0,0,0,0,0,0,0,0,0
AS53622,0,0,0,0,0,0,0,0,0,0,0,0,0,0,0,0,0,1,0,0
AS53631,0,0,0,0,0,0,0,0,0,0,0,0,0,0,0,0,0,1,0,0
AS53642,0,0,0,0,0,0,0,0,0,0,0,0,0,0,0,0,0,1,0,0
AS53643,0,0,0,0,0,0,0,0,0,0,0,0,0,0,0,0,0,1,0,0
AS53648,0,0,0,0,0,0,0,0,0,0,0,0,0,0,0,0,0,1,0,0
AS53772,0,0,0,0,0,0,0,0,0,0,0,0,0,0,0,0,0,1,0,0
AS53777,0,0,0,0,0,0,0,0,0,0,0,0,0,0,0,0,0,1,0,0
AS53906,0,0,0,0,0,0,0,0,0,0,0,0,0,0,0,0,0,1,0,0
AS53949,0,0,0,0,1,0,0,0,0,0,0,0,0,0,0,0,0,0,0,0
AS54060,0,0,0,0,0,0,0,0,0,0,0,0,0,0,0,0,0,1,0,0
AS54153,0,0,0,0,0,0,1,0,1,0,0,0,0,0,0,0,0,0,0,0
AS54192,0,0,0,0,0,0,0,0,0,0,0,0,0,0,0,0,0,1,0,0
AS54248,0,0,0,0,0,0,0,0,0,0,0,0,0,0,0,0,0,1,0,0
AS54304,0,0,0,0,0,0,0,0,0,0,0,0,0,0,0,0,0,1,0,0
AS54397,0,0,0,0,0,0,0,0,0,0,0,0,0,0,0,0,0,1,0,0
AS54436,0,0,0,0,0,0,0,0,0,0,0,0,0,0,0,0,0,1,0,0
AS54443,0,0,0,0,0,0,0,0,0,0,0,0,0,0,0,0,0,1,0,0
AS54453,0,0,0,0,0,0,0,0,0,0,0,0,0,0,0,0,0,1,0,0
AS54520,0,0,0,0,0,0,0,0,0,0,0,0,0,0,0,0,0,1,0,0
AS54556,0,0,0,0,0,0,0,0,0,0,0,0,0,0,0,0,0,1,0,0
AS54583,0,0,0,1,0,0,0,0,0,0,0,0,0,0,0,1,0,1,0,0
AS54772,0,0,0,0,0,0,0,0,0,0,0,0,0,0,0,0,0,1,0,0
AS54776,0,0,0,0,0,0,0,0,0,0,0,0,0,0,0,0,0,1,0,0
AS54925,0,0,0,0,0,0,0,0,0,0,0,0,0,0,0,0,0,1,0,0
AS54933,0,0,0,0,0,0,0,0,0,0,0,0,0,0,0,0,0,1,0,0
AS5495,0,0,0,0,0,0,0,0,0,0,0,0,0,0,0,0,0,1,0,0
AS55027,0,0,0,0,0,0,0,0,0,0,0,0,0,0,0,0,0,1,0,0
AS55133,0,0,0,0,0,0,0,0,0,0,0,0,0,0,0,0,0,1,0,0
AS55206,0,0,0,0,0,0,0,0,0,0,0,0,0,0,0,0,0,1,0,0
AS55260,0,0,0,0,0,0,0,0,0,0,0,0,0,0,0,0,0,1,0,0
AS55268,0,0,0,0,0,0,0,0,0,0,0,0,0,0,0,0,0,1,0,0
AS55304,0,0,0,0,0,0,0,0,1,0,0,0,0,0,0,0,0,0,0,0
AS55439,0,0,0,0,1,0,0,0,0,0,0,0,0,0,0,0,0,0,0,0
AS55440,0,0,0,0,1,0,0,0,0,0,0,0,0,0,0,0,0,0,0,0
AS55616,0,0,0,0,0,0,0,0,0,0,0,0,0,0,0,1,0,1,0,0
AS55620,0,0,0,0,0,0,1,0,0,0,0,1,0,0,0,0,0,0,0,0
AS55656,0,0,0,0,0,0,1,0,1,0,0,0,0,0,0,0,0,0,0,0
AS55680,0,0,0,0,1,0,0,0,0,0,0,0,0,0,0,0,0,1,0,0
AS557,0,0,0,0,0,0,0,0,0,0,0,0,0,0,0,0,0,1,0,0
AS55813,0,0,0,1,0,0,0,0,0,0,0,0,0,0,0,0,0,1,0,0
AS55824,0,0,0,0,1,0,0,0,0,0,0,0,0,0,0,0,0,1,0,0
AS55887,0,0,0,0,0,0,0,0,0,0,0,0,0,0,0,0,0,1,0,0
AS559,0,0,0,0,1,0,0,0,0,0,0,0,0,0,0,0,0,1,0,0
AS55971,0,0,0,0,0,0,1,0,0,0,0,0,0,0,0,1,0,1,0,0
AS56056,0,0,0,0,0,0,0,0,0,0,0,0,0,0,0,0,0,1,0,0
AS56408,0,0,0,0,0,0,0,0,1,0,0,0,0,0,0,0,0,0,0,0
AS56810,0,0,0,0,0,0,0,0,1,0,0,0,0,0,0,0,0,0,0,0
AS56854,0,0,0,0,0,0,0,0,1,0,0,0,0,0,0,0,0,0,0,0
AS5724,0,0,0,1,0,0,0,0,0,0,0,0,0,0,0,0,0,1,0,0
AS57473,0,0,0,0,1,0,1,0,0,0,0,0,0,0,0,0,0,1,0,0
AS57580,0,0,0,0,0,0,1,0,0,0,0,0,0,0,0,0,0,1,0,0
AS57884,0,0,0,0,0,0,0,0,1,0,0,0,0,0,0,0,0,0,0,0
AS58094,0,0,0,0,0,0,0,0,1,0,0,0,0,0,0,0,0,0,0,0
AS58406,0,0,0,0,1,0,0,0,0,0,0,0,0,0,0,0,0,0,0,0
AS58706,0,0,0,0,0,0,0,0,0,0,0,0,0,0,0,0,0,1,0,0
AS58894,0,0,0,0,0,1,0,0,0,0,0,0,0,0,0,1,0,0,0,0
AS59202,0,0,0,0,0,0,0,0,0,0,0,0,0,0,0,0,0,1,0,0
AS59654,0,0,0,0,0,0,1,0,0,1,0,0,0,0,0,0,0,0,0,0
AS60185,0,0,0,0,0,0,0,0,0,0,0,1,0,0,0,0,0,0,0,0
AS60382,0,0,0,0,0,0,0,0,0,0,0,0,0,0,0,0,0,1,0,0
AS60990,0,0,0,0,0,0,1,0,1,0,0,0,0,0,0,0,0,0,0,0
AS6112,0,0,0,0,0,0,0,0,0,0,0,0,0,0,0,0,0,1,0,0
AS61447,0,0,0,0,1,0,0,0,0,0,0,0,0,0,0,1,0,0,0,0
AS61455,0,0,0,0,1,0,0,0,0,0,0,0,0,0,0,0,0,0,0,0
AS61456,0,0,0,0,0,0,0,0,0,0,1,0,0,0,0,0,0,0,0,0
AS61476,0,0,0,0,0,0,0,0,0,0,0,0,0,0,0,0,0,1,0,0
AS61481,0,0,0,0,0,0,0,0,0,1,0,0,0,0,0,0,0,0,0,0
AS61486,0,0,0,0,0,0,0,0,0,0,0,0,0,0,0,0,0,1,0,0
AS61487,0,0,0,0,1,0,0,0,0,1,0,0,0,0,0,0,0,0,0,0
AS61496,0,0,0,0,0,0,0,0,0,0,0,0,0,0,0,0,0,1,0,0
AS61499,0,1,0,0,0,0,0,0,0,0,0,0,0,0,0,0,0,0,0,0
AS6150,0,0,0,1,0,0,1,0,0,0,0,0,0,0,0,1,0,0,0,0
AS61510,0,0,0,0,1,0,0,0,0,0,0,0,0,0,0,0,0,0,0,0
AS6168,0,0,0,0,0,0,1,0,1,0,0,0,0,0,0,0,0,0,0,0
AS61721,0,0,0,0,0,1,0,0,0,0,0,1,0,0,0,0,0,0,0,0
AS61881,0,0,0,1,0,0,0,0,0,0,0,0,0,0,0,0,0,0,0,0
AS6192,0,0,0,0,0,0,0,0,0,0,0,0,0,0,0,0,0,1,0,0
AS62509,0,0,0,0,0,0,0,0,0,0,0,0,0,0,0,0,0,1,0,0
AS62510,0,0,0,0,0,0,0,0,0,0,0,0,0,0,0,0,0,1,0,0
AS62546,0,0,0,0,0,0,0,0,0,0,0,0,0,0,0,0,0,1,0,0
AS62552,0,0,0,0,0,0,0,0,0,0,0,0,0,0,0,0,0,1,0,0
AS62558,0,0,0,0,0,0,0,0,0,0,0,0,0,0,0,0,0,1,0,0
AS62677,0,0,0,0,0,0,0,0,0,0,0,0,0,0,0,0,0,1,0,0
AS62678,0,0,0,0,0,0,0,0,0,0,0,0,0,0,0,0,0,1,0,0
AS62705,0,0,0,0,0,0,0,0,0,0,0,0,0,0,0,0,0,1,0,0
AS62718,0,0,0,0,0,0,0,0,0,0,0,0,0,0,0,0,0,1,0,0
AS62757,0,0,0,0,0,0,0,0,0,0,0,0,0,0,0,0,0,1,0,0
AS62867,0,0,0,0,0,0,0,0,0,0,0,0,0,0,0,0,0,1,0,0
AS62894,0,0,0,0,0,0,0,0,0,0,0,0,0,0,0,0,0,1,0,0
AS62999,0,0,0,0,0,0,0,0,0,0,0,0,0,0,0,0,0,1,0,0
AS63036,0,0,0,0,0,0,0,0,0,0,0,0,0,0,0,0,0,1,0,0
AS63171,0,0,0,0,0,0,0,0,0,0,0,0,0,0,0,0,0,1,0,0
AS63205,0,0,0,0,0,0,0,0,0,0,0,0,0,0,0,0,0,1,0,0
AS63312,0,0,0,0,0,0,0,0,0,0,0,0,0,0,0,0,0,1,0,0
AS63324,0,0,0,0,0,0,1,0,1,0,0,0,0,0,0,0,0,0,0,0
AS63359,0,0,0,0,0,0,0,0,0,0,0,0,0,0,0,0,0,1,0,0
AS63398,0,0,0,0,0,0,0,0,0,0,0,0,0,0,0,0,0,1,0,0
AS63400,0,0,0,0,0,0,0,0,0,0,0,0,0,0,0,0,0,1,0,0
AS63419,0,0,0,0,0,0,0,0,0,0,0,0,0,0,0,0,0,1,0,0
AS6360,0,0,0,0,0,0,0,0,0,0,0,0,0,0,0,0,0,1,0,0
AS6377,0,0,0,0,0,0,0,0,0,0,0,0,0,0,0,0,0,1,0,0
AS63778,0,0,0,0,1,0,0,0,0,0,0,0,0,0,0,1,0,0,0,0
AS63791,0,0,0,0,1,0,0,0,0,0,0,0,0,0,0,0,0,0,0,0
AS63796,0,0,0,0,0,0,0,0,0,0,0,0,0,0,0,1,0,0,0,0
AS63932,0,0,0,0,1,0,1,0,0,0,0,0,0,0,0,0,0,0,0,0
AS64117,0,0,0,0,0,0,0,0,0,1,0,0,0,0,0,0,0,0,0,0
AS64238,0,0,0,0,1,0,0,0,0,0,0,0,0,0,0,1,0,0,0,0
AS6509,0,0,0,0,1,0,0,0,0,0,0,0,0,0,0,0,0,1,0,0
AS6629,0,0,0,0,0,0,1,0,0,0,0,0,0,0,0,1,0,0,0,0
AS6642,0,0,0,0,0,0,0,0,0,0,0,0,0,0,0,0,0,1,0,0
AS68,0,0,0,0,0,0,1,0,0,0,0,0,0,0,0,1,0,0,0,0
AS680,0,0,0,0,0,0,1,0,0,0,0,0,0,0,0,0,0,1,0,0
AS6801,0,0,0,0,0,0,1,0,0,0,0,0,0,0,0,1,0,0,0,0
AS6975,0,0,0,0,0,0,0,0,0,0,0,0,0,0,0,0,0,1,0,0
AS7276,0,0,0,0,0,0,0,0,0,0,0,0,0,0,0,0,0,1,0,0
AS7382,0,0,0,0,0,0,0,0,0,1,0,0,0,0,0,0,0,0,0,0
AS7386,0,0,0,0,0,0,0,0,0,0,0,0,0,0,0,0,0,1,0,0
AS7497,0,0,0,0,1,0,1,0,0,0,0,0,0,0,0,1,0,0,0,0
AS7502,0,0,0,0,0,0,0,0,0,0,0,0,0,0,0,1,0,0,0,0
AS7575,0,0,0,0,1,0,1,0,0,0,0,0,0,0,0,1,0,0,0,0
AS7590,0,0,0,0,0,0,1,0,0,0,0,0,0,0,0,1,0,0,0,0
AS766,0,0,0,0,0,0,1,0,0,0,0,0,0,0,0,0,0,1,0,0
AS7764,0,0,0,0,0,0,1,0,0,0,0,0,0,0,0,1,0,0,0,0
AS786,0,0,0,0,1,0,1,0,0,0,0,0,0,0,0,0,0,0,0,0
AS7872,0,0,0,0,0,0,1,0,0,0,0,0,0,0,0,1,0,0,0,0
AS7896,0,0,0,0,0,0,0,0,0,0,0,0,0,0,0,0,0,1,0,0
AS7968,0,0,0,0,0,0,0,0,0,0,0,0,0,0,0,0,0,1,0,0
AS7970,0,0,0,0,0,0,0,0,0,0,0,0,0,0,0,0,0,1,0,0
AS8150,0,0,0,0,0,0,0,0,0,0,0,0,0,0,0,0,0,1,0,0
AS8286,0,0,0,0,1,0,0,0,0,0,0,0,0,0,0,1,0,1,0,0
AS8308,0,0,0,0,1,0,0,0,0,0,0,0,0,0,0,1,0,0,0,0
AS8315,0,0,0,0,0,0,0,0,0,0,0,0,0,0,0,1,1,0,0,0
AS8517,0,0,0,0,1,0,1,0,0,0,0,0,0,0,0,1,0,0,0,0
AS87,0,0,0,0,0,0,0,0,0,0,0,0,0,0,0,0,0,1,0,0
AS8763,0,0,0,0,1,0,0,0,0,0,0,0,0,0,0,0,0,0,0,0
AS890,0,0,0,0,0,0,0,0,0,0,0,0,0,0,0,0,0,1,0,0
AS9112,0,0,0,0,0,0,0,0,0,0,0,0,0,0,0,1,0,0,0,0
AS9403,0,0,0,0,0,0,1,0,0,0,0,0,0,0,0,1,0,0,0,0
AS9489,0,0,0,0,0,0,1,0,0,0,0,0,0,0,0,1,0,0,0,0
AS9638,0,0,0,0,0,0,0,0,0,0,1,0,0,0,0,0,0,0,0,0
AS9706,0,0,0,0,0,0,1,0,0,0,0,0,0,0,0,1,0,1,0,0
AS9970,0,0,0,0,0,0,0,0,0,0,0,0,0,0,0,0,0,1,0,0
AS33050,0,0,0,0,0,0,0,0,0,0,0,0,0,0,1,0,0,0,0,0
AS134165,0,0,0,0,0,0,0,0,0,0,0,0,0,0,1,0,0,0,0,0
AS134167,0,0,0,0,0,0,0,0,0,0,0,0,0,0,1,0,0,0,0,0
AS137268,0,0,0,0,0,0,0,0,0,0,0,0,0,0,1,0,0,0,0,0
AS139352,0,0,0,0,0,0,0,0,0,0,0,0,0,0,1,0,0,0,0,0
AS17140,0,0,0,0,0,0,0,0,0,0,0,0,0,0,1,0,0,0,0,0
AS202455,0,0,0,0,0,0,0,0,0,0,0,0,0,0,1,0,0,0,0,0
AS202459,0,0,0,0,0,0,0,0,0,0,0,0,0,0,1,0,0,0,0,0
AS214314,0,0,0,0,0,0,0,0,0,0,0,0,0,0,1,0,0,0,0,0
AS214315,0,0,0,0,0,0,0,0,0,0,0,0,0,0,1,0,0,0,0,0
AS393958,0,0,0,0,0,0,0,0,0,0,0,0,0,0,1,0,0,0,0,0
AS45347,0,0,0,0,0,0,0,0,0,0,0,0,0,0,1,0,0,0,0,0
AS55030,0,0,0,0,0,0,0,0,0,0,0,0,0,0,1,0,0,0,0,0
AS22495,0,0,0,0,0,0,0,0,0,0,0,0,0,0,1,0,0,0,0,0
AS2615,0,0,0,0,0,0,0,0,0,0,0,0,1,0,0,0,0,0,0,0
AS196972,0,0,0,0,0,0,0,0,0,0,0,0,1,0,0,0,0,0,0,0
AS39052,0,0,0,0,0,0,0,0,0,0,0,0,1,0,0,0,0,0,0,0
AS397695,0,0,0,0,0,0,0,0,0,0,0,0,1,0,0,0,0,0,0,0
AS398577,0,0,0,0,0,0,0,0,0,0,0,0,1,0,0,0,0,0,0,0
AS398642,0,0,0,0,0,0,0,0,0,0,0,0,1,0,0,0,0,0,0,0
AS42924,0,0,0,0,0,0,0,0,0,0,0,0,1,0,0,0,0,0,0,0
AS208960,0,0,0,0,0,0,0,0,0,0,0,0,1,0,0,0,0,0,0,0
AS212179,0,0,0,0,0,0,0,0,0,0,0,0,1,0,0,0,0,0,0,0
AS54554,0,0,0,0,0,0,0,0,0,0,0,0,1,0,0,0,0,0,0,0
AS55028,0,0,0,0,0,0,0,0,0,0,0,0,1,0,0,0,0,0,0,0
AS394766,0,0,0,0,0,0,0,0,0,0,0,0,1,0,0,0,0,0,0,0
AS22326,0,0,0,0,0,0,0,0,0,0,0,0,1,0,0,0,0,0,0,0
AS40631,0,0,0,0,0,0,0,0,0,0,0,0,1,0,0,0,0,0,0,0
AS397912,0,0,0,0,0,0,0,0,0,0,1,0,0,0,0,0,0,0,0,0
AS10968,0,0,0,0,0,0,0,0,0,0,1,0,0,0,0,0,0,0,0,0
AS137476,0,0,0,0,0,0,0,0,0,0,1,0,0,0,0,0,0,0,0,0
AS141469,0,0,0,0,0,0,0,0,0,0,1,0,0,0,0,0,0,0,0,0
AS32246,0,0,0,0,0,0,0,0,0,0,1,0,0,0,0,0,0,0,0,0
AS265353,0,0,0,0,0,0,0,0,0,0,1,0,0,0,0,0,0,0,0,0
AS40203,0,0,0,0,0,0,0,0,0,0,1,0,0,0,0,0,0,0,0,0
AS395556,0,0,0,0,0,0,0,0,0,0,1,0,0,0,0,0,0,0,0,0
AS40492,0,0,0,0,0,0,0,0,0,0,1,0,0,0,0,0,0,0,0,0
AS63244,0,0,0,0,0,0,0,0,0,0,1,0,0,0,0,0,0,0,0,0
AS10987,0,0,0,0,0,0,0,0,0,0,1,0,0,0,0,0,0,0,0,0
AS16486,0,0,0,0,0,0,0,0,0,0,1,0,0,0,0,0,0,0,0,0
AS22546,0,0,0,0,0,0,0,0,0,0,1,0,0,0,0,0,0,0,0,0
AS46498,0,0,0,0,0,0,0,0,0,0,1,0,0,0,0,0,0,0,0,0
AS12280,0,0,0,0,0,0,0,0,0,0,1,0,0,0,0,0,0,0,0,0
AS26429,0,0,0,0,0,0,0,0,0,0,1,0,0,0,0,0,0,0,0,0
AS43996,0,0,0,0,0,0,0,0,0,0,0,0,0,1,0,0,0,0,0,0
AS54229,0,0,0,0,0,0,0,0,0,0,0,0,0,1,0,0,0,0,0,0
AS62638,0,0,0,0,0,0,0,0,0,0,0,0,0,1,0,0,0,0,0,0
AS394692,0,0,0,0,0,0,0,0,0,0,0,0,0,1,0,0,0,0,0,0
AS46444,0,0,0,0,0,0,0,0,0,0,0,0,0,1,0,0,0,0,0,0
AS53290,0,0,0,0,0,0,0,0,0,0,0,0,0,1,0,0,0,0,0,0
AS54766,0,0,0,0,0,0,0,0,0,0,0,0,0,1,0,0,0,0,0,0
AS396013,0,0,0,0,0,0,0,0,0,0,0,0,0,1,0,0,0,0,0,0
AS398548,0,0,0,0,0,0,0,0,0,0,0,0,0,1,0,0,0,0,0,0
AS62566,0,0,0,0,0,0,0,0,0,0,0,0,0,1,0,0,0,0,0,0
AS394268,0,0,0,0,0,0,0,0,0,0,0,0,0,1,0,0,0,0,0,0
AS214152,0,0,0,0,0,0,0,0,0,0,0,0,0,1,0,0,0,0,0,0
AS10360,0,0,0,0,0,0,0,0,0,0,0,0,0,0,0,0,0,0,1,0
AS26189,0,0,0,0,0,0,0,0,0,0,0,0,0,0,0,0,0,0,1,0
AS40292,0,0,0,0,0,0,0,0,0,0,0,0,0,0,0,0,0,0,1,0
AS207122,0,0,0,0,0,0,0,0,0,0,0,0,0,0,0,0,0,0,1,0
AS30141,0,0,0,0,0,0,0,0,0,0,0,0,0,0,0,0,0,0,1,0
AS14907,0,0,0,0,0,0,0,0,0,0,0,0,0,0,0,0,0,0,1,0
AS26812,0,0,0,0,0,0,0,0,0,0,0,0,0,0,0,0,0,0,1,0
AS22813,0,0,0,0,0,0,0,0,0,0,0,0,0,0,0,0,0,0,1,0
AS8978,0,0,0,0,0,0,0,0,0,0,0,0,0,0,0,0,0,0,1,0
AS140672,0,0,0,0,0,0,0,0,0,0,0,0,0,0,0,0,0,0,1,0
AS196744,0,0,0,0,0,0,0,0,0,0,0,0,0,0,0,0,1,0,0,0
AS19559,0,0,0,0,0,0,0,0,0,0,0,0,0,0,0,0,1,0,0,0
AS24109,0,0,0,0,0,0,0,0,0,0,0,0,0,0,0,0,1,0,0,0
AS210897,0,0,0,0,0,0,0,0,0,0,0,0,0,0,0,0,1,0,0,0
AS17466,0,0,0,0,0,0,0,0,0,0,0,0,0,0,0,0,1,0,0,0
AS17817,0,0,0,0,0,0,0,0,0,0,0,0,0,0,0,0,1,0,0,0
AS204642,0,0,0,0,0,0,0,0,0,0,0,0,0,0,0,0,1,0,0,0
AS51415,0,0,0,0,0,0,0,0,0,0,0,0,0,0,0,0,1,0,0,0
AS54018,0,0,0,0,0,0,0,0,0,0,0,0,0,0,0,0,1,0,0,0
AS43996,0,0,0,0,0,0,0,0,0,0,0,0,0,0,0,0,1,0,0,0
AS22723,0,0,0,0,0,0,0,0,0,0,0,0,0,0,0,0,0,0,0,1
AS28839,0,0,0,0,0,0,0,0,0,0,0,0,0,0,0,0,0,0,0,1
AS205451,0,0,0,0,0,0,0,0,0,0,0,0,0,0,0,0,0,0,0,1
AS25998,0,0,0,0,0,0,0,0,0,0,0,0,0,0,0,0,0,0,0,1
AS11309,0,0,0,0,0,0,0,0,0,0,0,0,0,0,0,0,0,0,0,1
AS28810,0,0,0,0,0,0,0,0,0,0,0,0,0,0,0,0,0,0,0,1
AS1837,0,0,0,0,0,0,0,0,0,0,0,0,0,0,0,0,0,0,0,1
AS197925,0,0,0,0,0,0,0,0,0,0,0,0,0,0,0,0,0,0,0,1
AS43375,0,0,0,0,0,0,0,0,0,0,0,0,0,0,0,0,0,0,0,1
AS58131,0,0,0,0,0,0,0,0,0,0,0,0,0,0,0,0,0,0,0,1
